time,V(n001),V(n009),V(vin1),V(vin2),V(n002),V(n012),V(vz),V(n004),V(n013),V(n005),V(n008),V(n007),V(n006),V(n011),V(n003),V(vout),V(n010),I(D1),I(D2),I(Rf),I(Rb),I(R3),I(R4),I(Rin),I(Rf2),I(R5),I(R6),I(R_weight1),I(R_weight2),I(Vcc),I(Vee),I(V1),I(V2),I(Vbias),I(Vref),Ix(input_buffer_1:1),Ix(input_buffer_1:2),Ix(input_buffer_1:3),Ix(input_buffer_1:4),Ix(input_buffer_1:5),Ix(input_buffer_2:1),Ix(input_buffer_2:2),Ix(input_buffer_2:3),Ix(input_buffer_2:4),Ix(input_buffer_2:5),Ix(weighted_sum:1),Ix(weighted_sum:2),Ix(weighted_sum:3),Ix(weighted_sum:4),Ix(weighted_sum:5),Ix(gain_stage:1),Ix(gain_stage:2),Ix(gain_stage:3),Ix(gain_stage:4),Ix(gain_stage:5),Ix(activation:1),Ix(activation:2),Ix(activation:3),Ix(activation:4),Ix(activation:5),Ix(limiter:1),Ix(limiter:2),Ix(limiter:3),Ix(limiter:4),Ix(limiter:5),Ix(output_stage:1),Ix(output_stage:2),Ix(output_stage:3),Ix(output_stage:4),Ix(output_stage:5)
0.0,0.0,0.0,0.0,0.0,0.0,0.0,0.0,0.0,0.0,0.0,0.0,0.0,0.0,0.0,0.0,0.0,0.0,0.0,0.0,0.0,0.0,0.0,0.0,0.0,0.0,0.0,0.0,0.0,0.0,5.0,-5.0,0.0,0.0,2.0,-1.4,0.0,0.0,0.0,0.0,0.0,0.0,0.0,0.0,0.0,0.0,0.0,0.0,0.0,0.0,0.0,0.0,0.0,0.0,0.0,0.0,0.0,0.0,0.0,0.0,0.0,0.0,0.0,0.0,0.0,0.0,0.0,0.0,0.0,0.0,0.0
9.765624940649698e-12,5.0,-5.0,9.765625e-06,0.0,0.122176275,0.122176275,0.122176245,0.5896902,2.0,0.12206169,0.12211775,0.12206167,0.122060895,0.12206167,0.12206004,0.12206168,-1.4,-2.2577717e-18,2.2578114e-18,-2.3375698e-05,7.012828e-05,-5.8494405e-09,-5.605205e-09,-7.999626e-11,1.6412553e-10,-1.6270678e-10,8.14133e-11,-2.3375698e-05,-2.3375698e-05,-1.8597704,1.8598406,-1.953125e-14,0.0,0.0076742023,-0.0054210285,1.953125e-14,2.4435254e-10,0.26844063,-0.26846403,2.3375453e-05,0.0,2.4435254e-10,0.26844063,-0.26846403,2.3375453e-05,0.0,1.1793805e-09,0.26844063,-0.26846403,2.3369605e-05,0.0,2.442355e-10,0.26845232,-0.26845235,5.525203e-09,0.0,2.4412178e-10,0.26845232,-0.26845232,-3.2682967e-10,0.0,2.4412009e-10,0.26845232,-0.26845232,-8.141289e-11,2.4435248e-10,-2.789158e-09,0.26845232,-0.26845232,-8.8981785e-15
9.841843431662953e-12,5.0,-5.0,9.841843e-06,0.0,0.12312983,0.12312983,0.1231298,0.5923414,2.0,0.12301436,0.12307085,0.12301433,0.123013556,0.12301433,0.12301269,0.12301434,-1.4,-2.2753931e-18,2.2754335e-18,-2.3460581e-05,7.038293e-05,-5.895075e-09,-5.6489338e-09,-8.0620705e-11,1.654064e-10,-1.6397667e-10,8.2048715e-11,-2.3460581e-05,-2.3460581e-05,-1.2821367,1.2822071,-1.9683687e-14,0.0,-7.038293e-05,2.8e-09,1.9683687e-14,2.4625965e-10,0.18315567,-0.18317914,2.3460334e-05,0.0,2.4625965e-10,0.18315567,-0.18317914,2.3460334e-05,0.0,1.1846829e-09,0.18315567,-0.18317914,2.345444e-05,0.0,2.461417e-10,0.1831674,-0.18316741,5.5683103e-09,0.0,2.4602712e-10,0.1831674,-0.1831674,-3.2938138e-10,0.0,2.4602537e-10,0.1831674,-0.1831674,-8.204999e-11,2.462596e-10,-2.8e-09,0.1831674,-0.1831674,-1.20939136e-14
9.994280413689463e-12,5.0,-5.0,9.994281e-06,0.0,0.12503694,0.12503694,0.12503691,0.59377176,2.0,0.12491968,0.124977045,0.12491965,0.12491886,0.12491965,0.12491799,0.12491967,-1.4,-2.3106364e-18,2.3106778e-18,-2.3436742e-05,7.031141e-05,-5.986252e-09,-5.7362977e-09,-8.187008e-11,1.6796765e-10,-1.6651643e-10,8.331955e-11,-2.3436742e-05,-2.3436742e-05,-0.087469995,0.087540336,-1.9988561e-14,0.0,-7.031141e-05,2.8e-09,1.9988561e-14,2.5007388e-10,0.012489017,-0.0125124585,2.343649e-05,0.0,2.5007388e-10,0.012489017,-0.0125124585,2.343649e-05,0.0,1.1875435e-09,0.012489019,-0.012512456,2.3430506e-05,0.0,2.4995409e-10,0.012500732,-0.012500743,5.6544325e-09,0.0,2.4983773e-10,0.012500735,-0.012500741,-3.3448458e-10,0.0,2.4983599e-10,0.012500735,-0.012500741,-8.332518e-11,2.5007382e-10,-2.8e-09,0.012500737,-0.012500739,-1.7132707e-14
1.471982685651126e-11,5.0,-5.0,1.4719827e-05,0.0,0.18402702,0.18402702,0.18402675,0.63801384,2.0,0.18385664,0.18393986,0.18385658,0.18385541,0.18385659,0.18385413,0.18385834,-1.4,-3.4009384e-18,3.401031e-18,-2.2699352e-05,6.809931e-05,-8.690077e-09,-8.322197e-09,-1.207547e-10,2.4695615e-10,-2.4507277e-10,1.2263549e-10,-2.269934e-05,-2.269934e-05,-0.087282896,0.08735103,-2.9439653e-14,0.0,-6.809931e-05,2.8e-09,2.9439653e-14,3.68054e-10,0.012462318,-0.012485022,2.2698972e-05,0.0,3.68054e-10,0.012462318,-0.012485022,2.2698972e-05,0.0,1.2760276e-09,0.012462278,-0.012484974,2.2690294e-05,0.0,3.678797e-10,0.012473901,-0.012473915,8.201437e-09,0.0,3.6771086e-10,0.012473905,-0.01247391,-4.9202775e-10,0.0,3.6770825e-10,0.012473905,-0.01247391,-1.2263342e-10,3.680535e-10,-2.8e-09,0.012474274,-0.012474277,9.026196e-15
1.9445373299333056e-11,5.0,-5.0,1.9445373e-05,0.0,0.24176075,0.24176075,0.24175833,0.68131316,2.0,0.24155027,0.24165188,0.24155019,0.24154866,0.24155019,0.24154699,0.24157065,-1.4,-4.4684024e-18,4.4685666e-18,-2.197774e-05,6.593434e-05,-1.0645212e-08,-1.0161908e-08,-1.5889356e-10,3.2420377e-10,-3.2196568e-10,1.6112828e-10,-2.197762e-05,-2.197762e-05,-0.085330546,0.08539651,-3.8890745e-14,0.0,-6.593434e-05,2.8e-09,3.8890745e-14,4.835215e-10,0.012181741,-0.012203723,2.1977137e-05,0.0,4.835215e-10,0.012181741,-0.012203723,2.1977137e-05,0.0,1.3626262e-09,0.012181267,-0.01220324,2.196661e-05,0.0,4.8330373e-10,0.012195401,-0.012195416,1.0002951e-08,0.0,4.8309734e-10,0.012195407,-0.012195412,-6.4616956e-10,0.0,4.8309395e-10,0.012195407,-0.012195412,-1.6112842e-10,4.8351667e-10,-2.8e-09,0.012199585,-0.012199588,1.1564823e-17
2.920134014902967e-11,5.0,-5.0,2.9201341e-05,0.0,0.33734027,0.33734024,0.33732548,0.75299394,2.0,0.33710456,0.33721164,0.33710447,0.33710232,0.33710447,0.33709997,0.33724958,-1.4,-6.236529e-18,6.236847e-18,-2.0783424e-05,6.23503e-05,-1.1384426e-08,-1.0710003e-08,-2.2092055e-10,4.5328413e-10,-4.4931234e-10,2.248876e-10,-2.0782685e-05,-2.0782685e-05,-0.067671366,0.06773375,-5.840268e-14,0.0,-6.23503e-05,2.8e-09,5.840268e-14,6.746805e-10,0.009654423,-0.00967521,2.0782012e-05,0.0,6.746805e-10,0.009654423,-0.00967521,2.0782012e-05,0.0,1.5059879e-09,0.0096529545,-0.009673732,2.0771366e-05,0.0,6.744233e-10,0.009673781,-0.009673797,1.0488922e-08,0.0,6.742047e-10,0.009673792,-0.009673797,-9.025969e-10,0.0,6.741999e-10,0.009673791,-0.009673797,-2.2488757e-10,6.74651e-10,-2.8e-09,0.0096881995,-0.009688203,-2.4857143e-16
4.8713273848422896e-11,5.0,-5.0,4.8713275e-05,0.0,0.43486345,0.43486345,0.43482554,0.82612985,2.0,0.43462417,0.4347205,0.43462408,0.4346213,0.43462408,0.4346183,0.43509784,-1.4,-8.042459e-18,8.04297e-18,-1.9565216e-05,5.869351e-05,-1.0503442e-08,-9.634001e-09,-2.8350897e-10,5.857337e-10,-5.792259e-10,2.9001065e-10,-1.956332e-05,-1.956332e-05,-0.028520904,0.02857963,-9.742655e-14,0.0,-5.8693506e-05,2.8e-09,9.742655e-14,8.697269e-10,0.00406166,-0.0040812283,1.9562449e-05,0.0,8.697269e-10,0.00406166,-0.004081228,1.9562449e-05,0.0,1.6522597e-09,0.004060513,-0.0040800734,1.9553841e-05,0.0,8.6944096e-10,0.004080405,-0.00408042,9.350449e-09,0.0,8.692426e-10,0.0040804152,-0.00408042,-1.16496e-09,0.0,8.6923657e-10,0.0040804143,-0.00408042,-2.9001065e-10,8.696511e-10,-2.8e-09,0.0040958375,-0.0040958407,-3.6043257e-17
8.615520727342961e-11,5.0,-5.0,8.615521e-05,0.0,0.4838554,0.48385537,0.4837989,0.8628688,2.0,0.48356584,0.48367754,0.48356572,0.48356268,0.48356575,0.48355928,0.48463076,-1.4,-8.952881e-18,8.953505e-18,-1.8953495e-05,5.685656e-05,-1.2135803e-08,-1.11684475e-08,-3.1752856e-10,6.4959677e-10,-6.4427713e-10,3.2284142e-10,-1.895067e-05,-1.895067e-05,-0.0044297795,0.0044866684,-1.7231041e-13,0.0,-5.6856556e-05,2.8e-09,1.7231041e-13,9.677108e-10,0.0006244793,-0.000643435,1.89497e-05,0.0,9.677108e-10,0.0006244793,-0.000643435,1.8949702e-05,0.0,1.7257376e-09,0.0006243376,-0.0006432847,1.8940389e-05,0.0,9.673551e-10,0.0006373726,-0.0006373894,1.0850864e-08,0.0,9.671254e-10,0.00063738064,-0.0006373853,-1.2938742e-09,0.0,9.671186e-10,0.00063738,-0.00063738564,-3.2284156e-10,9.675978e-10,-2.8e-09,0.00064435,-0.00064435316,1.564028e-18
1.285069709942493e-10,5.0,-5.0,0.00012850697,0.0,0.4924157,0.49241567,0.4923535,0.8692875,2.0,0.49205783,0.49220073,0.49205762,0.49205452,0.49205765,0.49205106,0.4938053,-1.4,-9.114358e-18,9.115004e-18,-1.8846702e-05,5.6535624e-05,-1.527577e-08,-1.4291369e-08,-3.282108e-10,6.558983e-10,-6.554376e-10,3.2866454e-10,-1.8843592e-05,-1.8843592e-05,-0.003562946,0.003619514,-2.5701395e-13,0.0,-5.653562e-05,2.8e-09,2.5701395e-13,9.848313e-10,0.00050239125,-0.0005212398,1.8842606e-05,0.0,9.848313e-10,0.00050239125,-0.0005212398,1.8842607e-05,0.0,1.7385751e-09,0.00050238264,-0.00052121986,1.883044e-05,0.0,9.844014e-10,0.0005131494,-0.0005131694,1.3962948e-08,0.0,9.84109e-10,0.000513158,-0.00051316264,-1.3113363e-09,0.0,9.841021e-10,0.0005131574,-0.00051316305,-3.2866465e-10,9.84707e-10,-2.8e-09,0.00051631615,-0.00051631936,-2.1515939e-17
1.8232923906550685e-10,5.0,-5.0,0.00018232924,0.0,0.49515653,0.4951565,0.49509126,0.87134236,2.0,0.49475518,0.4949183,0.4947549,0.49475184,0.49475494,0.49474832,0.49747375,-1.4,-9.166788e-18,9.167442e-18,-1.8812556e-05,5.643288e-05,-1.729826e-08,-1.6308423e-08,-3.3514377e-10,6.543599e-10,-6.5894135e-10,3.3055525e-10,-1.8809293e-05,-1.8809293e-05,-0.003466725,0.00352319,-3.6465847e-13,0.0,-5.643288e-05,2.8e-09,3.6465847e-13,9.903129e-10,0.0004894821,-0.00050829636,1.8808301e-05,0.0,9.903129e-10,0.0004894821,-0.00050829636,1.8808301e-05,0.0,1.7426847e-09,0.0004894872,-0.0005082882,1.8794266e-05,0.0,9.898365e-10,0.0004992494,-0.0004992713,1.5973132e-08,0.0,9.895036e-10,0.00049925834,-0.000499263,-1.3133016e-09,0.0,9.894966e-10,0.0004992578,-0.00049926346,-3.305553e-10,9.901825e-10,-2.8e-09,0.0005005081,-0.00050051126,-1.505234e-17
2.8997377520802196e-10,5.0,-5.0,0.00028997377,0.0,0.49550936,0.49550933,0.49543947,0.8716058,2.0,0.49508637,0.49525794,0.495086,0.49508297,0.49508607,0.49507943,0.49989328,-1.4,-9.174277e-18,9.174931e-18,-1.8808318e-05,5.6419707e-05,-1.8150926e-08,-1.716041e-08,-3.391113e-10,6.5105465e-10,-6.5933353e-10,3.308253e-10,-1.8804823e-05,-1.8804825e-05,-0.0034558575,0.0035123094,-5.7994755e-13,0.0,-5.6419707e-05,2.8e-09,5.7994755e-13,9.910187e-10,0.0004883848,-0.0005071946,1.8803832e-05,0.0,9.910186e-10,0.0004883848,-0.0005071946,1.8803834e-05,0.0,1.7432116e-09,0.00048839324,-0.00050718914,1.8789176e-05,0.0,9.905159e-10,0.0004976215,-0.0004976443,1.6821282e-08,0.0,9.90166e-10,0.00049763045,-0.0004976351,-1.3103882e-09,0.0,9.901588e-10,0.00049763,-0.0004976356,-3.3082534e-10,9.908789e-10,-2.8e-09,0.0004978128,-0.000497816,3.8127778e-18
3.62695439562599e-09,5.0,-5.0,0.0036269545,0.0,0.46288955,0.46288186,0.4626354,0.8470932,2.0,0.46244445,0.46253532,0.46244445,0.46244147,0.46244448,0.4624383,0.5334912,-1.4,-8.577071e-18,8.577644e-18,-1.9222893e-05,5.764534e-05,-1.0009582e-08,-9.084511e-09,-2.9519445e-10,6.2968847e-10,-6.155872e-10,3.0928943e-10,-1.9210183e-05,-1.9210569e-05,-0.003456731,0.003514407,-7.253909e-12,0.0,-5.7645342e-05,2.8e-09,7.253909e-12,9.257791e-10,0.0004886324,-0.0005078473,1.9209258e-05,0.0,9.257637e-10,0.0004886324,-0.00050784764,1.9209643e-05,0.0,1.6941866e-09,0.00048863573,-0.000507854,1.9211959e-05,0.0,9.250706e-10,0.0004979055,-0.00049791986,8.788705e-09,0.0,9.2488295e-10,0.00049791037,-0.0004979147,-1.2452889e-09,0.0,9.2487656e-10,0.0004979099,-0.00049791514,-3.0928934e-10,9.2527075e-10,-2.8e-09,0.00049710483,-0.0004971083,-3.625549e-18
6.963935016043958e-09,5.0,-5.0,0.006963935,0.0,0.4299115,0.42986888,0.42931017,0.82226443,2.0,0.42942628,0.42936394,0.42942604,0.4294234,0.42942607,0.42942035,0.5665945,-1.4,-7.976243e-18,7.97674e-18,-1.9647712e-05,5.888678e-05,5.3774425e-09,6.23617e-09,-2.915896e-10,5.6725713e-10,-5.7121724e-10,2.876234e-10,-1.9617646e-05,-1.9619776e-05,-0.003457493,0.0035164084,-1.392787e-11,0.0,-5.888678e-05,2.8e-09,1.392787e-11,8.59823e-10,0.0004886825,-0.00050830445,1.9616786e-05,0.0,8.597377e-10,0.00048868224,-0.0005083063,1.9618918e-05,0.0,1.6445288e-09,0.00048867427,-0.00050833245,1.9652232e-05,0.0,8.5872787e-10,0.0004982083,-0.00049820694,-6.527869e-09,0.0,8.5884677e-10,0.00049820566,-0.0004982096,-1.1386211e-09,0.0,8.5884067e-10,0.0004982052,-0.0004982101,-2.8762284e-10,8.586203e-10,-2.8e-09,0.00049683475,-0.00049683853,-4.517509e-19
1.3853185329164925e-08,5.0,-5.0,0.013853185,0.0,0.36384565,0.36328554,0.360763,0.7719658,2.0,0.36290228,0.36182904,0.36283386,0.3628534,0.3628357,0.36282966,0.6351684,-1.4,-8.239293e-18,8.239861e-18,-2.0560141e-05,6.140171e-05,1.06601426e-07,1.07325086e-07,-4.8848796e-09,-4.1591726e-09,-4.2280598e-10,3.028533e-10,-2.0406009e-05,-2.0434016e-05,-0.0034583833,0.0035198103,-2.770637e-11,0.0,-6.140159e-05,2.8e-09,2.770637e-11,7.2769135e-10,0.0004887886,-0.00050919806,2.0405067e-05,0.0,7.265711e-10,0.000488781,-0.00050921866,2.0433265e-05,0.0,1.5439316e-09,0.00048869516,-0.0005093665,2.0666183e-05,0.0,7.23658e-10,0.0004987535,-0.00049864576,-1.12102725e-07,0.0,7.2570683e-10,0.00049869716,-0.0004987051,3.58078e-09,0.0,7.256593e-10,0.000498699,-0.0004987031,-2.971094e-10,7.21526e-10,-2.8e-09,0.00049596874,-0.00049597304,1.6082332e-18
2.7631685955406857e-08,5.0,-5.0,0.027631685,0.0,0.25369132,0.24750417,0.22377762,0.68123645,2.0,0.25265053,0.23821169,0.24624947,0.24829447,0.24742687,0.24663864,0.7723112,-1.4,-1.0667671e-15,1.1216999e-15,-2.2872942e-05,6.593818e-05,1.4434065e-06,1.443883e-06,-4.356043e-07,-4.3510775e-07,3.8917744e-08,3.9411017e-08,-2.1377256e-05,-2.1686616e-05,-0.003457857,0.0035238145,-5.526337e-11,0.0,-6.5937755e-05,2.8e-09,5.526337e-11,5.0738264e-10,0.0004888996,-0.0005102786,2.1375912e-05,0.0,4.9500837e-10,0.00048877794,-0.00051046704,2.1686114e-05,0.0,1.3624729e-09,0.0004876157,-0.00051193574,2.431645e-05,0.0,4.764234e-10,0.0005002532,-0.0004983771,-1.8791678e-06,0.0,4.9658894e-10,0.0004990935,-0.00049957,4.7356366e-07,0.0,4.932773e-10,0.0004993453,-0.0004993089,-3.9396976e-08,4.4755524e-10,-2.8e-09,0.0004938718,-0.0004938772,-4.3368087e-19
5.518868720789072e-08,5.0,-5.0,0.055188686,0.0,0.1349674,0.10387272,-0.049057204,0.54744023,2.0,0.16521312,0.058077384,0.088854104,0.11326749,0.11363944,0.097114585,1.0465649,-1.4,-1.902714e-14,5.5977128e-14,-2.9824872e-05,7.262798e-05,1.0713459e-05,1.0713575e-05,-5.194564e-06,-5.1943375e-06,8.2604845e-07,8.262426e-07,-2.0623642e-05,-2.2178378e-05,-0.0034517676,0.0035244084,-1.10377374e-10,0.0,-7.262756e-05,2.8e-09,1.10377374e-10,2.699348e-10,0.00048963836,-0.00051026244,2.0622369e-05,0.0,2.0774543e-10,0.0004889421,-0.00051112165,2.2178318e-05,0.0,1.0948805e-09,0.00048001448,-0.000520554,4.0538944e-05,0.0,1.16154766e-10,0.00050788745,-0.0004919813,-1.5907935e-05,0.0,2.2653499e-10,0.0004968305,-0.0005028517,6.020092e-06,0.0,1.9422917e-10,0.00050021743,-0.00049939257,-8.2623797e-07,-9.8114405e-11,-2.8e-09,0.00048823722,-0.0004882448,-4.7451162e-18
1.0645048740169373e-07,5.0,-5.0,0.10645049,0.0,0.0983386,0.010341387,-0.54952514,0.3897848,2.0,0.312436,-0.118543364,-0.081526734,0.04443387,0.091492034,-0.023851113,1.554062,-1.4,-1.2294617e-13,3.5692038e-10,-4.69655e-05,8.051076e-05,4.3098178e-05,4.3097938e-05,-2.6800217e-05,-2.6800128e-05,5.767562e-06,5.7671573e-06,-1.4572311e-05,-1.8972172e-05,-0.0034336208,0.0035141434,-2.1290097e-10,0.0,-8.051066e-05,2.8e-09,2.1290097e-10,1.966772e-10,0.0004926392,-0.00050721236,1.4571811e-05,0.0,2.0682773e-11,0.0004905845,-0.0005095569,1.8972252e-05,0.0,7.7956963e-10,0.00045401359,-0.0005440737,9.0064874e-05,0.0,-2.3708674e-10,0.00053588575,-0.0004659905,-6.989816e-05,0.0,8.886773e-11,0.00048407158,-0.0005166385,3.256769e-05,0.0,-4.7702228e-11,0.0005027525,-0.00049698586,-5.76751e-06,-1.0990503e-09,-2.8e-09,0.00047367383,-0.00047368553,1.174347e-18
1.6255249200313198e-07,5.0,-5.0,0.16255249,0.0,0.14514,-0.0014162125,-1.0746686,0.26726112,2.0,0.69697076,-0.188847,-0.24562612,0.05574804,0.24612065,-0.06813386,2.001411,-1.4,-3.241471e-13,2.0369241e-06,-6.709649e-05,8.6636945e-05,8.8582165e-05,8.858178e-05,-6.412228e-05,-6.412216e-05,1.7749227e-05,1.5712725e-05,-6.106056e-06,-1.3433867e-05,-0.0034124213,0.0034990737,-3.2510497e-10,0.0,-8.6636945e-05,2.8e-09,3.2510497e-10,2.9028e-10,0.0004966978,-0.00050280563,6.1057685e-06,0.0,-2.8324248e-12,0.00049329794,-0.0005067318,1.343387e-05,0.0,5.3452226e-10,0.00041744305,-0.00057311356,0.0001556808,0.0,-3.7769401e-10,0.0005786243,-0.00042592693,-0.00015270406,0.0,1.1149608e-10,0.000460659,-0.0005425283,8.187165e-05,0.0,-1.3626772e-10,0.00050822576,-0.00049047876,-1.7749346e-05,-2.1493372e-09,-2.8e-09,0.0004574736,-0.00045748876,5.4621875e-18
2.1148563906845229e-07,5.0,-5.0,0.21148564,0.0,0.19591719,0.0005531772,-1.4802576,0.1790514,2.0,1.0971589,-0.1915474,-0.41875863,0.065922104,0.4213547,-0.058406048,2.070982,-1.4,-4.8974925e-13,1.204817e-05,-8.296545e-05,9.104743e-05,0.00012887103,0.00012887064,-0.00010312369,-0.00010312356,3.6035257e-05,2.3988037e-05,8.432895e-07,-8.924911e-06,-0.003405,0.0034960639,-4.2297127e-10,0.0,-9.104743e-05,2.8e-09,4.2297127e-10,3.9183437e-10,0.00050000043,-0.00049915956,-8.436814e-07,0.0,1.1063544e-12,0.0004955288,-0.0005044537,8.92491e-06,0.0,3.581028e-10,0.00038450805,-0.0005963329,0.00021183943,0.0,-3.8309478e-10,0.0006192929,-0.00038730924,-0.00023199433,0.0,1.318442e-10,0.00043436355,-0.00057351874,0.00013915931,0.0,-1.168121e-10,0.0005165616,-0.0004805301,-3.6035635e-05,-2.9605152e-09,-2.8e-09,0.0004547447,-0.00045475975,-6.5453566e-19
2.666549909906766e-07,5.0,-5.0,0.266655,0.0,0.2504939,-0.000109817236,-1.8387014,0.10291965,2.0,1.5266598,-0.15601921,-0.6267131,0.06177988,0.54289746,-0.018673435,1.7375033,-1.4,-5.71565e-13,3.2725933e-05,-9.708105e-05,9.485402e-05,0.00016826822,0.0001682679,-0.000146488,-0.00014648787,6.0803966e-05,2.8078544e-05,7.378713e-06,-5.1514735e-06,-0.0034136733,0.0035085408,-5.3331e-10,0.0,-9.485402e-05,2.8e-09,5.3331e-10,5.009878e-10,0.0005030403,-0.0004956647,-7.3792144e-06,0.0,-2.1963446e-13,0.0004974003,-0.0005025518,5.151474e-06,0.0,2.058393e-10,0.0003520983,-0.0006174329,0.00026535295,0.0,-3.1203842e-10,0.0006610049,-0.0003462641,-0.0003147559,0.0,1.2355976e-10,0.00040413605,-0.00061142194,0.00020729209,0.0,-3.7346872e-11,0.00052842556,-0.0004676268,-6.080418e-05,-3.6774026e-09,-2.8e-09,0.00046756773,-0.0004675787,-2.45656e-18
3.1741557647814664e-07,5.0,-5.0,0.31741557,0.0,0.3013694,1.9373336e-05,-2.0622017,0.05979618,2.0,1.8490283,-0.10658558,-0.7945714,0.050660882,0.5753587,-0.0018193602,1.2610793,-1.4,-5.8717685e-13,5.0416398e-05,-0.00010609989,9.701019e-05,0.0001955616,0.0001955614,-0.00017983674,-0.00017983664,7.9275196e-05,2.8858904e-05,1.2078661e-05,-2.9888404e-06,-0.0034260997,0.003523119,-6.3483113e-10,0.0,-9.701019e-05,2.8e-09,6.3483113e-10,6.027388e-10,0.0005051339,-0.00049305893,-1.2079264e-05,0.0,3.874668e-14,0.00049847673,-0.0005014656,2.9888402e-06,0.0,1.1959236e-10,0.00032999276,-0.0006316377,0.00030166563,0.0,-2.1317115e-10,0.0006906899,-0.0003153102,-0.00037539814,0.0,1.01321763e-10,0.00038167427,-0.0006407782,0.0002591119,0.0,-3.6387204e-12,0.0005379044,-0.00045863498,-7.927524e-05,-4.1244035e-09,-2.8e-09,0.0004822277,-0.00048223344,2.5950192e-18
3.783068482892712e-07,5.0,-5.0,0.37830684,0.0,0.36223122,-1.572429e-05,-2.2191355,0.035769638,2.0,2.0966659,-0.061234187,-0.93508214,0.034252066,0.581619,-0.0021123232,0.65549576,-1.4,-5.937293e-13,6.411058e-05,-0.000112745256,9.8211516e-05,0.00021579013,0.00021579002,-0.00020624138,-0.00020624131,9.329698e-05,2.9186565e-05,1.632308e-05,-1.7892681e-06,-0.0034345028,0.0035327177,-7.566137e-10,0.0,-9.8211516e-05,2.8e-09,7.566137e-10,7.2446243e-10,0.0005068658,-0.0004905471,-1.6323804e-05,0.0,-3.1448575e-14,0.00049907464,-0.0005008639,1.7892683e-06,0.0,7.1539275e-11,0.00031363798,-0.0006421555,0.00032853984,0.0,-1.2246837e-10,0.00071295205,-0.0002909417,-0.0004220314,0.0,6.850413e-11,0.00036439107,-0.0006639201,0.00029953837,0.0,-4.2246467e-12,0.00054544344,-0.00045215225,-9.329704e-05,-4.438271e-09,-2.8e-09,0.00049213774,-0.0004921371,3.6260153e-18
4.957202345248491e-07,5.0,-5.0,0.49572024,0.0,0.4796576,-8.1944256e-07,-2.3992364,0.020104889,2.0,2.3494387,-0.024898674,-1.0836717,0.013989287,0.5887397,-0.0005569309,-0.5131254,-1.4,-5.9929546e-13,7.8846744e-05,-0.000120967066,9.899476e-05,0.00023743378,0.00023743372,-0.00023354492,-0.0002335449,0.000108311484,2.9464833e-05,2.2977636e-05,-1.0052854e-06,-0.0034307297,0.0035297167,-9.914405e-10,0.0,-9.899476e-05,2.8e-09,9.914405e-10,9.593152e-10,0.0005092411,-0.00048626921,-2.2978595e-05,0.0,-1.6388845e-15,0.00049946614,-0.0005004714,1.0052854e-06,0.0,4.0209776e-11,0.00029507387,-0.0006534553,0.00035840564,0.0,-4.9797347e-11,0.00073640014,-0.00026544515,-0.00047097864,0.0,2.7978576e-11,0.0003465434,-0.0006883889,0.00034185642,0.0,-1.1138619e-12,0.0005536058,-0.00044530022,-0.00010831152,-4.7984727e-09,-2.8e-09,0.0004903994,-0.0004903867,3.212081e-18
6.131133704506806e-07,5.0,-5.0,0.61311334,0.0,0.5970505,-5.8134907e-07,-2.5314946,0.016388658,2.0,2.4984524,-0.016520966,-1.1627414,0.007844276,0.5915582,-0.00026923907,-1.6810684,-1.4,-6.018268e-13,8.665588e-05,-0.00012739416,9.9180565e-05,0.00025149737,0.00025149732,-0.0002490608,-0.0002490608,0.00011624722,2.9591372e-05,2.9033092e-05,-8.19462e-07,-0.003399576,0.003498738,-1.2262268e-09,0.0,-9.9180565e-05,2.8e-09,1.2262268e-09,1.1941009e-09,0.0005110718,-0.00048204596,-2.9034283e-05,0.0,-1.1626983e-15,0.00049955887,-0.0005003783,8.194643e-07,0.0,3.277732e-11,0.0002818743,-0.00066074537,0.00037889657,0.0,-3.304193e-11,0.00075096707,-0.00025043412,-0.0005005581,0.0,1.5688551e-11,0.0003369719,-0.00070226815,0.000365308,0.0,-5.384781e-13,0.00055797445,-0.0004417332,-0.00011624722,-5.062989e-09,-2.8e-09,0.00046115764,-0.00046113288,9.430244e-18
7.482741254075236e-07,5.0,-5.0,0.74827415,0.0,0.7322104,-5.704448e-07,-2.6675422,0.016166741,2.0,2.6351843,-0.016178772,-1.2273402,0.007616622,0.59343886,-0.00024335615,-3.024532,-1.4,-6.0368144e-13,9.302558e-05,-0.00013418545,9.919166e-05,0.00026513636,0.0002651363,-0.00026275677,-0.00026275674,0.00012270968,2.968411e-05,3.5802183e-05,-8.0836554e-07,-0.00332841,0.0034275707,-1.4965482e-09,0.0,-9.919166e-05,2.8e-09,1.4965482e-09,1.4644208e-09,0.00051280524,-0.00047701193,-3.580364e-05,0.0,-1.1408893e-15,0.0004995644,-0.0005003728,8.0837026e-07,0.0,3.233348e-11,0.0002684039,-0.0006677041,0.00039932708,0.0,-3.235754e-11,0.0007646604,-0.000236794,-0.000527893,0.0,1.5233243e-11,0.00032903312,-0.0007144871,0.00038546635,0.0,-4.867123e-13,0.0005615665,-0.0004388628,-0.00012270965,-5.3350844e-09,-2.8e-09,0.0003923765,-0.00039233794,1.5499398e-17
7.982141416590556e-07,5.0,-5.0,0.79821414,0.0,0.78215,-6.774373e-07,-2.7174897,0.016164757,2.0,2.6851857,-0.016151838,-1.2508575,0.0076052495,0.5940808,-0.00024181891,-3.5191982,-1.4,-6.0432215e-13,9.534544e-05,-0.00013668272,9.919176e-05,0.00027013378,0.00027013375,-0.00026775803,-0.00026775803,0.00012506156,2.9716131e-05,3.829926e-05,-8.082717e-07,-0.0032816455,0.0033808015,-1.5964283e-09,0.0,-9.919176e-05,2.8e-09,1.5964283e-09,1.5642998e-09,0.00051334687,-0.00047505705,-3.830082e-05,0.0,-1.3548738e-15,0.00049956446,-0.0005003727,8.082748e-07,0.0,3.232951e-11,0.00026340838,-0.0006702029,0.0004068219,0.0,-3.2303677e-11,0.00076967286,-0.00023180824,-0.00053789176,0.0,1.52105e-11,0.00032616875,-0.0007189756,0.00039281952,0.0,-4.836378e-13,0.00056287984,-0.0004378243,-0.00012506155,-5.434979e-09,-2.8e-09,0.0003466044,-0.00034656076,1.12214925e-17
8.980941741621195e-07,5.0,-5.0,0.8980942,0.0,0.88202965,-4.690781e-08,-2.8173356,0.016173339,2.0,2.7849488,-0.016193211,-1.2977898,0.007575594,0.5953388,-0.00021177699,-4.494042,-1.4,-6.055506e-13,9.998027e-05,-0.00014167545,9.919133e-05,0.00028011424,0.0002801142,-0.00027773733,-0.00027773733,0.0001297578,2.977753e-05,4.3292814e-05,-8.086692e-07,-0.0031229996,0.0032221458,-1.7961883e-09,0.0,-9.919133e-05,2.8e-09,1.7961883e-09,1.7640592e-09,0.00051426823,-0.00047098607,-4.3294578e-05,0.0,-9.381543e-17,0.0004995643,-0.00050037296,8.086692e-07,0.0,3.2346674e-11,0.00025333572,-0.00067510264,0.00042179532,0.0,-3.2386423e-11,0.00077968463,-0.00022186119,-0.0005578515,0.0,1.5151188e-11,0.00032049854,-0.0007279805,0.0004074951,0.0,-4.23554e-13,0.0005655115,-0.00043575975,-0.0001297578,-5.6346714e-09,-2.8e-09,0.00019013663,-0.00019008279,4.90887e-19
9.46687922399055e-07,5.0,-5.0,0.94668794,0.0,0.930623,3.1566774e-08,-2.8659122,0.016177498,2.0,2.833515,-0.016198572,-1.3206124,0.007577934,0.59592575,-0.00020697259,-4.904339,-1.4,-6.061327e-13,0.000102233906,-0.0001441045,9.919113e-05,0.00028497138,0.00028497135,-0.00028259368,-0.00028259368,0.00013204054,2.9806635e-05,4.5722274e-05,-8.088733e-07,-0.0029986151,0.0030977568,-1.893376e-09,0.0,-9.919113e-05,2.8e-09,1.893376e-09,1.861246e-09,0.0005146647,-0.00046895366,-4.5724137e-05,0.0,6.313322e-17,0.00049956416,-0.000500373,8.088733e-07,0.0,3.2354997e-11,0.00024840658,-0.0006774593,0.0004290816,0.0,-3.239714e-11,0.00078455487,-0.00021701843,-0.00056756503,0.0,1.5155868e-11,0.0003177559,-0.0007323768,0.0004146342,0.0,-4.139452e-13,0.00056679384,-0.00043475933,-0.00013204054,-5.731825e-09,-2.8e-09,6.687511e-05,-6.681631e-05,3.0306467e-18
9.663616648942582e-07,5.0,-5.0,0.96636164,0.0,0.9502965,1.364556e-09,-2.885579,0.016179187,2.0,2.8531787,-0.016200056,-1.3298559,0.0075768796,0.59615904,-0.00020455716,-4.9880147,-1.4,-6.063636e-13,0.00010314695,-0.00014508792,9.919104e-05,0.0002869379,0.00028693787,-0.0002845602,-0.00028456017,0.00013296513,2.981818e-05,4.6705867e-05,-8.0895927e-07,-0.002949234,0.003048374,-1.9327233e-09,0.0,-9.919104e-05,2.8e-09,1.9327233e-09,1.900593e-09,0.0005148077,-0.0004681133,-4.6707766e-05,0.0,2.7289923e-18,0.0004995641,-0.0005003731,8.089592e-07,0.0,3.2358373e-11,0.0002464002,-0.0006784027,0.00043203158,0.0,-3.240011e-11,0.00078652793,-0.00021505871,-0.00057149807,0.0,1.515376e-11,0.00031664947,-0.00073416135,0.0004175253,0.0,-4.091143e-13,0.00056731445,-0.00043435537,-0.00013296513,-5.771158e-09,-2.8e-09,1.7970342e-05,-1.790954e-05,-2.2462321e-18
9.80610190626721e-07,5.0,-5.0,0.9806102,0.0,0.9645494,4.3422237e-06,-2.899817,0.016184043,2.0,2.8674245,-0.016196113,-1.3365451,0.0075810975,0.59632975,-0.00019947632,-4.996605,-1.4,-6.065292e-13,0.00010380811,-0.00014580005,9.91908e-05,0.0002883621,0.00028836206,-0.00028598434,-0.0002859843,0.00013363457,2.9826462e-05,4.741827e-05,-8.08985e-07,-0.0029503326,0.0030494707,-1.9612203e-09,0.0,-9.91908e-05,2.8e-09,1.9612203e-09,1.9290989e-09,0.0005149003,-0.00046749372,-4.74202e-05,0.0,8.684447e-15,0.00049956416,-0.00050037313,8.089849e-07,0.0,3.2368084e-11,0.0002449937,-0.0006791324,0.00043416795,0.0,-3.2392224e-11,0.00078789867,-0.00021358118,-0.0005743464,0.0,1.5162196e-11,0.00031588675,-0.0007354921,0.00041961888,0.0,-3.9895263e-13,0.00056767906,-0.00043405054,-0.00013363457,-5.799634e-09,-2.8e-09,1.9409956e-05,-1.9347699e-05,-1.1245323e-18
9.807946902706133e-07,5.0,-5.0,0.98079467,0.0,0.96473217,2.6371624e-06,-2.9000034,0.016182672,2.0,2.867607,-0.016198108,-1.3366334,0.0075794123,0.5963302,-0.00020112796,-4.9975386,-1.4,-6.0653137e-13,0.00010381666,-0.0001458093,9.919087e-05,0.00028838054,0.0002883805,-0.00028600276,-0.00028600273,0.00013364323,2.9826568e-05,4.7427475e-05,-8.0900173e-07,-0.0029475277,0.003046666,-1.9615893e-09,0.0,-9.919087e-05,2.8e-09,1.9615893e-09,1.9294644e-09,0.0005149035,-0.0004674877,-4.7429403e-05,0.0,5.2743242e-15,0.0004995641,-0.0005003731,8.090017e-07,0.0,3.2365343e-11,0.0002449561,-0.0006791225,0.00043419565,0.0,-3.2396214e-11,0.0007879393,-0.00021358496,-0.00057438324,0.0,1.5158826e-11,0.00031586204,-0.0007354945,0.00041964598,0.0,-4.0225592e-13,0.00056768884,-0.00043405165,-0.00013364323,-5.8000067e-09,-2.8e-09,1.661383e-05,-1.6551558e-05,1.9826924e-18
9.811636895583977e-07,5.0,-5.0,0.9811637,0.0,0.9650985,9.7536514e-08,-2.9003756,0.016180575,2.0,2.8679729,-0.01620126,-1.3368092,0.007576883,0.5963321,-0.00020358033,-4.9998803,-1.4,-6.065356e-13,0.00010383377,-0.00014582781,9.919097e-05,0.00028841745,0.00028841742,-0.00028603958,-0.00028603958,0.00013366055,2.982678e-05,4.7445894e-05,-8.090239e-07,-0.002934298,0.0030334364,-1.9623274e-09,0.0,-9.919097e-05,2.8e-09,1.9623274e-09,1.930197e-09,0.00051490887,-0.00046747463,-4.7447826e-05,0.0,1.9507295e-16,0.000499564,-0.000500373,8.090239e-07,0.0,3.2361152e-11,0.00024488845,-0.00067911024,0.00043425104,0.0,-3.2402518e-11,0.0007880106,-0.00021358253,-0.000574457,0.0,1.5153765e-11,0.00031582025,-0.0007355068,0.00041970014,0.0,-4.0716066e-13,0.00056770595,-0.00043405138,-0.00013366055,-5.8007514e-09,-2.8e-09,3.4001416e-06,-3.3378299e-06,6.124239e-18
9.814080674319207e-07,5.0,-5.0,0.98140806,0.0,0.96534276,-2.4457513e-08,-2.90062,0.016180528,2.0,2.868217,-0.016201338,-1.3369241,0.007576769,0.59633476,-0.00020368042,-4.9999175,-1.4,-6.065384e-13,0.000103845116,-0.00014584004,9.919097e-05,0.00028844186,0.00028844184,-0.00028606402,-0.00028606402,0.00013367205,2.9826922e-05,4.745811e-05,-8.0902765e-07,-0.002933729,0.0030328673,-1.9628161e-09,0.0,-9.919097e-05,2.8e-09,1.9628161e-09,1.9306856e-09,0.00051491056,-0.00046746415,-4.7460042e-05,0.0,-4.8914958e-17,0.000499564,-0.000500373,8.0902765e-07,0.0,3.236106e-11,0.00024486307,-0.0006791215,0.00043428768,0.0,-3.2402678e-11,0.0007880359,-0.00021355906,-0.00057450583,0.0,1.5153538e-11,0.00031580534,-0.00073552784,0.00041973605,0.0,-4.0736086e-13,0.00056771276,-0.00043404673,-0.00013367205,-5.80124e-09,-2.8e-09,2.8374584e-06,-2.775122e-06,-1.3948795e-18
9.815516278560585e-07,5.0,-5.0,0.98155165,0.0,0.9654861,-2.2614262e-07,-2.9007638,0.016180389,2.0,2.8683603,-0.01620156,-1.3369917,0.0075765727,0.59633625,-0.00020386658,-4.999821,-1.4,-6.065401e-13,0.00010385177,-0.00014584721,9.919098e-05,0.0002884562,0.00028845618,-0.00028607837,-0.00028607834,0.00013367878,2.9827004e-05,4.7465288e-05,-8.090307e-07,-0.0029352799,0.0030344182,-1.9631032e-09,0.0,-9.919098e-05,2.8e-09,1.9631032e-09,1.9309723e-09,0.0005149117,-0.00046745816,-4.7467216e-05,0.0,-4.522852e-16,0.000499564,-0.000500373,8.090307e-07,0.0,3.2360774e-11,0.0002448465,-0.0006791265,0.00043430922,0.0,-3.240312e-11,0.00078805274,-0.00021354717,-0.0005745345,0.0,1.5153146e-11,0.00031579557,-0.0007355392,0.00041975713,0.0,-4.0773317e-13,0.0005677171,-0.00043404437,-0.00013367878,-5.8015273e-09,-2.8e-09,4.392129e-06,-4.329778e-06,-8.340362e-18
9.817366843038751e-07,5.0,-5.0,0.98173666,0.0,0.9656714,3.593131e-08,-2.9009485,0.016180588,2.0,2.8685455,-0.01620135,-1.3370783,0.0075768232,0.5963386,-0.00020359702,-4.9999013,-1.4,-6.065422e-13,0.000103860366,-0.00014585645,9.919097e-05,0.00028847472,0.00028847466,-0.00028609685,-0.00028609685,0.00013368747,2.9827112e-05,4.7474543e-05,-8.090276e-07,-0.0029340822,0.0030332203,-1.9634734e-09,0.0,-9.919097e-05,2.8e-09,1.9634734e-09,1.9313429e-09,0.0005149127,-0.00046744983,-4.7476475e-05,0.0,7.186262e-17,0.000499564,-0.000500373,8.090276e-07,0.0,3.2361176e-11,0.0002448295,-0.00067913724,0.00043433695,0.0,-3.2402702e-11,0.0007880686,-0.00021352597,-0.00057457155,0.0,1.5153646e-11,0.00031578753,-0.00073555834,0.00041978434,0.0,-4.0719405e-13,0.00056772126,-0.00043403983,-0.00013368747,-5.801897e-09,-2.8e-09,3.1985137e-06,-3.136144e-06,-2.4995926e-18
9.819140064765317e-07,5.0,-5.0,0.981914,0.0,0.9658487,-1.1775493e-08,-2.9011257,0.016180575,2.0,2.8687227,-0.016201397,-1.3371617,0.0075767776,0.59634066,-0.00020363004,-4.999902,-1.4,-6.065443e-13,0.00010386859,-0.00014586531,9.919097e-05,0.00028849245,0.0002884924,-0.00028611458,-0.00028611458,0.00013369581,2.9827215e-05,4.748341e-05,-8.090293e-07,-0.002934074,0.0030332124,-1.963828e-09,0.0,-9.919097e-05,2.8e-09,1.963828e-09,1.9316975e-09,0.00051491393,-0.0004674422,-4.748534e-05,0.0,-2.3550988e-17,0.000499564,-0.000500373,8.090293e-07,0.0,3.236115e-11,0.00024481112,-0.0006791454,0.00043436355,0.0,-3.2402796e-11,0.00078808673,-0.00021350871,-0.000574607,0.0,1.5153555e-11,0.00031577717,-0.000735574,0.00041981039,0.0,-4.0726008e-13,0.0005677261,-0.0004340363,-0.00013369581,-5.8022516e-09,-2.8e-09,3.1950142e-06,-3.1326263e-06,-1.4731324e-20
9.828956275790534e-07,5.0,-5.0,0.9828956,0.0,0.9668303,5.590717e-09,-2.902107,0.016180674,2.0,2.8697038,-0.016201476,-1.3376228,0.0075767906,0.5963521,-0.00020353886,-4.999908,-1.4,-6.065556e-13,0.00010391414,-0.00014591438,9.919097e-05,0.00028859056,0.00028859053,-0.0002862127,-0.0002862127,0.00013374192,2.9827781e-05,4.753248e-05,-8.0903345e-07,-0.0029339555,0.0030330936,-1.9657913e-09,0.0,-9.919097e-05,2.8e-09,1.9657913e-09,1.9336608e-09,0.00051492034,-0.00046739957,-4.7534417e-05,0.0,1.1181433e-17,0.000499564,-0.000500373,8.0903345e-07,0.0,3.236135e-11,0.00024471077,-0.00067919225,0.00043451073,0.0,-3.2402952e-11,0.000788185,-0.00021341076,-0.0005748032,0.0,1.515358e-11,0.00031572237,-0.00073566346,0.0004199546,0.0,-4.0707772e-13,0.00056775205,-0.00043401614,-0.00013374192,-5.804214e-09,-2.8e-09,3.1010695e-06,-3.0385816e-06,3.9439264e-18
9.84204455715749e-07,5.0,-5.0,0.9842045,0.0,0.9681391,6.7920674e-09,-2.9034154,0.016180793,2.0,2.8710117,-0.016201593,-1.3382376,0.0075767874,0.5963673,-0.00020343797,-4.9999137,-1.4,-6.0657073e-13,0.00010397488,-0.00014597981,9.919096e-05,0.00028872138,0.00028872135,-0.0002863435,-0.00028634348,0.00013380342,2.9828538e-05,4.7597918e-05,-8.090393e-07,-0.002933822,0.0030329602,-1.968409e-09,0.0,-9.919096e-05,2.8e-09,1.968409e-09,1.9362782e-09,0.00051492895,-0.00046734273,-4.7599853e-05,0.0,1.35841346e-17,0.000499564,-0.000500373,8.090393e-07,0.0,3.2361586e-11,0.0002445768,-0.00067925453,0.00043470698,0.0,-3.2403188e-11,0.0007883162,-0.00021328033,-0.00057506486,0.0,1.5153575e-11,0.0003156491,-0.00073578244,0.0004201469,0.0,-4.0687595e-13,0.0005677867,-0.0004339893,-0.00013380342,-5.8068306e-09,-2.8e-09,3.0004776e-06,-2.9378562e-06,2.4858582e-17
9.868221119891404e-07,5.0,-5.0,0.9868221,0.0,0.97075677,5.4745293e-09,-2.906032,0.016181031,2.0,2.8736281,-0.016201831,-1.3394672,0.0075767785,0.5963977,-0.00020323799,-4.9999237,-1.4,-6.066009e-13,0.000104096354,-0.00014611066,9.919095e-05,0.00028898302,0.000288983,-0.00028660512,-0.00028660512,0.0001339264,2.9830047e-05,4.7728787e-05,-8.0905124e-07,-0.0029335853,0.0030327232,-1.9736441e-09,0.0,-9.919095e-05,2.8e-09,1.9736441e-09,1.9415136e-09,0.00051494595,-0.0004672289,-4.773073e-05,0.0,1.0949059e-17,0.000499564,-0.000500373,8.0905124e-07,0.0,3.236206e-11,0.00024430885,-0.00067937904,0.00043509947,0.0,-3.2403663e-11,0.0007885786,-0.00021301949,-0.0005755881,0.0,1.5153557e-11,0.00031550252,-0.00073602045,0.00042053152,0.0,-4.0647596e-13,0.00056785607,-0.00043393567,-0.0001339264,-5.812064e-09,-2.8e-09,2.8294123e-06,-2.7665244e-06,9.001843e-18
9.92057424535923e-07,5.0,-5.0,0.99205744,0.0,0.975992,4.6835575e-09,-2.9112654,0.016181508,2.0,2.8788605,-0.01620231,-1.3419265,0.0075767646,0.5964583,-0.0002028314,-4.9999375,-1.4,-6.066612e-13,0.000104339306,-0.00014637235,9.9190926e-05,0.0002895063,0.00028950628,-0.00028712838,-0.00028712835,0.00013417237,2.983306e-05,4.7990525e-05,-8.090751e-07,-0.002933187,0.0030323241,-1.9841149e-09,0.0,-9.9190926e-05,2.8e-09,1.9841149e-09,1.9519841e-09,0.0005149796,-0.00046700085,-4.799248e-05,0.0,9.367115e-18,0.000499564,-0.0005003731,8.090751e-07,0.0,3.2363015e-11,0.00024377265,-0.00067962776,0.00043588446,0.0,-3.240462e-11,0.0007891034,-0.00021249782,-0.00057663466,0.0,1.515353e-11,0.0003152095,-0.00073649664,0.0004213007,0.0,-4.056628e-13,0.0005679948,-0.00043382842,-0.00013417237,-5.822531e-09,-2.8e-09,2.5631048e-06,-2.4996837e-06,8.8009875e-18
1e-06,5.0,-5.0,1.0,0.0,0.9839345,1.3596189e-08,-2.919205,0.01618224,2.0,2.8867986,-0.016203038,-1.3456575,0.007576756,0.5965502,-0.00020219917,-4.999953,-1.4,-6.0675244e-13,0.0001047079,-0.00014676937,9.919089e-05,0.0002903002,0.00029030014,-0.0002879222,-0.00028792216,0.00013454552,2.9837622e-05,4.8387614e-05,-8.091113e-07,-0.002932668,0.0030318045,-2e-09,0.0,-9.919089e-05,2.8e-09,2e-09,1.967869e-09,0.00051502994,-0.00046665422,-4.8389582e-05,0.0,2.7192378e-17,0.000499564,-0.0005003731,8.091113e-07,0.0,3.236448e-11,0.00024295886,-0.0006800048,0.0004370754,0.0,-3.2406078e-11,0.0007898995,-0.00021170631,-0.00057822233,0.0,1.5153512e-11,0.00031476526,-0.00073721935,0.00042246768,0.0,-4.0439833e-13,0.0005682052,-0.00043366573,-0.00013454552,-5.8384098e-09,-2.8e-09,2.2452116e-06,-2.1809815e-06,1.6173247e-17
1.0055598028248538e-06,5.0,-5.0,1.0,0.0,0.9884368,-2.2979793e-07,-2.9247117,0.01593106,2.0,2.8923507,-0.016180316,-1.3482687,0.007575468,0.5966143,-0.00020176386,-4.999958,-1.4,-6.068161e-13,0.000104965904,-0.00014703214,9.920345e-05,0.00029085315,0.0002908531,-0.00028847752,-0.00028847752,0.0001348067,2.9840803e-05,4.8625283e-05,-7.965645e-07,-0.0029323762,0.0030315248,-2e-09,0.0,-9.920345e-05,2.8e-09,2e-09,1.9768736e-09,0.0005150502,-0.00046643685,-4.8627262e-05,0.0,-4.595959e-16,0.0004995702,-0.0005003668,7.9656434e-07,0.0,3.1862124e-11,0.0002423893,-0.00068025093,0.0004378911,0.0,-3.236063e-11,0.0007904539,-0.00021115248,-0.0005793306,0.0,1.5150936e-11,0.00031445443,-0.000737725,0.00042328422,0.0,-4.0352772e-13,0.00056835264,-0.00043355196,-0.0001348067,-5.849423e-09,-2.8e-09,2.1054952e-06,-2.0406997e-06,-1.0525796e-18
1.0119138631961154e-06,5.0,-5.0,1.0,0.0,0.9918735,-7.038745e-07,-2.9307394,0.0152831925,2.0,2.898644,-0.016047526,-1.3512477,0.0075611556,0.5966873,-0.0002011511,-4.9999633,-1.4,-6.068884e-13,0.00010526023,-0.00014730114,9.923584e-05,0.0002914692,0.00029146916,-0.00028910828,-0.00028910825,0.00013510465,2.9844421e-05,4.882951e-05,-7.641948e-07,-0.0029320975,0.0030312778,-2e-09,0.0,-9.923584e-05,2.8e-09,2e-09,1.983747e-09,0.0005150772,-0.0004662597,-4.8831494e-05,0.0,-1.407749e-15,0.0004995864,-0.0005003506,7.6419434e-07,0.0,3.0566386e-11,0.00024175635,-0.00068050297,0.00043877616,0.0,-3.2095052e-11,0.000791071,-0.00021052278,-0.0005805774,0.0,1.5122311e-11,0.00031410076,-0.00073830003,0.00042421292,0.0,-4.0230221e-13,0.0005685208,-0.0004334222,-0.00013510465,-5.861479e-09,-2.8e-09,1.9849647e-06,-1.9195234e-06,-3.915498e-17
1.0246219839386386e-06,5.0,-5.0,1.0,0.0,0.9957705,-1.538768e-06,-2.9415483,0.01355502,2.0,2.9107566,-0.015395775,-1.3571163,0.0074415565,0.59683156,-0.00019872189,-4.9999695,-1.4,-6.0703027e-13,0.00010584025,-0.00014775517,9.932225e-05,0.00029261527,0.00029261524,-0.0002903315,-0.0002903315,0.00013569176,2.9851515e-05,4.9110775e-05,-6.778279e-07,-0.0029316605,0.003030926,-2e-09,0.0,-9.932224e-05,2.8e-09,2e-09,1.991541e-09,0.0005151337,-0.00046603495,-4.9112776e-05,0.0,-3.0775358e-15,0.00049962953,-0.0005003074,6.7783094e-07,0.0,2.711004e-11,0.00024059963,-0.0006809463,0.00044037632,0.0,-3.079155e-11,0.00079222006,-0.00020930274,-0.0005829467,0.0,1.4883112e-11,0.0003134082,-0.00073941774,0.00042602324,0.0,-3.9744377e-13,0.00056885235,-0.0004331666,-0.00013569176,-5.8830967e-09,-2.8e-09,1.8169872e-06,-1.7502585e-06,-3.031012e-17
1.050038225423685e-06,5.0,-5.0,1.0,0.0,0.9987336,-2.1923674e-06,-2.958218,0.010128232,2.0,2.9318223,-0.0131977275,-1.3679368,0.0068160114,0.59710354,-0.00018628241,-4.9999757,-1.4,-6.0728977e-13,0.000106910564,-0.00014841731,9.949358e-05,0.00029450204,0.000294502,-0.00029250063,-0.00029250063,0.00013677507,2.9864492e-05,4.943027e-05,-5.0652125e-07,-0.0029310777,0.003030512,-2e-09,0.0,-9.949357e-05,2.8e-09,2e-09,1.997467e-09,0.000515232,-0.0004658137,-4.9432318e-05,0.0,-4.384735e-15,0.00049971516,-0.00050022174,5.065379e-07,0.0,2.0256463e-11,0.00023876842,-0.00068166386,0.00044292526,0.0,-2.6395455e-11,0.0007941275,-0.00020715455,-0.0005870026,0.0,1.3632023e-11,0.00031214848,-0.0007414103,0.00042927562,0.0,-3.7256483e-13,0.00056946446,-0.0004326954,-0.00013677505,-5.9164362e-09,-2.8e-09,1.6217887e-06,-1.5525021e-06,-1.2731258e-17
1.1008707083937777e-06,5.0,-5.0,1.0,0.0,0.9999052,-1.7834745e-06,-2.9779363,0.0054917494,2.0,2.960789,-0.008573577,-1.3842764,0.0049621263,0.5975346,-0.00014334908,-4.999981,-1.4,-6.076778e-13,0.0001085294,-0.0001491714,9.972541e-05,0.00029693625,0.00029693625,-0.0002955827,-0.00029558266,0.0001384133,2.9883897e-05,4.972068e-05,-2.7467667e-07,-0.002930475,0.0030301358,-2e-09,0.0,-9.972539e-05,2.8e-09,2e-09,1.9998105e-09,0.00051535695,-0.00046564828,-4.9722745e-05,0.0,-3.566949e-15,0.00049983105,-0.0005001058,2.7470216e-07,0.0,1.0983499e-11,0.00023653547,-0.00068261905,0.0004461136,0.0,-1.7147153e-11,0.00079664047,-0.00020415155,-0.00059251883,0.0,9.924252e-12,0.00031028278,-0.0007442647,0.0004339959,0.0,-2.8669818e-13,0.00057039066,-0.0004319834,-0.00013841329,-5.9558727e-09,-2.8e-09,1.4374679e-06,-1.3631363e-06,-1.0818799e-17
1.2025356743339632e-06,5.0,-5.0,1.0,0.0,1.000008,-6.479913e-07,-2.993312,0.001673866,2.0,2.9870012,-0.0031553444,-1.4007714,0.0021218753,0.59799904,-6.7051646e-05,-4.9999847,-1.4,-6.08066e-13,0.000110167115,-0.00014974928,9.99163e-05,0.00029901566,0.00029901566,-0.00029848792,-0.00029848792,0.00014007042,2.9903305e-05,4.9916707e-05,-8.37257e-08,-0.002930047,0.0030298892,-2e-09,0.0,-9.9916295e-05,2.8e-09,2e-09,2.000016e-09,0.00051545753,-0.00046555288,-4.9918737e-05,0.0,-1.2959827e-15,0.0004999265,-0.00050001027,8.373789e-08,0.0,3.347732e-12,0.0002347411,-0.0006834818,0.0004487709,0.0,-6.3106885e-12,0.00079886016,-0.00020138687,-0.0005975035,0.0,4.2437503e-12,0.00030843678,-0.0007469809,0.0004385583,0.0,-1.341033e-13,0.000571328,-0.00043126356,-0.00014007042,-5.9866236e-09,-2.8e-09,1.2970111e-06,-1.2129209e-06,3.321601e-17
1.4058656062143342e-06,5.0,-5.0,1.0,0.0,0.9999977,-2.8803935e-08,-2.999647,8.768138e-05,2.0,2.9992745,-0.00018614565,-1.409437,0.00015110374,0.59826267,-6.0109896e-06,-4.999987,-1.4,-6.082687e-13,0.00011102966,-0.00014998674,9.999562e-05,0.00029994608,0.00029994608,-0.00029991235,-0.00029991235,0.0001409431,2.9913435e-05,4.99955e-05,-4.385509e-09,-0.0029298577,0.0030297607,-2e-09,0.0,-9.999562e-05,2.8e-09,2e-09,1.9999955e-09,0.0005154992,-0.00046551577,-4.99975e-05,0.0,-5.760787e-17,0.00049996615,-0.00049997057,4.3855084e-09,0.0,1.7536274e-13,0.0002339818,-0.00068389036,0.00044993882,0.0,-3.722913e-13,0.0007998989,-0.00020007075,-0.00059985847,0.0,3.0220748e-13,0.00030748468,-0.00074832584,0.00044085545,0.0,-1.2021979e-14,0.0005718215,-0.00043088448,-0.0001409431,-5.999294e-09,-2.8e-09,1.2053866e-06,-1.1030031e-06,7.862041e-17
1.6322037378481503e-06,5.0,-5.0,1.0,0.0,1.0000008,5.002421e-09,-3.0000796,-1.9686395e-05,2.0,3.0001876,5.4097352e-05,-1.4101655,-5.2515505e-05,0.5982871,1.4556102e-06,-4.9999886,-1.4,-6.0828567e-13,0.00011110241,-0.000150003,0.00010000099,0.00030001337,0.00030001337,-0.00030002402,-0.00030002402,0.0001410167,2.9914283e-05,5.000103e-05,9.845699e-10,-0.0029298214,0.0030297122,-2e-09,0.0,-0.00010000099,2.8e-09,2e-09,2.0000017e-09,0.00051550206,-0.00046551306,-5.000303e-05,0.0,1.00048405e-17,0.0004999688,-0.0004999679,-9.8457e-10,0.0,-3.9372792e-14,0.00023392898,-0.0006839211,0.00045002237,0.0,1.081947e-13,0.0007999783,-0.00019997127,-0.0006000374,0.0,-1.05031015e-13,0.00030740598,-0.0007484325,0.00044104073,0.0,2.91122e-15,0.00057186314,-0.0004308525,-0.0001410167,-6.0001595e-09,-2.8e-09,1.1740836e-06,-1.054019e-06,4.2504252e-17
2.0207127272361033e-06,5.0,-5.0,1.0,0.0,0.999998,1.578672e-10,-2.9999695,7.151314e-06,2.0,2.9999373,-1.6017531e-05,-1.4099476,1.5591513e-05,0.5982794,-1.1613615e-06,-4.999989,-1.4,-6.0828057e-13,0.00011108062,-0.00014999883,9.999964e-05,0.00029999533,0.00029999533,-0.00029999216,-0.00029999219,0.00014099464,2.991403e-05,4.9999544e-05,-3.5755784e-10,-0.002929811,0.0030296782,-2e-09,0.0,-9.999964e-05,2.8e-09,2e-09,1.9999962e-09,0.0005155013,-0.00046551382,-5.0001545e-05,0.0,3.1573373e-19,0.0004999682,-0.00049996853,3.5755782e-10,0.0,1.4302629e-14,0.00023394266,-0.00068391254,0.00045000017,0.0,-3.2035057e-14,0.00079995603,-0.00019999887,-0.0005999875,0.0,3.1183027e-14,0.00030742926,-0.00074840186,0.00044098683,0.0,-2.3227232e-15,0.0005718507,-0.00043086207,-0.00014099464,-5.9999388e-09,-2.8e-09,1.162838e-06,-1.0206131e-06,-1.6964341e-17
2.7977307060120098e-06,5.0,-5.0,1.0,0.0,0.9999994,-3.1484268e-10,-2.9999917,1.9700678e-06,2.0,2.9999933,9.053413e-07,-1.4100015,-3.191799e-06,0.59828144,-4.222893e-07,-4.999989,-1.4,-6.0828187e-13,0.00011108602,-0.00014999967,9.99999e-05,0.00029999926,0.00029999926,-0.00029999964,-0.00029999967,0.00014100011,2.9914094e-05,4.999987e-05,-9.851913e-11,-0.002929809,0.0030296529,-2e-09,0.0,-9.99999e-05,2.8e-09,2e-09,1.9999988e-09,0.0005155015,-0.00046551364,-5.0001872e-05,0.0,-6.2968406e-19,0.0004999683,-0.0004999684,9.851913e-11,0.0,3.940135e-15,0.00023393985,-0.00068391446,0.0004500049,0.0,1.810682e-15,0.00079996116,-0.00019999262,-0.00059999886,0.0,-6.3836016e-15,0.0003074236,-0.0007484091,0.00044099978,0.0,-8.445786e-16,0.0005718538,-0.00043085968,-0.00014100011,-5.999983e-09,-2.8e-09,1.1607844e-06,-9.949092e-07,-1.886353e-17
4.351766663563823e-06,5.0,-5.0,1.0,0.0,0.9999988,1.8287889e-10,-2.9999852,3.409512e-06,2.0,2.999976,-4.5940833e-06,-1.4099839,3.320535e-06,0.5982808,-6.7872594e-07,-4.9999895,-1.4,-6.0828144e-13,0.00011108424,-0.00014999943,9.999983e-05,0.00029999806,0.00029999806,-0.00029999725,-0.00029999725,0.00014099832,2.9914072e-05,4.999977e-05,-1.7046645e-10,-0.0029298102,0.0030296394,-2e-09,0.0,-9.999983e-05,2.8e-09,2e-09,1.9999975e-09,0.0005155014,-0.0004655137,-5.000177e-05,0.0,3.6575996e-19,0.0004999683,-0.0004999684,1.7046646e-10,0.0,6.8190235e-15,0.00023394066,-0.0006839139,0.00045000348,0.0,-9.188169e-15,0.0007999596,-0.00019999457,-0.0005999953,0.0,6.6410636e-15,0.00030742545,-0.00074840675,0.0004409956,0.0,-1.3574518e-15,0.0005718528,-0.00043086047,-0.00014099832,-5.9999703e-09,-2.8e-09,1.1621947e-06,-9.81459e-07,-1.5297274e-17
0.0019990000000000003,5.0,-5.0,1.0,0.0,0.999999,-1.4587442e-11,-2.999987,3.019589e-06,2.0,2.999981,-2.9715338e-06,-1.4099891,1.3411675e-06,0.59828097,-6.008095e-07,-4.9999895,-1.4,-6.0828155e-13,0.000111084766,-0.0001499995,9.9999845e-05,0.00029999838,0.00029999838,-0.00029999795,-0.00029999798,0.00014099885,2.9914077e-05,4.99998e-05,-1.5098017e-10,-0.002929811,0.0030296366,-2e-09,0.0,-9.9999845e-05,2.8e-09,2e-09,1.999998e-09,0.0005155014,-0.00046551367,-5.00018e-05,0.0,-2.917466e-20,0.0004999683,-0.0004999684,1.5098017e-10,0.0,6.0391776e-15,0.00023394043,-0.00068391406,0.0004500039,0.0,-5.943068e-15,0.00079996005,-0.00019999401,-0.00059999636,0.0,2.6823357e-15,0.00030742487,-0.00074840744,0.0004409968,0.0,-1.201619e-15,0.0005718531,-0.00043086027,-0.00014099885,-5.999974e-09,-2.8e-09,1.1627931e-06,-9.786686e-07,-1.479666e-17
0.002,5.0,-5.0,1.0,0.0,1.0000082,-9.870915e-09,-2.9999862,5.5407654e-06,2.0,3.0000021,8.002408e-06,-1.4100214,-1.3898997e-05,0.5982819,-3.6855607e-07,-4.9999895,-1.4,-6.082823e-13,0.00011108799,-0.00014999959,9.999972e-05,0.0002999994,0.0002999994,-0.0003000016,-0.00030000161,0.0001410021,2.9914116e-05,5.0000137e-05,-2.775318e-10,-0.0029298114,0.0030296368,-2e-09,0.0,-9.999972e-05,2.8e-09,2e-09,2.0000166e-09,0.00051550136,-0.0004655133,-5.0002138e-05,0.0,-1.974183e-17,0.00049996824,-0.0004999685,2.7753183e-10,0.0,1.10815305e-14,0.0002339403,-0.000683915,0.000450005,0.0,1.6004816e-14,0.0007999621,-0.00019999142,-0.000600001,0.0,-2.7797995e-14,0.00030742164,-0.00074841105,0.0004410037,0.0,-7.3711216e-16,0.0005718549,-0.00043085884,-0.0001410021,-5.999972e-09,-2.8e-09,1.1627861e-06,-9.786617e-07,2.8719287e-17
0.0020001,5.0,-5.0,1.0,0.1,1.0000033,0.09015504,-3.0615811,0.0071442313,2.0,3.0497344,-0.0059232656,-1.4298614,0.002390291,0.5986756,-5.329264e-05,-4.9999895,-1.4,-6.0872764e-13,0.00011304372,-0.00015343627,9.9642784e-05,0.0003055658,0.00030556577,-0.00030473442,-0.00030473442,0.00014298082,2.9936446e-05,4.9642957e-05,4.1505405e-06,-0.0029296041,0.0030290734,-2e-09,-2e-10,-9.964272e-05,2.8e-09,2e-09,2.0000066e-09,0.0005153138,-0.000465683,-4.9644885e-05,2e-10,1.8031009e-10,0.00050188653,-0.0004977379,-4.1499e-06,0.0,1.4288463e-11,0.00022779503,-0.0006867694,0.00045900524,0.0,-1.1846531e-11,0.0008054468,-0.00019518122,-0.00061029644,0.0,4.780582e-12,0.00030501792,-0.00075271615,0.00044771275,0.0,-1.0658527e-13,0.00057298114,-0.0004300071,-0.0001429801,-6.123162e-09,-2.8e-09,1.1628524e-06,-9.786047e-07,2.855147e-17
0.0020003,5.0,-5.0,1.0,0.3,0.9999996,0.28407276,-3.2261784,0.014473307,2.0,3.1991792,-0.013499569,-1.4948972,0.0059298235,0.5999888,-0.00013291907,-4.9999895,-1.4,-6.10121e-13,0.00011946996,-0.0001620326,9.927634e-05,0.0003212679,0.00032126787,-0.00031932493,-0.00031932493,0.00014947644,3.0006087e-05,4.9276314e-05,1.3479972e-05,-0.0029277764,0.0030268808,-2e-09,-6e-10,-9.9276294e-05,2.8e-09,2e-09,1.9999993e-09,0.0005151214,-0.00046585716,-4.9278275e-05,6e-10,5.6814553e-10,0.00050567667,-0.00049220066,-1.3480044e-05,0.0,2.8946614e-11,0.00021068502,-0.0006939576,0.00048330516,0.0,-2.6999137e-11,0.0008210416,-0.00018048337,-0.00064059056,0.0,1.1859647e-11,0.00029739097,-0.0007661757,0.00046879984,0.0,-2.6583813e-13,0.0005766978,-0.00042722787,-0.000149476,-6.452357e-09,-2.8e-09,1.1630193e-06,-9.784424e-07,4.8998527e-18
0.0020006000000000004,5.0,-5.0,1.0,0.6,0.99999905,0.5843144,-3.520089,0.016055964,2.0,3.4869707,-0.016558994,-1.6272465,0.007911281,0.6026653,-0.00017410007,-4.9999895,-1.4,-6.128394e-13,0.00013256526,-0.00017680724,9.9197205e-05,0.000350353,0.00035035296,-0.00034790594,-0.0003479059,0.00016270723,3.0141971e-05,4.919715e-05,2.841292e-05,-0.0029229654,0.003021993,-2e-09,-1.2e-09,-9.919721e-05,2.8e-09,2e-09,1.999998e-09,0.0005150798,-0.00046589473,-4.919916e-05,1.2e-09,1.1686289e-09,0.000510899,-0.0004824932,-2.8414059e-05,0.0,3.2111928e-11,0.00017919173,-0.0007063234,0.0005271672,0.0,-3.3117984e-11,0.00085010624,-0.00015188266,-0.0006982588,0.0,1.5822562e-11,0.00028222395,-0.0007928206,0.00051061314,0.0,-3.4820015e-13,0.0005843014,-0.00042160033,-0.00016270722,-7.0401778e-09,-2.8e-09,1.1633132e-06,-9.781485e-07,5.3535662e-17
0.0020006554041905682,5.0,-5.0,1.0,0.6554042,0.99999905,0.63963455,-3.5756712,0.015990408,2.0,3.5428877,-0.01639169,-1.6536736,0.0078118634,0.6031859,-0.0001690925,-4.9999895,-1.4,-6.1335496e-13,0.00013518265,-0.00017958309,9.920048e-05,0.00035592797,0.00035592794,-0.00035350758,-0.00035350755,0.00016535046,3.0167748e-05,4.9200433e-05,3.1182208e-05,-0.0029218323,0.0030208635,-2e-09,-1.3108084e-09,-9.920049e-05,2.8e-09,2e-09,1.999998e-09,0.00051508157,-0.00046589316,-4.920245e-05,1.3108084e-09,1.2792691e-09,0.00051169674,-0.00048052237,-3.118339e-05,0.0,3.1980814e-11,0.000173107,-0.0007085889,0.00053551805,0.0,-3.2783384e-11,0.0008557012,-0.00014630178,-0.00070943526,0.0,1.5623726e-11,0.00027925323,-0.0007980943,0.00051885785,0.0,-3.38185e-13,0.0005858292,-0.0004204849,-0.0001653504,-7.1513426e-09,-2.8e-09,1.1633688e-06,-9.780929e-07,5.0775248e-17
0.002000766212571704,5.0,-5.0,1.0,0.7662126,0.9999991,0.7502721,-3.685049,0.016305411,2.0,3.6526845,-0.016182043,-1.7058201,0.0074432953,0.6041773,-0.00015186398,-4.9999895,-1.4,-6.1432906e-13,0.00014035025,-0.00018506772,9.918473e-05,0.0003668867,0.00036688667,-0.0003645241,-0.0003645241,0.00017056681,3.0216457e-05,4.9184684e-05,3.6698337e-05,-0.0029192814,0.0030182977,-2e-09,-1.5324252e-09,-9.9184756e-05,2.8e-09,2e-09,1.9999982e-09,0.0005150733,-0.00046590064,-4.918671e-05,1.5324252e-09,1.5005442e-09,0.0005130256,-0.00047633654,-3.6699657e-05,0.0,3.261082e-11,0.00016097774,-0.00071290194,0.0005519614,0.0,-3.2364087e-11,0.0008667171,-0.0001353438,-0.0007314103,0.0,1.488659e-11,0.0002734652,-0.0008085385,0.00053509057,0.0,-3.0372796e-13,0.00058885897,-0.00041829835,-0.00017056671,-7.370098e-09,-2.8e-09,1.1634781e-06,-9.779835e-07,5.788091e-19
0.0020008514072338782,5.0,-5.0,1.0,0.85140723,0.999999,0.83534527,-3.7700696,0.016318502,2.0,3.7374167,-0.016326237,-1.745489,0.007548829,0.6048922,-0.00015073839,-4.9999895,-1.4,-6.150429e-13,0.00014428169,-0.0001893194,9.918408e-05,0.00037537434,0.0003753743,-0.0003729868,-0.0003729868,0.00017453384,3.0252144e-05,4.9184026e-05,4.0951338e-05,-0.0029170301,0.0030160465,-2e-09,-1.7028144e-09,-9.918408e-05,2.8e-09,2e-09,1.999998e-09,0.00051507296,-0.00046590096,-4.9186026e-05,1.7028144e-09,1.6706906e-09,0.00051386957,-0.00047292837,-4.095301e-05,0.0,3.2637004e-11,0.00015142484,-0.00071608805,0.0005647013,0.0,-3.2652478e-11,0.00087522477,-0.00012690145,-0.0007483611,0.0,1.5097657e-11,0.00026910062,-0.0008166036,0.00054752064,0.0,-3.0147675e-13,0.0005911738,-0.0004166461,-0.00017453384,-7.540139e-09,-2.8e-09,1.1635632e-06,-9.778985e-07,-2.843355e-17
0.002001,5.0,-5.0,1.0,1.0,0.999999,0.9839342,-3.9184265,0.016376533,2.0,3.8856301,-0.016397957,-1.8151186,0.0075698174,0.60610807,-0.00014531807,-4.9999895,-1.4,-6.1625336e-13,0.00015118465,-0.00019674015,9.9181176e-05,0.00039020285,0.00039020283,-0.00038780604,-0.00038780604,0.00018149732,3.0312669e-05,4.9181122e-05,4.8377886e-05,-0.00291267,0.0030116844,-2e-09,-2e-09,-9.9181176e-05,2.8e-09,2e-09,1.999998e-09,0.0005150714,-0.00046590233,-4.9183127e-05,2e-09,1.9678685e-09,0.0005150248,-0.00046665885,-4.8379854e-05,0.0,3.2753064e-11,0.00013453541,-0.00072144665,0.00058695086,0.0,-3.2795915e-11,0.0008900963,-0.00011212673,-0.0007780089,0.0,1.5139634e-11,0.0002615237,-0.0008308087,0.00056930335,0.0,-2.9063617e-13,0.00059525465,-0.00041376345,-0.00018149732,-7.836853e-09,-2.8e-09,1.1637115e-06,-9.777501e-07,-2.459572e-18
0.00200100973653282,5.0,-5.0,1.0,1.0,0.9999984,0.9892529,-3.9274468,0.015450966,2.0,3.8951578,-0.016144337,-1.8196552,0.007529895,0.60618544,-0.00014466765,-4.9999895,-1.4,-6.163301e-13,0.00015163455,-0.0001971449,9.922745e-05,0.00039113025,0.00039113022,-0.0003887628,-0.0003887628,0.00018195105,3.0316505e-05,4.9227372e-05,4.8690097e-05,-0.0029123637,0.0030114246,-2e-09,-2e-09,-9.9227495e-05,2.8e-09,2e-09,1.9999968e-09,0.0005150957,-0.00046588038,-4.9229413e-05,2e-09,1.9785058e-09,0.000515065,-0.000466387,-4.8691927e-05,0.0,3.090193e-11,0.00013346213,-0.0007217053,0.0005882829,0.0,-3.2288675e-11,0.00089102087,-0.0001111673,-0.000779893,0.0,1.505979e-11,0.000261035,-0.00083173043,0.00057071383,0.0,-2.893353e-13,0.0005955215,-0.00041357655,-0.00018195105,-7.854894e-09,-2.8e-09,1.1637205e-06,-9.777411e-07,-1.0547325e-18
0.00200102920959846,5.0,-5.0,1.0,1.0,0.99999744,0.9954997,-3.9432137,0.01307073,2.0,3.9130847,-0.015064284,-1.8284507,0.0072783385,0.606337,-0.00014119997,-4.9999895,-1.4,-6.164782e-13,0.00015250703,-0.00019781422,9.9346464e-05,0.00039281495,0.0003928149,-0.00039058065,-0.00039058062,0.00018283095,3.0323912e-05,4.9346334e-05,4.9121445e-05,-0.0029118378,0.0030110178,-2e-09,-2e-09,-9.934644e-05,2.8e-09,2e-09,1.9999948e-09,0.0005151582,-0.00046582392,-4.9348313e-05,2e-09,1.9909994e-09,0.0005151456,-0.00046603606,-4.912353e-05,0.0,2.6141459e-11,0.00013154616,-0.0007221434,0.0005906371,0.0,-3.012857e-11,0.00089269324,-0.00010933733,-0.00078339555,0.0,1.4556677e-11,0.00026009188,-0.0008334849,0.0005734116,0.0,-2.8239994e-13,0.0005960392,-0.00041321435,-0.00018283095,-7.8864275e-09,-2.8e-09,1.1637362e-06,-9.777253e-07,-1.0984288e-17
0.00200106815572974,5.0,-5.0,1.0,1.0,0.9999969,0.9992756,-3.9650939,0.008544568,2.0,3.9416974,-0.011698168,-1.8435475,0.0061566024,0.6066067,-0.00012400617,-4.9999895,-1.4,-6.167306e-13,0.00015400577,-0.00019868193,9.9572775e-05,0.00039533956,0.00039533954,-0.00039355407,-0.00039355404,0.00018434235,3.0336538e-05,4.9572616e-05,4.953655e-05,-0.0029111416,0.0030105475,-2e-09,-2e-09,-9.957261e-05,2.8e-09,2e-09,1.999994e-09,0.000515277,-0.00046571658,-4.9574453e-05,2e-09,1.998551e-09,0.00051527505,-0.00046574994,-4.9539136e-05,0.0,1.7089137e-11,0.00012880926,-0.00072279887,0.0005940297,0.0,-2.3396337e-11,0.00089519937,-0.00010634573,-0.00078889355,0.0,1.2313205e-11,0.00025848823,-0.0008363658,0.00057789625,0.0,-2.4801233e-13,0.00059692905,-0.0004125929,-0.00018434231,-7.930188e-09,-2.8e-09,1.1637582e-06,-9.777034e-07,-5.196967e-17
0.002001146047992299,5.0,-5.0,1.0,1.0,0.99999774,1.0000172,-3.9860995,0.0034788062,2.0,3.9742382,-0.005930598,-1.8626229,0.0035843505,0.60696954,-7.796354e-05,-4.9999895,-1.4,-6.1704716e-13,0.00015590202,-0.0001994789,9.982606e-05,0.00039801688,0.00039801685,-0.00039706536,-0.00039706536,0.00018625449,3.0352376e-05,4.9825947e-05,4.9826915e-05,-0.002910531,0.00301019,-2e-09,-2e-09,-9.982592e-05,2.8e-09,2e-09,1.9999955e-09,0.00051541004,-0.0004655963,-4.9827806e-05,2e-09,2.0000341e-09,0.00051541015,-0.00046559484,-4.9829334e-05,0.0,6.957613e-12,0.00012611198,-0.00072357536,0.00059750373,0.0,-1.1861196e-11,0.0008978944,-0.000102852915,-0.0007950817,0.0,7.168701e-12,0.0002564849,-0.00083978544,0.0005833194,0.0,-1.5592707e-13,0.00059805566,-0.0004118074,-0.00018625437,-7.972199e-09,-2.8e-09,1.1637792e-06,-9.776825e-07,-7.727252e-17
0.002001301832517418,5.0,-5.0,1.0,1.0,0.99999887,0.9999947,-3.998414,0.00039487984,2.0,3.9967911,-0.0008113755,-1.8776199,0.0005932132,0.60727954,-1.5126646e-05,-4.9999895,-1.4,-6.1729457e-13,0.00015739568,-0.00019994045,9.998026e-05,0.00039976026,0.00039976026,-0.0003996198,-0.0003996198,0.00018776047,3.0364736e-05,4.99802e-05,4.997999e-05,-0.0029102275,0.0030100408,-2e-09,-2e-09,-9.9980236e-05,2.8e-09,2e-09,1.9999977e-09,0.0005154911,-0.000465523,-4.9982176e-05,2e-09,1.9999893e-09,0.0005154911,-0.00046552316,-4.998201e-05,0.0,7.897597e-13,0.00012449773,-0.0007241658,0.0005997086,0.0,-1.622751e-12,0.00089971296,-0.0001003737,-0.0007993798,0.0,1.1864263e-12,0.00025492735,-0.0008422884,0.0005873801,0.0,-3.025329e-14,0.0005989433,-0.00041118904,-0.00018776042,-7.996828e-09,-2.8e-09,1.1637915e-06,-9.776702e-07,-4.9704443e-17
0.002001449744992487,5.0,-5.0,1.0,1.0,0.999999,1.0000052,-4.0001607,-3.9132305e-05,2.0,4.000374,0.00010660689,-1.8802916,-7.879912e-05,0.6073397,1.1831057e-06,-4.9999895,-1.4,-6.173385e-13,0.00015766236,-0.00020000608,0.00010000196,0.00040002674,0.00040002674,-0.00040004528,-0.00040004528,0.00018802928,3.0366926e-05,5.000191e-05,5.0002218e-05,-0.0029101935,0.0030100287,-2e-09,-2e-09,-0.00010000196,2.8e-09,2e-09,1.999998e-09,0.0005155025,-0.00046551268,-5.0003906e-05,2e-09,2.0000106e-09,0.0005155026,-0.0004655124,-5.000422e-05,0.0,-7.826461e-14,0.00012426579,-0.0007242661,0.00060004083,0.0,2.132138e-13,0.0009000049,-9.997342e-05,-0.000800072,0.0,-1.5759825e-13,0.0002546522,-0.0008427077,0.00058807456,0.0,2.3662113e-15,0.0005991018,-0.00041107865,-0.00018802928,-8.000321e-09,-2.8e-09,1.1637933e-06,-9.776684e-07,-7.813065e-18
0.0020016790921942875,5.0,-5.0,1.0,1.0,0.999999,0.9999964,-3.9999752,5.068045e-06,2.0,3.999949,-1.3158566e-05,-1.8799654,7.1667846e-06,0.60733247,-6.5502235e-07,-4.9999895,-1.4,-6.1733317e-13,0.00015762982,-0.00019999902,9.999975e-05,0.0003999962,0.0003999962,-0.00039999417,-0.00039999417,0.00018799648,3.0366658e-05,4.9999697e-05,4.999957e-05,-0.0029101968,0.0030100294,-2e-09,-2e-09,-9.999975e-05,2.8e-09,2e-09,1.999998e-09,0.00051550136,-0.00046551373,-5.0001698e-05,2e-09,1.9999928e-09,0.00051550136,-0.00046551388,-5.0001567e-05,0.0,1.013609e-14,0.00012429069,-0.0007242534,0.0006000032,0.0,-2.6317126e-14,0.00089997123,-0.000100021425,-0.0007999904,0.0,1.433357e-14,0.00025468573,-0.0008426573,0.0005879906,0.0,-1.3100448e-15,0.00059908244,-0.0004110921,-0.00018799648,-7.99995e-09,-2.8e-09,1.1637931e-06,-9.776686e-07,6.018264e-18
0.0020027392836755144,5.0,-5.0,1.0,1.0,0.999999,0.9999983,-3.9999814,3.9107763e-06,2.0,3.9999712,-5.258004e-06,-1.8799832,2.1651156e-06,0.6073328,-5.9608124e-07,-4.9999895,-1.4,-6.1733344e-13,0.0001576316,-0.00019999928,9.99998e-05,0.00039999763,0.00039999763,-0.00039999688,-0.00039999688,0.00018799826,3.0366673e-05,4.9999755e-05,4.999972e-05,-0.0029101965,0.0030100294,-2e-09,-2e-09,-9.99998e-05,2.8e-09,2e-09,1.999998e-09,0.00051550136,-0.0004655137,-5.0001756e-05,2e-09,1.9999964e-09,0.00051550136,-0.00046551373,-5.0001716e-05,0.0,7.821553e-15,0.00012428979,-0.00072425423,0.0006000049,0.0,-1.0516009e-14,0.0008999728,-0.000100018835,-0.0007999945,0.0,4.330231e-15,0.00025468387,-0.00084266,0.00058799516,0.0,-1.1921625e-15,0.0005990835,-0.00041109137,-0.00018799826,-7.999963e-09,-2.8e-09,1.1637931e-06,-9.776686e-07,-1.1464555e-17
0.005001000669837738,5.0,-5.0,0.99933016,1.0,0.99998355,0.99999464,-3.999983,-1.2330039e-06,2.0,3.9999719,-5.6732706e-06,-1.8799875,-4.6526563e-07,0.60733294,-5.401256e-07,-4.9999895,-1.4,-6.173335e-13,0.000157632,-0.0001999991,0.00010000006,0.00039999775,0.00039999775,-0.00039999723,-0.00039999723,0.0001879987,3.0366675e-05,4.999924e-05,4.999979e-05,-0.0029101947,0.0030100278,-1.9986603e-09,-2e-09,-0.00010000006,2.8e-09,1.9986603e-09,1.999967e-09,0.0005154995,-0.00046551233,-5.000124e-05,2e-09,1.9999893e-09,0.0005155015,-0.0004655138,-5.0001792e-05,0.0,-2.4660079e-15,0.00012428945,-0.0007242538,0.00060000486,0.0,-1.1346542e-14,0.0008999732,-0.000100018755,-0.000799995,0.0,-9.305312e-16,0.0002546835,-0.0008426604,0.0005879959,0.0,-1.0802511e-15,0.0005990838,-0.0004110912,-0.0001879987,-7.999966e-09,-2.8e-09,1.1637931e-06,-9.776686e-07,-3.046474e-17
0.005001002679366281,5.0,-5.0,0.99732065,1.0,0.9997481,0.9999951,-3.999978,-5.8700927e-05,2.0,3.9999719,-3.08832e-06,-1.8799871,-2.7494573e-07,0.60733294,-5.4389704e-07,-4.9999895,-1.4,-6.173335e-13,0.00015763198,-0.00019999596,0.00010000294,0.0003999975,0.0003999975,-0.00039999723,-0.00039999723,0.00018799867,3.0366675e-05,4.999034e-05,5.0002687e-05,-0.0029101889,0.003010025,-1.9946413e-09,-2e-09,-0.00010000294,2.8e-09,1.9946413e-09,1.9994961e-09,0.00051549403,-0.0004655157,-4.999234e-05,2e-09,1.9999902e-09,0.00051550305,-0.0004655124,-5.0004688e-05,0.0,-1.1740186e-13,0.00012428807,-0.00072424905,0.0006000014,0.0,-6.1766396e-15,0.0008999728,-0.00010001867,-0.0007999947,0.0,-5.4989146e-16,0.0002546835,-0.0008426604,0.00058799586,0.0,-1.0877941e-15,0.0005990837,-0.00041109123,-0.00018799867,-7.999956e-09,-2.8e-09,1.1637931e-06,-9.776686e-07,-5.115846e-17
0.005001005358737673,5.0,-5.0,0.99464124,1.0,0.99906003,0.9999955,-3.9999442,-0.00022217908,2.0,3.9999692,1.2538336e-05,-1.8799866,-7.62553e-07,0.60733294,-5.4706277e-07,-4.9999895,-1.4,-6.173335e-13,0.00015763193,-0.0001999861,0.00010001111,0.00039999568,0.00039999568,-0.000399997,-0.000399997,0.00018799862,3.0366675e-05,4.996411e-05,5.0010884e-05,-0.0029101828,0.003010027,-1.9892825e-09,-2e-09,-0.00010001111,2.8e-09,1.9892825e-09,1.9981201e-09,0.000515488,-0.00046553588,-4.996611e-05,2e-09,1.9999908e-09,0.0005155073,-0.0004655085,-5.0012884e-05,0.0,-4.4435815e-13,0.000124286,-0.0007242353,0.0005999898,0.0,2.5076673e-14,0.0008999705,-0.000100018326,-0.0007999927,0.0,-1.5251059e-15,0.00025468355,-0.00084266014,0.00058799563,0.0,-1.0941255e-15,0.0005990837,-0.00041109123,-0.00018799862,-7.999889e-09,-2.8e-09,1.1637931e-06,-9.776686e-07,-3.754597e-17
0.005001010717480455,5.0,-5.0,0.98928255,1.0,0.99672806,0.99999595,-3.9997177,-0.0007484222,2.0,3.9999352,0.00010870564,-1.8799832,-9.27638e-06,0.60733294,-5.1505384e-07,-4.9999895,-1.4,-6.1733344e-13,0.00015763158,-0.00019994847,0.00010003742,0.00039998264,0.00039998264,-0.00039999443,-0.00039999443,0.00018799826,3.0366673e-05,4.9873823e-05,5.003722e-05,-0.0029101777,0.003010048,-1.978565e-09,-2e-09,-0.00010003742,2.8e-09,1.978565e-09,1.993456e-09,0.00051547843,-0.0004656166,-4.9875824e-05,2e-09,1.999992e-09,0.00051552115,-0.000465496,-5.0039216e-05,0.0,-1.4968443e-12,0.0001242922,-0.00072419085,0.0005999391,0.0,2.1741128e-13,0.0008999545,-0.000100018005,-0.0007999771,0.0,-1.855276e-14,0.00025468407,-0.00084265776,0.0005879927,0.0,-1.0301076e-15,0.0005990835,-0.00041109137,-0.00018799826,-7.999436e-09,-2.8e-09,1.1637928e-06,-9.776688e-07,-8.922681e-18
0.005001021434966021,5.0,-5.0,0.97856504,1.0,0.9897029,0.9999962,-3.9984024,-0.0021757935,2.0,3.999576,0.0005868659,-1.8799275,-8.6268665e-05,0.60733265,6.23817e-08,-4.9999895,-1.4,-6.173326e-13,0.00015762614,-0.00019981133,0.00010010879,0.0003998989,0.0003998989,-0.00039996626,-0.00039996626,0.00018799276,3.0366627e-05,4.9593935e-05,5.01086e-05,-0.0029102024,0.003010144,-1.95713e-09,-2e-09,-0.00010010877,2.8e-09,1.95713e-09,1.9794058e-09,0.0005154618,-0.0004658797,-4.9595976e-05,2e-09,1.9999924e-09,0.00051555864,-0.00046546213,-5.0110582e-05,0.0,-4.3515872e-12,0.00012438706,-0.0007240649,0.0005997183,0.0,1.1737318e-12,0.0008998594,-0.000100034784,-0.00079986517,0.0,-1.7253733e-13,0.0002546913,-0.0008426312,0.000587959,0.0,1.2476339e-16,0.00059908023,-0.00041109364,-0.00018799276,-7.996805e-09,-2.8e-09,1.1637915e-06,-9.776702e-07,5.569736e-18
0.0050010428699371525,5.0,-5.0,0.9571301,1.0,0.9714243,0.9999963,-3.9921482,-0.005181806,2.0,3.9967794,0.0023155925,-1.8792653,-0.0005299697,0.60732687,5.0308154e-06,-4.9999895,-1.4,-6.1732184e-13,0.00015756095,-0.00019934832,0.00010025909,0.00039944638,0.00039944638,-0.00039973092,-0.00039973092,0.00018792703,3.0366093e-05,4.8830305e-05,5.0258906e-05,-0.002910387,0.0030104788,-1.91426e-09,-2e-09,-0.00010025903,2.8e-09,1.91426e-09,1.9428488e-09,0.00051541365,-0.00046659482,-4.8832488e-05,2e-09,1.9999926e-09,0.0005156376,-0.00046539083,-5.026084e-05,0.0,-1.0363612e-11,0.00012498075,-0.0007237432,0.0005988028,0.0,4.631185e-12,0.0008993805,-0.00010024363,-0.0007991774,0.0,-1.0599395e-12,0.00025476926,-0.00084240816,0.00058765797,0.0,1.0061631e-14,0.0005990413,-0.00041112042,-0.00018792704,-7.984296e-09,-2.8e-09,1.1637852e-06,-9.776765e-07,3.4265484e-17
0.005001085739879415,5.0,-5.0,0.91426015,1.0,0.93008083,0.9999969,-3.96873,-0.009662941,2.0,3.9815116,0.006390739,-1.8742969,-0.0020316998,0.6072684,2.7350443e-05,-4.9999895,-1.4,-6.172409e-13,0.00015707049,-0.00019795334,0.00010048315,0.00039751208,0.00039751208,-0.0003983543,-0.0003983543,0.00018743244,3.0362053e-05,4.698719e-05,5.048299e-05,-0.0029111246,0.0030114402,-1.8285202e-09,-2e-09,-0.00010048313,2.8e-09,1.8285202e-09,1.8601617e-09,0.00051523035,-0.00046825391,-4.698951e-05,2e-09,1.999994e-09,0.00051575544,-0.0004652845,-5.048497e-05,0.0,-1.9325881e-11,0.0001274726,-0.0007229067,0.0005954743,0.0,1.2781479e-11,0.0008974276,-0.00010160073,-0.00079586724,0.0,-4.0634e-12,0.00025532604,-0.0008410942,0.0005857872,0.0,5.4700886e-14,0.0005987488,-0.00041132237,-0.00018743254,-7.93746e-09,-2.8e-09,1.1637618e-06,-9.776998e-07,1.99844e-17
0.005001171479763941,5.0,-5.0,0.82852024,1.0,0.84458834,0.9999981,-3.9002879,-0.013925228,2.0,3.9243298,0.012020755,-1.8514632,-0.004781121,0.60694057,7.8436766e-05,-4.9999895,-1.4,-6.1686165e-13,0.00015481138,-0.00019431814,0.00010069626,0.00039123086,0.0003912309,-0.00039291108,-0.00039291108,0.00018515416,3.0343106e-05,4.2925676e-05,5.0696166e-05,-0.0029131654,0.0030136937,-1.6570405e-09,-2e-09,-0.00010069644,2.8e-09,1.6570405e-09,1.6891767e-09,0.0005146003,-0.00047168435,-4.292782e-05,2e-09,1.9999962e-09,0.0005158676,-0.00046518332,-5.0698338e-05,0.0,-2.7850456e-11,0.00013510257,-0.0007206221,0.00058555906,0.0,2.404151e-11,0.00089119206,-0.00010708763,-0.0007841442,0.0,-9.5622425e-12,0.00025783406,-0.0008358817,0.0005780664,0.0,1.5687354e-13,0.00059740513,-0.0004122568,-0.00018515445,-7.800575e-09,-2.8e-09,1.1636934e-06,-9.777683e-07,6.1946075e-18
0.005001334537330749,5.0,-5.0,0.6654627,1.0,0.68152106,0.9999989,-3.7458532,-0.01608314,2.0,3.7775908,0.015868653,-1.7860368,-0.0071898676,0.605879,0.00013563094,-4.9999895,-1.4,-6.1574286e-13,0.00014833054,-0.0001864885,0.00010080416,0.0003761722,0.00037617222,-0.00037847806,-0.0003784781,0.00017861725,3.0287169e-05,3.488021e-05,5.08041e-05,-0.0029172583,0.0030178933,-1.3309254e-09,-2e-09,-0.00010080429,2.8e-09,1.3309254e-09,1.3630421e-09,0.00051286904,-0.0004779969,-3.488173e-05,2e-09,1.9999977e-09,0.0005159243,-0.00046513212,-5.0806233e-05,0.0,-3.216628e-11,0.00015249946,-0.0007151312,0.00056266965,0.0,3.1737304e-11,0.00087623997,-0.000121626006,-0.00075465225,0.0,-1.4379735e-11,0.00026499687,-0.00082207547,0.00055709673,0.0,2.7126188e-13,0.0005935652,-0.00041495363,-0.00017861769,-7.491706e-09,-2.8e-09,1.163539e-06,-9.779227e-07,1.4046825e-17
0.005001517321935665,5.0,-5.0,0.48267806,1.0,0.4987403,0.999999,-3.5640218,-0.016320465,2.0,3.5968351,0.016406443,-1.701743,-0.0076398016,0.6043901,0.0001548853,-4.9999895,-1.4,-6.1423463e-13,0.00013997869,-0.00017738507,0.000100816025,0.00035804283,0.00035804286,-0.00036044748,-0.0003604475,0.0001701898,3.021176e-05,2.5753037e-05,5.0815972e-05,-0.0029212988,0.003021944,-9.653561e-10,-2e-09,-0.00010081606,2.8e-09,9.653561e-10,9.974807e-10,0.00051031617,-0.0004845691,-2.5754072e-05,2e-09,1.999998e-09,0.00051593053,-0.00046512653,-5.081801e-05,0.0,-3.264093e-11,0.0001727621,-0.0007081619,0.00053543586,0.0,3.2812884e-11,0.00085817673,-0.00013972097,-0.0007184922,0.0,-1.5279604e-11,0.00027430683,-0.00080492866,0.0005306391,0.0,3.097706e-13,0.00058864313,-0.00041845883,-0.00017019041,-7.1280435e-09,-2.8e-09,1.1633571e-06,-9.781046e-07,-2.910203e-17
0.005001718490873752,5.0,-5.0,0.28150913,1.0,0.2975682,0.999999,-3.3625705,-0.016250659,2.0,3.3951395,0.01628428,-1.6068544,-0.0075774468,0.60258025,0.0001632403,-4.9999895,-1.4,-6.1241637e-13,0.00013058136,-0.000167316,0.00010081253,0.0003378855,0.00033788552,-0.00034027168,-0.0003402717,0.00016070176,3.012085e-05,1.5690943e-05,5.0812483e-05,-0.0029247103,0.0030253506,-5.6301824e-10,-2e-09,-0.00010081256,2.8e-09,5.6301824e-10,5.9513644e-10,0.0005067065,-0.0004910191,-1.5691567e-05,2e-09,1.999998e-09,0.00051592867,-0.0004651282,-5.081451e-05,0.0,-3.250132e-11,0.00019470946,-0.0006998842,0.0005052088,0.0,3.2568562e-11,0.0008380711,-0.00015994703,-0.0006781585,0.0,-1.5154893e-11,0.00028498512,-0.0007859435,0.00050097465,0.0,3.264806e-13,0.00058314635,-0.00042245025,-0.00016070218,-6.725141e-09,-2.8e-09,1.1631556e-06,-9.78306e-07,-3.569229e-17
0.005002,5.0,-5.0,0.0,1.0,0.016044308,0.999999,-3.0808854,-0.016210338,2.0,3.1133273,0.016220791,-1.474398,-0.0075742495,0.59990746,0.0001789487,-4.9999895,-1.4,-6.0972744e-13,0.00011747142,-0.00015323375,0.00010081052,0.0003097106,0.00030971065,-0.00031209015,-0.00031209015,0.0001474577,2.9986424e-05,1.6127323e-06,5.0810468e-05,-0.002928316,0.003028952,0.0,-2e-09,-0.00010081053,2.8e-09,0.0,3.2088616e-11,0.0005007721,-0.0004991595,-1.6127789e-06,2e-09,1.999998e-09,0.00051592756,-0.00046512915,-5.081248e-05,0.0,-3.2420677e-11,0.00022481727,-0.00068773684,0.00046295073,0.0,3.2441584e-11,0.00080997334,-0.0001882037,-0.0006218011,0.0,-1.5148499e-11,0.0003001371,-0.0007596703,0.00045954814,0.0,3.5789741e-13,0.00057552574,-0.000428074,-0.00014745779,-6.1617706e-09,-2.8e-09,1.162874e-06,-9.785878e-07,-2.2568558e-17
0.005002028150912625,5.0,-5.0,0.0,1.0,0.007985426,1.0000001,-3.0600438,-0.013014425,2.0,3.0890133,0.014484636,-1.4622447,-0.007080566,0.59963274,0.00017238295,-4.9999895,-1.4,-6.0945997e-13,0.00011626875,-0.00015235147,0.00010065072,0.00030745284,0.00030745286,-0.0003096094,-0.0003096094,0.00014624171,2.9973016e-05,1.0499925e-06,5.0650724e-05,-0.0029286789,0.0030291553,0.0,-2e-09,-0.00010065073,2.8e-09,0.0,1.5970853e-11,0.0005004923,-0.0004994424,-1.0500133e-06,2e-09,2.0000002e-09,0.00051584357,-0.00046520488,-5.065273e-05,0.0,-2.602885e-11,0.00022709431,-0.0006868739,0.0004598105,0.0,2.8969273e-11,0.0008077135,-0.00019068236,-0.0006170624,0.0,-1.4161132e-11,0.00030154,-0.00075737643,0.0004558512,0.0,3.447659e-13,0.00057483243,-0.00042859677,-0.00014624174,-6.1200875e-09,-2.8e-09,1.1628531e-06,-9.786086e-07,6.5355296e-18
0.0050020844527378745,5.0,-5.0,0.0,1.0,0.0012848906,1.0000007,-3.031656,-0.007592508,2.0,3.0521126,0.010228289,-1.4425808,-0.005501895,0.5991648,0.00014296592,-4.9999895,-1.4,-6.090218e-13,0.00011432129,-0.00015120317,0.00010037963,0.00030418843,0.00030418843,-0.00030576147,-0.00030576147,0.00014427237,2.995109e-05,4.4386994e-07,5.0379662e-05,-0.0029292153,0.0030294207,0.0,-2e-09,-0.00010037963,2.8e-09,0.0,2.5697812e-12,0.0005001902,-0.0004997463,-4.438725e-07,2e-09,2.0000015e-09,0.0005157011,-0.00046533343,-5.038166e-05,0.0,-1.5185016e-11,0.00023025615,-0.0006856232,0.00045539765,0.0,2.045658e-11,0.00080440566,-0.00019448665,-0.0006099499,0.0,-1.1003791e-11,0.00030378814,-0.00075380737,0.00045003384,0.0,2.8593184e-13,0.0005737114,-0.0004294451,-0.00014427237,-6.0633116e-09,-2.8e-09,1.1628247e-06,-9.78637e-07,3.012307e-17
0.005002197056388374,5.0,-5.0,0.0,1.0,-0.00019814675,0.99999994,-3.00866,-0.0022145275,2.0,3.0166278,0.003983854,-1.4215358,-0.0025311476,0.5986196,7.348544e-05,-4.9999895,-1.4,-6.0854604e-13,0.00011223363,-0.00015032227,0.00010011072,0.0003012644,0.0003012644,-0.0003019159,-0.0003019159,0.00014216093,2.9927303e-05,1.00819044e-07,5.011072e-05,-0.0029296668,0.0030296033,0.0,-2e-09,-0.00010011072,2.8e-09,0.0,-3.962935e-13,0.00050001877,-0.00049991795,-1.0081865e-07,2e-09,1.9999997e-09,0.0005155597,-0.00046546102,-5.011272e-05,0.0,-4.429055e-12,0.00023290022,-0.0006844625,0.00045159267,0.0,7.967707e-12,0.0008013582,-0.00019820844,-0.00060318026,0.0,-5.062295e-12,0.00030615524,-0.0007502177,0.00044407684,0.0,1.469709e-13,0.00057251187,-0.00043035694,-0.00014216093,-6.01732e-09,-2.8e-09,1.1628017e-06,-9.7866e-07,4.35004e-17
0.005002422263689373,5.0,-5.0,0.0,1.0,1.039468e-05,0.999999,-3.0001893,-4.4989385e-05,2.0,3.0004244,0.000117504365,-1.4103631,-0.00011133302,0.5982941,3.7235382e-06,-4.9999895,-1.4,-6.082902e-13,0.00011112215,-0.00015000722,0.000100002246,0.0003000307,0.0003000307,-0.00030005357,-0.00030005357,0.00014103668,2.991452e-05,2.7692029e-09,5.00022e-05,-0.0029298093,0.0030296373,0.0,-2e-09,-0.00010000225,2.8e-09,0.0,2.0789358e-14,0.00049996976,-0.00049996696,-2.7655493e-09,2e-09,1.999998e-09,0.0005155027,-0.00046551254,-5.00042e-05,0.0,-8.9978765e-14,0.00023391556,-0.0006839292,0.00045004388,0.0,2.3500876e-13,0.0007999992,-0.00019994537,-0.0006000842,0.0,-2.2266607e-13,0.0003073848,-0.0007484607,0.0004410902,0.0,7.447077e-15,0.00057187444,-0.00043084382,-0.00014103665,-6.000379e-09,-2.8e-09,1.1627933e-06,-9.786684e-07,3.6802834e-17
0.00500263856338998,5.0,-5.0,0.0,1.0,-3.97039e-05,0.999999,-2.9999073,1.3012075e-05,2.0,2.9997418,-8.2673854e-05,-1.4097426,9.254197e-05,0.59827197,-4.195194e-06,-4.9999895,-1.4,-6.082758e-13,0.00011106001,-0.00014999602,9.999935e-05,0.00029998246,0.00029998246,-0.00029996494,-0.00029996492,0.00014097385,2.9913808e-05,-2.6357987e-09,4.99993e-05,-0.0029298097,0.003029635,0.0,-2e-09,-9.999935e-05,2.8e-09,0.0,-7.9407794e-14,0.0004999671,-0.00049996964,2.639051e-09,2e-09,1.999998e-09,0.00051550113,-0.0004655139,-5.0001297e-05,0.0,2.6024144e-14,0.00023395091,-0.0006839051,0.00044998445,0.0,-1.6534769e-13,0.00079993816,-0.00020002115,-0.0005999473,0.0,1.8508395e-13,0.00030745077,-0.0007483752,0.0004409387,0.0,-8.3903865e-15,0.00057183893,-0.00043087118,-0.0001409738,-5.9998144e-09,-2.8e-09,1.162793e-06,-9.786686e-07,5.3117972e-17
0.005003007092706451,5.0,-5.0,0.0,1.0,2.0689253e-05,0.999999,-2.9999964,5.795768e-06,2.0,3.0000362,1.9834415e-05,-1.4100567,-2.7008819e-05,0.598284,4.6521424e-07,-4.9999895,-1.4,-6.082831e-13,0.00011109155,-0.00015000011,9.999971e-05,0.00030000164,0.00030000164,-0.0003000063,-0.0003000063,0.00014100572,2.9914176e-05,7.4467454e-10,4.999966e-05,-0.0029298118,0.0030296373,0.0,-2e-09,-9.9999714e-05,2.8e-09,0.0,4.1378505e-14,0.00049996877,-0.00049996795,-7.4795947e-10,2e-09,1.999998e-09,0.00051550136,-0.00046551373,-5.0001658e-05,0.0,1.1591531e-14,0.00023393892,-0.0006839164,0.00045000773,0.0,3.966883e-14,0.0007999651,-0.00019998754,-0.00060000794,0.0,-5.401762e-14,0.00030741794,-0.00074841565,0.000441012,0.0,9.304287e-16,0.0005718569,-0.00043085727,-0.0001410057,-5.999993e-09,-2.8e-09,1.1627931e-06,-9.786686e-07,5.939755e-17
0.005003744151339394,5.0,-5.0,0.0,1.0,-8.936554e-06,0.999999,-2.9999855,1.1401826e-06,2.0,2.9999635,-1.0951556e-05,-1.4099663,1.1261148e-05,0.59828025,-9.504351e-07,-4.9999895,-1.4,-6.08281e-13,0.000111082496,-0.00014999934,9.999994e-05,0.00029999745,0.00029999745,-0.00029999524,-0.00029999524,0.00014099653,2.991406e-05,-5.038368e-10,4.9999893e-05,-0.0029298107,0.0030296363,0.0,-2e-09,-9.999994e-05,2.8e-09,0.0,-1.7873127e-14,0.0004999681,-0.0004999686,5.031027e-10,2e-09,1.999998e-09,0.0005155015,-0.00046551364,-5.0001894e-05,0.0,2.280364e-15,0.00023394075,-0.00068391324,0.0004500028,0.0,-2.190312e-14,0.0007999585,-0.00019999607,-0.0005999927,0.0,2.2522303e-14,0.00030742722,-0.0007484047,0.0004409918,0.0,-1.90087e-15,0.00057185174,-0.00043086126,-0.00014099655,-5.999971e-09,-2.8e-09,1.1627931e-06,-9.786686e-07,4.0589326e-17
0.005005218268605281,5.0,-5.0,0.0,1.0,4.1592866e-06,0.999999,-2.9999871,4.0120954e-06,2.0,2.9999878,3.1554373e-07,-1.4099982,-2.684593e-06,0.5982814,-4.6170155e-07,-4.9999895,-1.4,-6.0828176e-13,0.00011108568,-0.00014999956,9.99998e-05,0.00029999873,0.00029999873,-0.00029999905,-0.00029999905,0.00014099976,2.9914092e-05,7.359298e-12,4.9999748e-05,-0.0029298111,0.0030296366,0.0,-2e-09,-9.99998e-05,2.8e-09,0.0,8.318559e-15,0.00049996836,-0.00049996836,-6.088019e-12,2e-09,1.999998e-09,0.00051550136,-0.0004655137,-5.000175e-05,0.0,8.024191e-15,0.00023394034,-0.00068391435,0.0004500043,0.0,6.31087e-16,0.00079996063,-0.0001999932,-0.00059999776,0.0,-5.369186e-15,0.00030742396,-0.0007484085,0.00044099882,0.0,-9.234029e-16,0.0005718536,-0.00043085986,-0.00014099976,-5.9999743e-09,-2.8e-09,1.1627931e-06,-9.786686e-07,1.6616316e-18
0.005954781009302641,5.0,-5.0,0.0,1.0,1.0894214e-07,0.999999,-2.999987,3.073954e-06,2.0,2.999981,-2.9988762e-06,-1.4099889,1.399644e-06,0.59828097,-6.042846e-07,-4.9999895,-1.4,-6.0828155e-13,0.00011108476,-0.0001499995,9.9999845e-05,0.00029999838,0.00029999838,-0.00029999795,-0.00029999795,0.00014099883,2.9914077e-05,-1.4825063e-10,4.9999795e-05,-0.002929811,0.0030296366,0.0,-2e-09,-9.9999845e-05,2.8e-09,0.0,2.1787945e-16,0.0004999683,-0.0004999684,1.481275e-10,2e-09,1.999998e-09,0.0005155014,-0.00046551367,-5.0001796e-05,0.0,6.1479074e-15,0.00023394045,-0.00068391406,0.0004500039,0.0,-5.997753e-15,0.00079996,-0.00019999403,-0.0005999963,0.0,2.799286e-15,0.0003074249,-0.00074840744,0.00044099678,0.0,-1.2085693e-15,0.0005718531,-0.00043086027,-0.00014099883,-5.999974e-09,-2.8e-09,1.1627931e-06,-9.786686e-07,-9.293703e-17
0.006904343750000001,5.0,-5.0,0.0,1.0,-5.513648e-06,0.999999,-2.9999871,1.5764987e-06,2.0,2.999973,-7.027457e-06,-1.4099782,6.215088e-06,0.59828055,-7.628884e-07,-4.9999895,-1.4,-6.0828133e-13,0.00011108368,-0.00014999944,9.999992e-05,0.000299998,0.000299998,-0.0002999967,-0.0002999967,0.00014099776,2.9914067e-05,-3.5450723e-10,4.999987e-05,-0.0029298107,0.0030296363,0.0,-2e-09,-9.999992e-05,2.8e-09,0.0,-1.1027285e-14,0.0004999682,-0.00049996853,3.5305567e-10,2e-09,1.999998e-09,0.0005155015,-0.00046551364,-5.0001872e-05,0.0,3.1529954e-15,0.00023394047,-0.00068391365,0.00045000346,0.0,-1.4054915e-14,0.00079995935,-0.00019999496,-0.00059999473,0.0,1.2430175e-14,0.000307426,-0.00074840616,0.00044099445,0.0,-1.5257768e-15,0.00057185243,-0.00043086073,-0.00014099776,-5.9999743e-09,-2.8e-09,1.1627931e-06,-9.786686e-07,-4.599389e-19
0.006967343750000009,5.0,-5.0,0.0,1.0,-4.895633e-06,0.999999,-2.9999876,1.641878e-06,2.0,2.9999752,-6.1945734e-06,-1.4099809,5.0476497e-06,0.59828067,-7.1606166e-07,-4.9999895,-1.4,-6.082814e-13,0.00011108395,-0.00014999945,9.999992e-05,0.00029999812,0.00029999812,-0.00029999702,-0.00029999702,0.00014099802,2.9914068e-05,-3.2687572e-10,4.9999868e-05,-0.0029298107,0.0030296363,0.0,-2e-09,-9.999992e-05,2.8e-09,0.0,-9.791267e-15,0.0004999682,-0.00049996853,3.2404643e-10,2e-09,1.999998e-09,0.0005155015,-0.00046551364,-5.000187e-05,0.0,3.283757e-15,0.00023394043,-0.00068391376,0.0004500036,0.0,-1.23891604e-14,0.0007999595,-0.00019999471,-0.00059999514,0.0,1.0095298e-14,0.00030742574,-0.0007484065,0.00044099503,0.0,-1.4321235e-15,0.0005718526,-0.00043086061,-0.00014099802,-5.999975e-09,-2.8e-09,1.1627931e-06,-9.786686e-07,-4.3459847e-19
0.006983109374999925,5.0,-5.0,0.0,1.0,-2.174847e-06,0.999999,-2.9999874,2.372571e-06,2.0,2.9999788,-4.24993e-06,-1.4099861,2.6863245e-06,0.59828085,-6.37949e-07,-4.9999895,-1.4,-6.082815e-13,0.000111084475,-0.00014999948,9.999988e-05,0.00029999833,0.00029999833,-0.0002999976,-0.0002999976,0.00014099856,2.9914076e-05,-2.2737073e-10,4.999983e-05,-0.002929811,0.0030296366,0.0,-2e-09,-9.999988e-05,2.8e-09,0.0,-4.3496933e-15,0.00049996824,-0.0004999684,2.2535067e-10,2e-09,1.999998e-09,0.0005155014,-0.00046551367,-5.0001832e-05,0.0,4.7451455e-15,0.00023394042,-0.00068391394,0.0004500038,0.0,-8.499871e-15,0.0007999599,-0.00019999428,-0.00059999595,0.0,5.3726525e-15,0.0003074252,-0.0007484071,0.00044099617,0.0,-1.275898e-15,0.0005718529,-0.00043086038,-0.00014099856,-5.9999747e-09,-2.8e-09,1.1627931e-06,-9.786686e-07,-3.3902265e-17
0.00699887499999984,5.0,-5.0,0.0,1.0,1.1256917e-06,0.99999905,-2.9999866,3.390239e-06,2.0,2.9999816,-2.5112486e-06,-1.4099898,1.0218856e-06,0.598281,-5.9825913e-07,-4.9999895,-1.4,-6.082816e-13,0.00011108484,-0.0001499995,9.999983e-05,0.0002999984,0.0002999984,-0.00029999806,-0.00029999806,0.00014099892,2.991408e-05,-1.1322716e-10,4.999978e-05,-0.002929811,0.0030296366,0.0,-2e-09,-9.999983e-05,2.8e-09,0.0,2.2513865e-15,0.0004999683,-0.0004999684,1.14135194e-10,2e-09,1.999998e-09,0.0005155014,-0.0004655137,-5.000178e-05,0.0,6.7804793e-15,0.00023394046,-0.00068391406,0.0004500039,0.0,-5.0224967e-15,0.0007999601,-0.00019999394,-0.0005999964,0.0,2.0437696e-15,0.0003074248,-0.0007484075,0.00044099696,0.0,-1.1965182e-15,0.0005718531,-0.00043086024,-0.00014099892,-5.999973e-09,-2.8e-09,1.1627931e-06,-9.786686e-07,-1.4727279e-17
0.00699987499999984,5.0,-5.0,0.0,1.0,-3.3186214e-05,0.999999,-2.9999971,-7.8149915e-06,2.0,2.9999604,-1.8221395e-05,-1.4099636,1.2134674e-05,0.59828025,-7.253946e-07,-4.9999895,-1.4,-6.08281e-13,0.00011108224,-0.00014999945,0.00010000039,0.0002999979,0.0002999979,-0.00029999483,-0.00029999483,0.00014099629,2.991405e-05,-1.268561e-09,5.0000337e-05,-0.00292981,0.003029636,0.0,-2e-09,-0.00010000039,2.8e-09,0.0,-6.637243e-14,0.0004999677,-0.000499969,1.2686161e-09,2e-09,1.999998e-09,0.0005155017,-0.0004655134,-5.0002338e-05,0.0,-1.5629982e-14,0.00023393959,-0.00068391266,0.00045000334,0.0,-3.6442783e-14,0.00079995894,-0.00019999653,-0.00059999275,0.0,2.4269347e-14,0.0003074275,-0.00074840436,0.00044099113,0.0,-1.4507892e-15,0.0005718516,-0.00043086137,-0.00014099629,-5.999994e-09,-2.8e-09,1.1627931e-06,-9.786686e-07,-1.473368e-17
0.00700025000000032,5.0,-5.0,0.0,1.0,1.4191428e-06,0.999999,-2.9999864,3.5040603e-06,2.0,2.9999816,-2.3913772e-06,-1.4099901,8.9334605e-07,0.59828097,-5.984348e-07,-4.9999895,-1.4,-6.082816e-13,0.00011108487,-0.00014999948,9.999983e-05,0.00029999838,0.00029999838,-0.00029999806,-0.00029999806,0.00014099895,2.991408e-05,-1.04245834e-10,4.9999777e-05,-0.002929811,0.0030296366,0.0,-2e-09,-9.999982e-05,2.8e-09,0.0,2.8382854e-15,0.0004999683,-0.0004999684,1.0403889e-10,2e-09,1.999998e-09,0.0005155014,-0.00046551367,-5.0001774e-05,0.0,7.008121e-15,0.00023394047,-0.0006839141,0.0004500039,0.0,-4.782752e-15,0.00079996005,-0.00019999393,-0.0005999965,0.0,1.7866921e-15,0.00030742478,-0.0007484075,0.000440997,0.0,-1.1968696e-15,0.00057185313,-0.00043086024,-0.00014099895,-5.9999725e-09,-2.8e-09,1.1627931e-06,-9.786686e-07,2.813801e-17
0.007000499999999361,5.0,-5.0,0.0,1.0,-5.163123e-06,0.999999,-2.9999886,1.3097051e-06,2.0,2.9999785,-5.010306e-06,-1.4099872,1.8579802e-06,0.5982809,-5.7250713e-07,-4.9999895,-1.4,-6.0828155e-13,0.000111084584,-0.0001499995,9.999993e-05,0.00029999836,0.00029999836,-0.0002999977,-0.0002999977,0.00014099866,2.9914076e-05,-3.2364134e-10,4.9999886e-05,-0.002929811,0.0030296363,0.0,-2e-09,-9.999993e-05,2.8e-09,0.0,-1.0326244e-14,0.0004999682,-0.00049996853,3.2351102e-10,2e-09,1.999998e-09,0.0005155015,-0.00046551364,-5.0001883e-05,0.0,2.6194104e-15,0.00023394029,-0.0006839139,0.00045000386,0.0,-1.0020611e-14,0.00079996,-0.00019999429,-0.000599996,0.0,3.7159606e-15,0.0003074251,-0.00074840715,0.00044099634,0.0,-1.1450143e-15,0.00057185296,-0.00043086035,-0.00014099866,-5.999977e-09,-2.8e-09,1.1627931e-06,-9.786686e-07,1.3838295e-17
0.0070007506698399734,5.0,-5.0,0.0,1.124655,-0.00047750777,1.0060916,-3.0001962,0.0013519882,2.0,2.9998078,-0.00019573235,-1.410033,-8.220886e-05,0.59828705,2.2414347e-06,-4.9999895,-1.4,-6.0828155e-13,0.000111089415,-0.00015007875,9.993274e-05,0.00030000112,0.00030000112,-0.0002999892,-0.0002999892,0.00014100286,2.9914077e-05,-9.1474796e-08,5.0237122e-05,-0.0029301378,0.0030298827,0.0,-2.249322e-09,-9.993274e-05,2.8e-09,0.0,-9.55016e-13,0.00049992284,-0.00050001347,9.148267e-08,2.249322e-09,2.0121942e-09,0.0005158665,-0.00046564417,-5.0239123e-05,0.0,2.7039761e-12,0.00023393448,-0.00068399205,0.0004500847,0.0,-3.9146456e-13,0.0007999583,-0.00020000004,-0.0005999896,0.0,-1.644177e-13,0.00030742242,-0.00074840145,0.00044099274,0.0,4.482871e-15,0.000571853,-0.00043085747,-0.00014100286,-6.0003806e-09,-2.8e-09,1.1627931e-06,-9.786686e-07,-3.0183066e-13
0.0070010013396805855,5.0,-5.0,0.0,0.9986603,-5.38961e-05,0.99993527,-3.0000043,-3.0693107e-05,2.0,2.9999611,-2.1540764e-05,-1.4099878,-4.181443e-06,0.5982814,-1.3975807e-07,-4.9999895,-1.4,-6.0828155e-13,0.00011108469,-0.00014999867,0.00010000153,0.00029999827,0.00029999827,-0.00029999652,-0.00029999652,0.00014099877,2.9914077e-05,-1.1601496e-09,4.9998296e-05,-0.002929806,0.0030296333,0.0,-1.9973205e-09,-0.00010000153,2.8e-09,0.0,-1.0779219e-13,0.0004999678,-0.00049996894,1.1602574e-09,1.9973205e-09,1.9998705e-09,0.00051549805,-0.00046551178,-5.0000297e-05,0.0,-6.138621e-14,0.00023393857,-0.0006839112,0.00045000293,0.0,-4.308153e-14,0.0007999607,-0.00019999621,-0.0005999948,0.0,-8.362886e-15,0.00030742522,-0.0007484062,0.0004409953,0.0,-2.7951616e-16,0.000571853,-0.0004308603,-0.00014099877,-6.0000085e-09,-2.8e-09,1.1627931e-06,-9.786686e-07,2.8066225e-17
0.007001002679366281,5.0,-5.0,0.0,0.99732065,-4.972545e-05,0.99974805,-2.999998,-7.496203e-05,2.0,2.9999623,-1.791562e-05,-1.4099874,-3.485443e-06,0.5982814,-1.6554817e-07,-4.9999895,-1.4,-6.0828155e-13,0.00011108465,-0.00014999617,0.000100003745,0.00029999804,0.00029999804,-0.00029999658,-0.00029999658,0.00014099872,2.9914077e-05,1.2618289e-09,4.9991148e-05,-0.002929803,0.0030296326,0.0,-1.9946413e-09,-0.000100003745,2.8e-09,0.0,-9.9450904e-14,0.000499969,-0.0004999677,-1.2617271e-09,1.9946413e-09,1.9994961e-09,0.00051549444,-0.00046551533,-4.999315e-05,0.0,-1.4992406e-13,0.00023393835,-0.00068390823,0.00045000017,0.0,-3.583124e-14,0.00079996034,-0.00019999604,-0.0005999946,0.0,-6.970886e-15,0.00030742525,-0.0007484063,0.00044099533,0.0,-3.3109634e-16,0.00057185296,-0.0004308603,-0.00014099872,-5.999996e-09,-2.8e-09,1.1627931e-06,-9.786686e-07,1.4470782e-17
0.007001005358737673,5.0,-5.0,0.0,0.99464124,-4.2591215e-05,0.99906,-2.9999616,-0.00023603986,2.0,2.999962,2.5521922e-07,-1.4099866,-3.0388449e-06,0.5982813,-2.1184003e-07,-4.9999895,-1.4,-6.082815e-13,0.00011108456,-0.00014998627,0.0001000118,0.00029999617,0.00029999617,-0.00029999652,-0.00029999652,0.00014099864,2.9914076e-05,9.672433e-09,4.99648e-05,-0.0029297997,0.003029637,0.0,-1.9892825e-09,-0.0001000118,2.8e-09,0.0,-8.518243e-14,0.0004999732,-0.0004999635,-9.672265e-09,1.9892825e-09,1.99812e-09,0.0005154883,-0.00046553556,-4.9966802e-05,0.0,-4.7207973e-13,0.0002339389,-0.00068389706,0.00044998847,0.0,5.104396e-16,0.0007999581,-0.00019999577,-0.0005999927,0.0,-6.0776897e-15,0.00030742533,-0.0007484062,0.00044099515,0.0,-4.2368006e-16,0.00057185296,-0.00043086032,-0.00014099864,-5.9999232e-09,-2.8e-09,1.1627931e-06,-9.786686e-07,-1.6371488e-17
0.0070010107174804555,5.0,-5.0,0.0,0.98928255,-3.1926265e-05,0.99672806,-2.9997282,-0.000757984,2.0,2.9999304,0.000101116755,-1.4099827,-1.0546224e-05,0.5982812,-2.3870712e-07,-4.9999895,-1.4,-6.0828144e-13,0.00011108418,-0.00014994851,0.0001000379,0.00029998293,0.00029998293,-0.00029999408,-0.00029999408,0.00014099825,2.991407e-05,3.6302886e-08,4.98743e-05,-0.002929802,0.0030296657,0.0,-1.978565e-09,-0.0001000379,2.8e-09,0.0,-6.385253e-14,0.0004999865,-0.0004999502,-3.630103e-08,1.978565e-09,1.993456e-09,0.00051547866,-0.00046561638,-4.98763e-05,0.0,-1.515968e-12,0.0002339514,-0.0006838585,0.00044993742,0.0,2.0223352e-13,0.0007999438,-0.00019999713,-0.00059997704,0.0,-2.1092449e-14,0.00030742606,-0.0007484041,0.00044099233,0.0,-4.7741424e-16,0.0005718527,-0.0004308605,-0.00014099825,-5.999456e-09,-2.8e-09,1.1627928e-06,-9.786688e-07,3.4516593e-20
0.007001021434966021,5.0,-5.0,0.0,0.97856504,-1.920183e-05,0.9897029,-2.998391,-0.0021767942,2.0,2.9995658,0.00058747776,-1.4099259,-8.8419634e-05,0.5982806,4.67412e-07,-4.9999895,-1.4,-6.0828014e-13,0.00011107864,-0.00014981072,0.00010010884,0.00029989786,0.00029989786,-0.00029996544,-0.00029996544,0.00014099265,2.9914007e-05,1.0787963e-07,4.9593982e-05,-0.0029298414,0.0030297758,0.0,-1.95713e-09,-0.000100108824,2.8e-09,0.0,-3.840366e-14,0.00050002226,-0.00049991446,-1.0786221e-07,1.95713e-09,1.9794058e-09,0.0005154618,-0.00046587968,-4.9596027e-05,0.0,-4.3535887e-12,0.0002340526,-0.00068373693,0.0004497146,0.0,1.1749555e-12,0.00079985673,-0.00020002379,-0.0005998633,0.0,-1.7683927e-13,0.00030743555,-0.0007483794,0.00044095807,0.0,9.348241e-16,0.0005718495,-0.0004308629,-0.00014099265,-5.9967817e-09,-2.8e-09,1.1627915e-06,-9.786702e-07,4.2207334e-17
0.0070010428699371526,5.0,-5.0,0.0,0.9571301,-8.448558e-06,0.9714243,-2.9920654,-0.0051623187,2.0,2.9967136,0.002324094,-1.4092504,-0.0005407874,0.598272,7.282391e-06,-4.9999895,-1.4,-6.0826474e-13,0.00011101254,-0.00014934514,0.00010025812,0.00029943895,0.00029943895,-0.00029972545,-0.00029972545,0.00014092577,2.9913237e-05,2.576935e-07,4.882933e-05,-0.0029300316,0.0030301153,0.0,-1.91426e-09,-0.000100258054,2.8e-09,0.0,-1.6897116e-14,0.0005000972,-0.00049983955,-2.576321e-07,1.91426e-09,1.9428488e-09,0.0005154132,-0.0004665953,-4.883152e-05,0.0,-1.0324637e-11,0.00023461084,-0.0006833709,0.0004487903,0.0,4.648188e-12,0.0007994049,-0.0002002707,-0.0005991645,0.0,-1.0815748e-12,0.0003075314,-0.0007481684,0.00044065123,0.0,1.4564782e-14,0.00057181146,-0.00043089173,-0.00014092578,-5.9841305e-09,-2.8e-09,1.1627851e-06,-9.786764e-07,7.0834646e-17
0.007001085739879415,5.0,-5.0,0.0,0.91426015,-2.7705155e-06,0.93008083,-2.9684696,-0.0095977895,2.0,2.9812284,0.0063793436,-1.4042078,-0.0020615135,0.59818685,3.8142687e-05,-4.9999895,-1.4,-6.081484e-13,0.000110517336,-0.00014794359,0.00010047989,0.0002974849,0.00029748492,-0.000298329,-0.000298329,0.0001404246,2.9907438e-05,4.7975095e-07,4.698393e-05,-0.0029306815,0.0030309863,0.0,-1.8285202e-09,-0.00010047988,2.8e-09,0.0,-5.541031e-15,0.0005002083,-0.00049972854,-4.7974476e-07,1.8285202e-09,1.8601617e-09,0.00051522866,-0.00046825543,-4.6986268e-05,0.0,-1.919558e-11,0.00023686582,-0.00068227143,0.0004454356,0.0,1.2758687e-11,0.0007975076,-0.00020172265,-0.0005958151,0.0,-4.123027e-12,0.00030818154,-0.0007469216,0.0004387542,0.0,7.628537e-14,0.0005715267,-0.00043110803,-0.00014042476,-5.936939e-09,-2.8e-09,1.1627616e-06,-9.787001e-07,5.119326e-17
0.007001171479763941,5.0,-5.0,0.0,0.82852024,-8.366029e-07,0.8445888,-2.89966,-0.013767883,2.0,2.9234278,0.011883732,-1.3810543,-0.0047912565,0.59770834,0.00010840184,-4.9999895,-1.4,-6.0759904e-13,0.000108236745,-0.00014429461,0.0001006884,0.00029115437,0.0002911544,-0.0002928219,-0.0002928219,0.00013811627,2.9879997e-05,6.883523e-07,4.2917833e-05,-0.0029323478,0.0030328608,0.0,-1.6570405e-09,-0.000100688594,2.8e-09,0.0,-1.6732059e-15,0.0005003128,-0.0004996242,-6.885533e-07,1.6570405e-09,1.6891776e-09,0.00051459274,-0.0004716846,-4.2920008e-05,0.0,-2.7535765e-11,0.00024370661,-0.00067913474,0.00043545745,0.0,2.3767464e-11,0.0007913194,-0.0002073697,-0.0005839793,0.0,-9.582514e-12,0.00031103386,-0.0007419597,0.00043093984,0.0,2.1680367e-13,0.0005702198,-0.00043210917,-0.0001381167,-5.79932e-09,-2.8e-09,1.1626927e-06,-9.787689e-07,-2.1044181e-17
0.007001342959532992,5.0,-5.0,0.0,0.6570405,-1.055374e-07,0.67309767,-2.7366877,-0.015897367,2.0,2.7679658,0.01563895,-1.311458,-0.0071523786,0.59605306,0.00018981114,-4.9999895,-1.4,-6.0586144e-13,0.000101372374,-0.00013603951,0.00010079487,0.00027523265,0.00027523268,-0.00027751183,-0.00027751183,0.00013116478,2.9793164e-05,7.9486307e-07,3.444975e-05,-0.0029356666,0.0030362846,0.0,-1.314081e-09,-0.00010079503,2.8e-09,0.0,-2.110748e-16,0.00050036603,-0.000499571,-7.9502223e-07,1.314081e-09,1.3461953e-09,0.00051270693,-0.00047826508,-3.4451285e-05,0.0,-3.1794734e-11,0.00026006857,-0.0006713205,0.00041127953,0.0,3.12779e-11,0.0007755679,-0.00022284858,-0.0005527473,0.0,-1.4304758e-11,0.00031949012,-0.0007281555,0.0004086787,0.0,3.7962228e-13,0.00056630454,-0.0004351451,-0.00013116545,-5.473375e-09,-2.8e-09,1.1625298e-06,-9.789319e-07,-7.378497e-17
0.007001583796835799,5.0,-5.0,0.0,0.41620317,-2.3756996e-08,0.432257,-2.4968328,-0.016143821,2.0,2.5290866,0.016126722,-1.1997476,-0.007535206,0.5931419,0.0002263801,-4.9999895,-1.4,-6.0291236e-13,9.0352776e-05,-0.00012403446,0.00010080719,0.00025129598,0.000251296,-0.00025366218,-0.0002536622,0.00011999739,2.9645777e-05,8.0718985e-07,2.2420041e-05,-0.0029397204,0.003040349,0.0,-8.324063e-10,-0.000100807236,2.8e-09,0.0,-4.7513986e-17,0.00050037215,-0.0004995649,-8.072324e-07,8.324063e-10,8.6451396e-10,0.0005093332,-0.0004869183,-2.2420947e-05,0.0,-3.228764e-11,0.0002839851,-0.0006592964,0.00037533653,0.0,3.2253443e-11,0.00075172004,-0.00024678474,-0.0005049609,0.0,-1.5070412e-11,0.00033309864,-0.0007067488,0.00037366236,0.0,4.527602e-13,0.00056004914,-0.00044005673,-0.000119998396,-4.993666e-09,-2.8e-09,1.1622899e-06,-9.791718e-07,1.17918286e-17
0.007001650202133294,5.0,-5.0,0.0,0.34979787,-2.449518e-08,0.36585236,-2.4303713,-0.016129557,2.0,2.4625762,0.016102303,-1.1684611,-0.0075171944,0.5922591,0.00023289179,-4.9999895,-1.4,-6.020241e-13,8.726887e-05,-0.00012071208,0.00010080648,0.00024464735,0.00024464738,-0.00024700933,-0.00024700936,0.0001168694,2.960131e-05,8.0647663e-07,1.9099096e-05,-0.0029406117,0.003041239,0.0,-6.995957e-10,-0.00010080651,2.8e-09,0.0,-4.899035e-17,0.0005003718,-0.00049956527,-8.06505e-07,6.995957e-10,7.317047e-10,0.00050820765,-0.0004891129,-1.9099856e-05,0.0,-3.2259116e-11,0.00029051164,-0.00065585214,0.00036536503,0.0,3.2204604e-11,0.00074508885,-0.00025345522,-0.0004916585,0.0,-1.5034389e-11,0.0003369614,-0.00070083013,0.0003638806,0.0,4.6578355e-13,0.0005583082,-0.0004414441,-0.00011687008,-4.8607425e-09,-2.8e-09,1.1622234e-06,-9.792383e-07,1.9375985e-17
0.007001783012728285,5.0,-5.0,0.0,0.21698727,2.5854983e-09,0.23304857,-2.2976,-0.016137678,2.0,2.3299189,0.01615935,-1.1061908,-0.0075706537,0.5903452,0.00025072106,-4.9999895,-1.4,-6.00094e-13,8.113947e-05,-0.00011407311,0.00010080689,0.00023137592,0.00023137595,-0.00023374896,-0.00023374899,0.000110644156,2.9504725e-05,8.0688403e-07,1.24593125e-05,-0.0029419065,0.0030425333,0.0,-4.3397455e-10,-0.00010080689,2.8e-09,0.0,5.170998e-18,0.00050037197,-0.0004995651,-8.0688415e-07,4.3397455e-10,4.660971e-10,0.0005055454,-0.00049308885,-1.2459778e-05,0.0,-3.2275356e-11,0.00030332123,-0.0006487517,0.00034545365,0.0,3.2318703e-11,0.0007318581,-0.0002667567,-0.00046512493,0.0,-1.5141308e-11,0.0003447787,-0.0006891606,0.00034439313,0.0,5.0144215e-13,0.0005548691,-0.00044423094,-0.00011064416,-4.5951998e-09,-2.8e-09,1.1620905e-06,-9.793716e-07,1.35246685e-17
0.007002,5.0,-5.0,0.0,0.0,2.082964e-08,0.016065009,-2.0805862,-0.01613014,2.0,2.112901,0.016157186,-1.0041991,-0.0075752847,0.58702826,0.00028176722,-4.9999895,-1.4,-5.9674444e-13,7.11109e-05,-0.0001032228,0.00010080651,0.00020967434,0.00020967437,-0.00021204763,-0.00021204764,0.000100448095,2.9337325e-05,8.06508e-07,1.6097574e-06,-0.0029435265,0.003044151,0.0,0.0,-0.00010080651,2.8e-09,0.0,4.165928e-17,0.0005003718,-0.00049956527,-8.0650835e-07,0.0,3.2130017e-11,0.00050077063,-0.000499161,-1.6097899e-06,0.0,-3.2260278e-11,0.00032403244,-0.0006369127,0.0003129013,0.0,3.231437e-11,0.0007102186,-0.00028851797,-0.000421722,0.0,-1.515057e-11,0.00035770738,-0.00067019294,0.00031249577,0.0,5.6353446e-13,0.0005492638,-0.00044882155,-0.000100448124,-4.1611723e-09,-2.8e-09,1.1618728e-06,-9.79591e-07,6.5036884e-17
0.007002021698727172,5.0,-5.0,0.0,0.0,9.820286e-07,0.008588958,-2.0632288,-0.013659588,2.0,2.0931833,0.014977066,-0.99449307,-0.007276799,0.58667207,0.00027838876,-4.9999895,-1.4,-5.96393e-13,7.015751e-05,-0.000102478465,0.00010068298,0.00020782059,0.00020782062,-0.00021004601,-0.00021004603,9.947715e-05,2.9319684e-05,6.830285e-07,1.1124273e-06,-0.0029437228,0.0030442239,0.0,0.0,-0.00010068298,2.8e-09,0.0,1.9640572e-15,0.00050031,-0.00049962697,-6.830286e-07,0.0,1.7177915e-11,0.0005005235,-0.00049941114,-1.1124446e-06,0.0,-2.7319175e-11,0.00032570824,-0.0006359906,0.00031030318,0.0,2.995413e-11,0.00070834457,-0.00029049913,-0.00041786663,0.0,-1.4553598e-11,0.0003589406,-0.0006684537,0.0003095232,0.0,5.567775e-13,0.0005487341,-0.00044926288,-9.947716e-05,-4.1264574e-09,-2.8e-09,1.1618553e-06,-9.796092e-07,-3.4951792e-17
0.007002065096181515,5.0,-5.0,0.0,0.0,1.771136e-06,0.0018341953,-2.037771,-0.008983673,2.0,2.0610766,0.011652645,-0.9777326,-0.006140513,0.58602506,0.0002503847,-4.9999895,-1.4,-5.9577473e-13,6.8509566e-05,-0.00010143937,0.000100449186,0.00020494236,0.0002049424,-0.0002067217,-0.00020672171,9.77983e-05,2.9288736e-05,4.4927216e-07,5.408934e-07,-0.0029440513,0.0030443189,0.0,0.0,-0.000100449186,2.8e-09,0.0,3.542272e-15,0.00050019304,-0.0004997438,-4.4927216e-07,0.0,3.6683907e-12,0.0005002387,-0.00049969775,-5.408971e-07,0.0,-1.7967345e-11,0.00032821833,-0.0006345836,0.0003063858,0.0,2.330529e-11,0.0007053796,-0.00029373635,-0.0004116641,0.0,-1.2281027e-11,0.00036104015,-0.00066555024,0.00030452,0.0,5.0076946e-13,0.0005478198,-0.00045002744,-9.77983e-05,-4.075542e-09,-2.8e-09,1.1618292e-06,-9.796365e-07,-7.3215126e-17
0.0070021518910902015,5.0,-5.0,0.0,0.0,1.2408725e-06,-0.000159589,-2.0136101,-0.0034420926,2.0,2.025073,0.005731336,-0.95691144,-0.0034878422,0.58514726,0.0001588669,-4.9999895,-1.4,-5.949884e-13,6.6457615e-05,-0.000100508405,0.0001001721,0.00020193415,0.00020193416,-0.00020285608,-0.00020285608,9.570703e-05,2.9249419e-05,1.7216666e-07,1.6412518e-07,-0.0029443922,0.0030443827,0.0,0.0,-0.0001001721,2.8e-09,0.0,2.481745e-15,0.00050005445,-0.00049988227,-1.7216668e-07,0.0,-3.191781e-13,0.00050005043,-0.0004998863,-1.6412487e-07,0.0,-6.8841855e-12,0.00033069274,-0.000633119,0.00030244657,0.0,1.1462672e-11,0.00070216396,-0.00029739417,-0.00040479025,0.0,-6.9756844e-12,0.00036358522,-0.0006621387,0.00029856313,0.0,3.177338e-13,0.0005466836,-0.0004509825,-9.570703e-05,-4.0272203e-09,-2.8e-09,1.161804e-06,-9.796653e-07,-1.0062893e-17
0.007002325480907574,5.0,-5.0,0.0,0.0,1.4760414e-07,2.937188e-05,-2.0014234,-0.00034843775,2.0,2.0030177,0.00079719233,-0.9423359,-0.0006242194,0.5844598,3.4046323e-05,-4.9999895,-1.4,-5.944257e-13,6.501571e-05,-0.000100053745,0.00010001742,0.00020022204,0.00020022204,-0.00020036419,-0.00020036419,9.4236995e-05,2.9221286e-05,1.7429267e-08,1.8890482e-08,-0.0029445535,0.0030443892,0.0,0.0,-0.00010001742,2.8e-09,0.0,2.9520827e-16,0.0004999771,-0.0004999596,-1.7429269e-08,0.0,5.8743754e-14,0.0004999778,-0.0004999589,-1.8890542e-08,0.0,-6.968755e-13,0.0003320062,-0.0006322658,0.0003002798,0.0,1.5943848e-12,0.00070022955,-0.00029966352,-0.00040058626,0.0,-1.2484387e-12,0.00036531402,-0.00065990567,0.0002946012,0.0,6.809264e-14,0.00054588704,-0.00045165594,-9.4236995e-05,-4.0028465e-09,-2.8e-09,1.1617893e-06,-9.796865e-07,3.977329e-18
0.007002579601684495,5.0,-5.0,0.0,0.0,-1.971748e-08,-1.1649089e-05,-1.9998543,3.3508677e-05,2.0,1.9996625,-9.587913e-05,-0.9397294,7.617469e-05,0.58431876,-4.582844e-06,-4.9999895,-1.4,-5.943232e-13,6.475633e-05,-9.999439e-05,9.9998324e-05,0.00019997584,0.00019997584,-0.00019995864,-0.00019995864,9.3972485e-05,2.9216166e-05,-1.6764199e-09,-2.2578888e-09,-0.0029445677,0.0030443843,0.0,0.0,-9.9998324e-05,2.8e-09,0.0,-3.9434966e-17,0.00049996754,-0.0004999692,1.6764485e-09,0.0,-2.3298188e-14,0.00049996725,-0.00049996946,2.2575632e-09,0.0,6.701736e-14,0.00033218393,-0.000632138,0.00029997423,0.0,-1.9175826e-13,0.0006999299,-0.0003000156,-0.0003999345,0.0,1.5234939e-13,0.00036561317,-0.00065953477,0.00029393114,0.0,-9.165688e-15,0.00054574414,-0.00045177754,-9.397249e-05,-3.9997086e-09,-2.8e-09,1.161785e-06,-9.796987e-07,-1.8256806e-17
0.0070029190201651515,5.0,-5.0,0.0,0.0,1.2549904e-08,1.1511906e-05,-2.0000362,-6.1608575e-06,2.0,2.0001142,3.9001705e-05,-0.9400982,-3.031334e-05,0.584339,7.983528e-07,-4.9999895,-1.4,-5.943379e-13,6.479302e-05,-0.000100001496,0.00010000031,0.00020000752,0.00020000752,-0.00020001444,-0.00020001444,9.4009905e-05,2.9216912e-05,3.0867037e-10,8.8363805e-10,-0.0029445668,0.0030443852,0.0,0.0,-0.00010000031,2.8e-09,0.0,2.509981e-17,0.00049996853,-0.0004999682,-3.086197e-10,0.0,2.30238e-14,0.0004999688,-0.0004999679,-8.840934e-10,0.0,-1.2321713e-14,0.00033216225,-0.0006321551,0.00030001302,0.0,7.800341e-14,0.00069996977,-0.00029996794,-0.000400022,0.0,-6.062669e-14,0.00036557126,-0.0006595861,0.0002940244,0.0,1.5967056e-15,0.00054576434,-0.0004517603,-9.400991e-05,-4.0000723e-09,-2.8e-09,1.1617828e-06,-9.797072e-07,2.0584841e-17
0.007003597857126465,5.0,-5.0,0.0,0.0,-4.820682e-09,-4.87422e-06,-1.9999818,3.3298468e-06,2.0,1.9999533,-1.4287992e-05,-0.9399638,9.649276e-06,0.584332,-9.082363e-07,-4.9999895,-1.4,-5.943325e-13,6.477967e-05,-9.9999255e-05,9.999984e-05,0.00019999675,0.00019999675,-0.00019999435,-0.00019999435,9.399629e-05,2.9216646e-05,-1.667334e-10,-4.102035e-10,-0.0029445668,0.003044385,0.0,0.0,-9.999984e-05,2.8e-09,0.0,-9.641362e-18,0.00049996824,-0.0004999684,1.6673718e-10,0.0,-9.748455e-15,0.0004999681,-0.0004999686,4.1054857e-10,0.0,6.659696e-15,0.00033216918,-0.00063214905,0.0003,0.0,-2.8575968e-14,0.0006999559,-0.000299985,-0.0003999911,0.0,1.929855e-14,0.00036558646,-0.0006595676,0.00029399066,0.0,-1.8164725e-15,0.000545757,-0.00045176657,-9.39963e-05,-3.999964e-09,-2.8e-09,1.1617807e-06,-9.797153e-07,2.2142995e-17
0.00700495553104909,5.0,-5.0,0.0,0.0,2.175156e-09,2.2513268e-06,-1.9999954,1.7199636e-06,2.0,2.000001,2.8385184e-06,-0.9400039,-2.324344e-06,0.5843338,-4.805307e-07,-4.9999895,-1.4,-5.9433415e-13,6.4783635e-05,-9.999985e-05,9.999992e-05,0.00019999982,0.00019999982,-0.00020000033,-0.00020000033,9.4000345e-05,2.9216713e-05,-8.588944e-11,2.6567784e-11,-0.0029445668,0.003044385,0.0,0.0,-9.999992e-05,2.8e-09,0.0,4.350317e-18,0.0004999683,-0.0004999684,8.587605e-11,0.0,4.502642e-15,0.00049996836,-0.00049996836,-2.6387706e-11,0.0,3.4399295e-15,0.0003321673,-0.00063215086,0.00030000368,0.0,5.677045e-15,0.00069995987,-0.00029997996,-0.00040000014,0.0,-4.6486862e-15,0.00036558195,-0.0006595731,0.00029400067,0.0,-9.610613e-16,0.00054575916,-0.0004517647,-9.4000345e-05,-3.9999906e-09,-2.8e-09,1.1617794e-06,-9.7972e-07,-5.983582e-19
0.009911397445299942,5.0,-5.0,0.0,0.0,-2.6094018e-09,-2.7213198e-06,-1.9999893,2.0012496e-06,2.0,1.9999757,-6.854488e-06,-0.9399827,3.9486013e-06,0.58433264,-6.6247577e-07,-4.9999895,-1.4,-5.943333e-13,6.478154e-05,-9.999956e-05,9.9999896e-05,0.00019999823,0.00019999823,-0.00019999716,-0.00019999716,9.3998206e-05,2.9216666e-05,-1.00192965e-10,-2.3612837e-10,-0.0029445668,0.003044385,0.0,0.0,-9.9999896e-05,2.8e-09,0.0,-5.2188082e-18,0.0004999683,-0.0004999684,1.0019922e-10,0.0,-5.4426407e-15,0.00049996824,-0.0004999685,2.3589664e-10,0.0,4.0025017e-15,0.00033216822,-0.00063214987,0.00030000182,0.0,-1.3708968e-14,0.00069995783,-0.0002999826,-0.00039999542,0.0,7.897202e-15,0.00036558433,-0.0006595702,0.00029399537,0.0,-1.3249513e-15,0.000545758,-0.0004517657,-9.3998206e-05,-3.9999786e-09,-2.8e-09,1.1617791e-06,-9.797212e-07,-3.5886033e-17
0.009999,5.0,-5.0,0.0,0.0,7.412382e-11,9.707037e-08,-1.999992,2.027573e-06,2.0,1.9999883,-1.8572682e-06,-0.93999326,8.4747444e-07,0.5843331,-5.873662e-07,-4.9999895,-1.4,-5.943337e-13,6.478258e-05,-9.99997e-05,9.9999896e-05,0.00019999902,0.00019999902,-0.00019999874,-0.00019999874,9.399927e-05,2.9216686e-05,-1.0137491e-10,-9.652512e-11,-0.0029445668,0.003044385,0.0,0.0,-9.9999896e-05,2.8e-09,0.0,1.48244e-19,0.0004999683,-0.0004999684,1.01374964e-10,0.0,1.9413995e-16,0.0004999683,-0.0004999684,9.6525454e-11,0.0,4.055145e-15,0.0003321678,-0.00063215033,0.0003000027,0.0,-3.7145427e-15,0.0006999589,-0.00029998127,-0.00039999775,0.0,1.6949485e-15,0.00036558314,-0.0006595716,0.00029399802,0.0,-1.1747325e-15,0.0005457586,-0.0004517652,-9.399927e-05,-3.9999843e-09,-2.8e-09,1.1617791e-06,-9.797212e-07,-2.726345e-17
0.01,5.0,-5.0,0.0,0.0,1.3100467e-07,8.932843e-05,-1.9999661,3.0828884e-05,2.0,2.0000622,4.801383e-05,-0.9400045,1.6782133e-05,0.5843307,-3.346142e-06,-4.9999895,-1.4,-5.9433404e-13,6.478342e-05,-9.999985e-05,9.9998455e-05,0.00020000142,0.00020000142,-0.00020000454,-0.00020000454,9.400012e-05,2.9216702e-05,-1.534894e-09,2.9249774e-09,-0.0029445682,0.003044385,0.0,0.0,-9.9998455e-05,2.8e-09,0.0,2.6200934e-16,0.0004999676,-0.0004999691,1.5348911e-09,0.0,1.7865687e-13,0.0004999698,-0.0004999669,-2.9251128e-09,0.0,6.1657764e-14,0.00033216857,-0.00063215365,0.00030000525,0.0,9.602766e-14,0.0006999604,-0.00029997464,-0.00040000596,0.0,3.3564263e-14,0.00036558084,-0.000659576,0.00029400465,0.0,-6.692284e-15,0.0005457591,-0.00045176488,-9.400012e-05,-3.9999324e-09,-2.8e-09,1.1617791e-06,-9.797212e-07,2.6227952e-17
0.0100001,5.0,-5.0,0.1,0.0,0.090155095,3.516951e-05,-2.0616648,0.0071312627,2.0,2.0498822,-0.0058913566,-0.9599082,0.0024057173,0.5849983,-8.684457e-05,-4.9999895,-1.4,-5.950817e-13,6.6727414e-05,-0.00010343981,9.964344e-05,0.00020557735,0.00020557735,-0.00020474763,-0.00020474763,9.598213e-05,2.9254259e-05,4.1511917e-06,-3.5480465e-07,-0.0029445118,0.0030439743,-2e-10,0.0,-9.964338e-05,2.8e-09,2e-10,1.8031018e-10,0.0005018868,-0.00049773755,-4.1505664e-06,0.0,7.0339025e-14,0.000499791,-0.00050014583,3.5485976e-07,0.0,1.4262524e-11,0.0003266058,-0.0006356035,0.0003090185,0.0,-1.1782714e-11,0.0007053478,-0.00029504707,-0.0004103215,0.0,4.8114347e-12,0.00036288003,-0.0006635978,0.0003007275,0.0,-1.7368915e-13,0.00054683833,-0.00045086275,-9.59815e-05,-4.12333e-09,-2.8e-09,1.1618423e-06,-9.796549e-07,2.0802142e-17
0.0100003,5.0,-5.0,0.3,0.0,0.28407276,1.1847434e-06,-2.2264404,0.014408242,2.0,2.1995578,-0.01344109,-1.025067,0.0059355358,0.58714783,-0.00020752793,-4.9999895,-1.4,-5.973533e-13,7.3117895e-05,-0.000112042435,9.927959e-05,0.00022129992,0.00022129991,-0.00021936223,-0.00021936223,0.000102485945,2.936777e-05,1.3483225e-05,-7.2035283e-07,-0.0029432783,0.0030423785,-6e-10,0.0,-9.9279554e-05,2.8e-09,6e-10,5.6814553e-10,0.00050567836,-0.0004921991,-1.3483305e-05,0.0,2.3694862e-15,0.0004996083,-0.0005003287,7.203856e-07,0.0,2.8816482e-11,0.0003112085,-0.0006445312,0.00033334515,0.0,-2.688218e-11,0.0007208304,-0.00028019256,-0.00044066002,0.0,1.1871071e-11,0.0003543909,-0.0006762273,0.0003218468,0.0,-4.150559e-13,0.0005503999,-0.00044792023,-0.00010248556,-4.4528807e-09,-2.8e-09,1.1620097e-06,-9.794802e-07,2.912002e-17
0.0100006,5.0,-5.0,0.6,0.0,0.5838888,-2.9608688e-07,-2.51839,0.016374502,2.0,2.4855685,-0.016410442,-1.156948,0.007666149,0.5912188,-0.00024655895,-4.9999895,-1.4,-6.0146533e-13,8.609687e-05,-0.00012673822,9.918128e-05,0.00025019795,0.00025019792,-0.00024779025,-0.00024779025,0.00011567014,2.9573268e-05,2.8375716e-05,-8.187399e-07,-0.0029391996,0.0030382038,-1.2e-09,0.0,-9.918128e-05,2.8e-09,1.2e-09,1.1677777e-09,0.0005103893,-0.00048202067,-2.837688e-05,0.0,-5.921746e-16,0.00049955916,-0.0005003779,8.1873986e-07,0.0,3.2749005e-11,0.00028288164,-0.00065979746,0.0003769412,0.0,-3.282088e-11,0.0007496755,-0.0002517124,-0.00049798813,0.0,1.53323e-11,0.00033784675,-0.00070129544,0.00036346036,0.0,-4.931179e-13,0.0005576849,-0.00044202077,-0.00011567013,-5.03678e-09,-2.8e-09,1.1623048e-06,-9.791755e-07,1.5971412e-17
0.010001,5.0,-5.0,1.0,0.0,0.9828354,-5.6562817e-06,-2.9181225,0.01617667,2.0,2.8872488,-0.015436639,-1.3466935,0.0070158984,0.5966,-0.00017832515,-4.9999895,-1.4,-6.067783e-13,0.00010481261,-0.00014671496,9.9191166e-05,0.00029026857,0.00029026854,-0.0002880233,-0.0002880233,0.00013465152,2.9838915e-05,4.833294e-05,-8.091164e-07,-0.0029316316,0.0030306487,-2e-09,0.0,-9.9191166e-05,2.8e-09,2e-09,1.965671e-09,0.00051502674,-0.00046670568,-4.8334903e-05,0.0,-1.1312564e-14,0.00049956393,-0.0005003731,8.091164e-07,0.0,3.2353342e-11,0.00024304974,-0.00068000966,0.0004369894,0.0,-3.087328e-11,0.00078990124,-0.00021163856,-0.00057829183,0.0,1.4031797e-11,0.00031466276,-0.00073732395,0.0004226748,0.0,-3.566503e-13,0.0005682646,-0.0004336191,-0.00013465152,-5.836245e-09,-2.8e-09,1.1627079e-06,-9.787627e-07,4.0545138e-17
0.01000104,5.0,-5.0,1.0,0.0,0.9922132,-3.6020272e-06,-2.9442759,0.011983325,2.0,2.9180508,-0.013112431,-1.3621256,0.006366115,0.5969815,-0.00016830607,-4.9999895,-1.4,-6.0714964e-13,0.00010633791,-0.00014781296,9.940084e-05,0.00029311632,0.00029311632,-0.00029116846,-0.00029116846,0.00013619574,2.9857492e-05,4.9011494e-05,-5.993464e-07,-0.0029309914,0.0030302182,-2e-09,0.0,-9.940095e-05,2.8e-09,2e-09,1.9844266e-09,0.00051516434,-0.00046616618,-4.9012146e-05,0.0,-7.204054e-15,0.0004996688,-0.00050026807,5.992249e-07,0.0,2.3966652e-11,0.00024023211,-0.00068113493,0.00044093255,0.0,-2.6224863e-11,0.0007927709,-0.00020851815,-0.00058428216,0.0,1.273223e-11,0.00031285576,-0.00074020476,0.0004273628,0.0,-3.3661214e-13,0.0005691367,-0.00043294736,-0.00013619539,-5.888552e-09,-2.8e-09,1.1627343e-06,-9.787359e-07,1.3644395e-17
0.010001119999999999,5.0,-5.0,1.0,0.0,0.9992148,-1.6545556e-06,-2.976152,0.005765246,2.0,2.9601498,-0.008001069,-1.3848139,0.004392151,0.59756577,-0.00012384453,-4.9999895,-1.4,-6.076895e-13,0.000108584296,-0.00014909587,9.971174e-05,0.0002968151,0.00029681507,-0.00029557577,-0.00029557574,0.00013846901,2.9884483e-05,4.9672482e-05,-2.8834503e-07,-0.0029302603,0.003029798,-2e-09,0.0,-9.971182e-05,2.8e-09,2e-09,1.9984299e-09,0.0005153478,-0.00046568827,-4.967359e-05,0.0,-3.3091112e-15,0.0004998243,-0.00050011254,2.8826406e-07,0.0,1.1530493e-11,0.000236709,-0.00068259414,0.00044591515,0.0,-1.6002139e-11,0.00079655333,-0.0002041941,-0.0005923891,0.0,8.784301e-12,0.00031024113,-0.000744271,0.00043404382,0.0,-2.4768905e-13,0.00057042204,-0.00043195928,-0.00013846878,-5.952304e-09,-2.8e-09,1.1627665e-06,-9.787027e-07,-5.3098026e-18
0.010001279999999998,5.0,-5.0,1.0,0.0,1.000147,-3.6454693e-07,-2.9967191,0.00085687963,2.0,2.9931242,-0.0017974491,-1.4049325,0.0012488398,0.5981229,-4.016771e-05,-4.9999895,-1.4,-6.0816304e-13,0.00011058109,-0.0001498788,9.995716e-05,0.00029949215,0.00029949215,-0.00029918752,-0.00029918752,0.00014048924,2.9908153e-05,4.9964507e-05,-4.2862208e-08,-0.0029298542,0.003029637,-2e-09,0.0,-9.995716e-05,2.8e-09,2e-09,2.0002942e-09,0.00051547936,-0.00046552691,-4.9966508e-05,0.0,-7.2909383e-16,0.00049994694,-0.0004999898,4.2862208e-08,0.0,1.7137592e-12,0.0002343394,-0.0006836861,0.00044937697,0.0,-3.594898e-12,0.00079938374,-0.00020073427,-0.0005986797,0.0,2.4976796e-12,0.00030797708,-0.0007476396,0.00043967678,0.0,-8.033542e-14,0.00057156495,-0.00043108175,-0.00014048924,-5.993438e-09,-2.8e-09,1.1627876e-06,-9.786799e-07,2.6316238e-18
0.010001522942036618,5.0,-5.0,1.0,0.0,0.9999693,2.909808e-08,-3.0001743,-5.1248342e-05,2.0,3.0004046,0.00011515814,-1.4102889,-6.717383e-05,0.5982896,1.1196915e-06,-4.9999895,-1.4,-6.082885e-13,0.00011111458,-0.00015000616,0.00010000256,0.00030002894,0.00030002894,-0.0003000472,-0.0003000472,0.000141029,2.9914425e-05,5.000103e-05,2.5638718e-09,-0.0029298086,0.0030296366,-2e-09,0.0,-0.00010000256,2.8e-09,2e-09,1.9999387e-09,0.00051550276,-0.00046551376,-5.0003047e-05,0.0,5.819615e-17,0.00049996964,-0.0004999671,-2.5604157e-09,0.0,-1.02496706e-13,0.00023391703,-0.00068392785,0.00045004112,0.0,2.3031628e-13,0.00079999404,-0.00019994822,-0.00060007616,0.0,-1.3434767e-13,0.00030739198,-0.00074845395,0.0004410762,0.0,2.2393832e-15,0.0005718701,-0.0004308472,-0.00014102901,-6.0003487e-09,-2.8e-09,1.1627918e-06,-9.786739e-07,1.5256312e-17
0.010001786158150712,5.0,-5.0,1.0,0.0,1.0000525,-1.6069329e-08,-2.9998949,3.939843e-05,2.0,2.9997702,-6.237413e-05,-1.4098711,1.4159539e-05,0.5982785,-3.4416885e-07,-4.9999895,-1.4,-6.082789e-13,0.00011107313,-0.00014999672,9.9998026e-05,0.00029998325,0.00029998325,-0.0002999756,-0.0002999756,0.00014098707,2.9913945e-05,5.0000654e-05,-1.9707251e-09,-0.0029298125,0.003029636,-2e-09,0.0,-9.9998026e-05,2.8e-09,2e-09,2.000105e-09,0.0005155006,-0.00046551198,-5.000267e-05,0.0,-3.2138677e-17,0.00049996737,-0.00049996935,1.9756705e-09,0.0,7.879685e-14,0.00023395213,-0.0006839078,0.00044998596,0.0,-1.2474826e-13,0.00079994486,-0.00020001638,-0.0005999588,0.0,2.8319076e-14,0.0003074383,-0.0007483867,0.00044096267,0.0,-6.8833757e-16,0.0005718464,-0.00043086536,-0.00014098707,-5.9997896e-09,-2.8e-09,1.162792e-06,-9.786723e-07,-1.721145e-17
0.010002238225427515,5.0,-5.0,1.0,0.0,0.9999699,3.840943e-09,-3.000014,-1.1060368e-05,2.0,3.00004,1.2937078e-05,-1.4100112,5.2431255e-06,0.598281,-1.023964e-06,-4.9999895,-1.4,-6.082821e-13,0.0001110869,-0.00015000015,0.00010000055,0.00030000272,0.00030000272,-0.00030000348,-0.00030000348,0.000141001,2.9914103e-05,4.999905e-05,5.532101e-10,-0.0029298104,0.0030296366,-2e-09,0.0,-0.00010000055,2.8e-09,2e-09,1.99994e-09,0.0005155017,-0.00046551472,-5.000104e-05,0.0,7.681865e-18,0.00049996865,-0.00049996807,-5.53306e-10,0.0,-2.2120725e-14,0.00023393698,-0.0006839155,0.00045000884,0.0,2.5874156e-14,0.0007999637,-0.00019998793,-0.00060000614,0.0,1.0486241e-14,0.00030742216,-0.0007484124,0.00044100446,0.0,-2.047928e-15,0.0005718543,-0.00043085933,-0.000141001,-6.0000285e-09,-2.8e-09,1.1627926e-06,-9.786706e-07,-7.137816e-17
0.010003142359981121,5.0,-5.0,1.0,0.0,1.0000119,-8.480138e-10,-2.9999776,8.621115e-06,2.0,2.9999616,-7.903894e-06,-1.4099842,-1.5039332e-06,0.598281,-3.9463544e-07,-4.9999895,-1.4,-6.0828144e-13,0.000111084315,-0.00014999931,9.999957e-05,0.00029999696,0.00029999696,-0.00029999632,-0.00029999632,0.00014099838,2.9914074e-05,5.0000166e-05,-4.3109857e-10,-0.0029298111,0.0030296366,-2e-09,0.0,-9.999957e-05,2.8e-09,2e-09,2.0000241e-09,0.0005155013,-0.0004655132,-5.0002167e-05,0.0,-1.6960334e-18,0.0004999681,-0.0004999686,4.2999204e-10,0.0,1.7242238e-14,0.00023394162,-0.0006839136,0.00045000226,0.0,-1.5807785e-14,0.00079995894,-0.00019999596,-0.0005999933,0.0,-3.007875e-15,0.00030742554,-0.000748406,0.0004409947,0.0,-7.892714e-16,0.0005718528,-0.00043086044,-0.0001409984,-5.9999548e-09,-2.8e-09,1.1627928e-06,-9.786693e-07,-6.278243e-17
0.011960064127471052,5.0,-5.0,1.0,0.0,1.0000001,5.696184e-11,-2.9999862,3.45973e-06,2.0,2.99998,-3.2091932e-06,-1.409989,1.0546815e-06,0.598281,-5.8518344e-07,-4.9999895,-1.4,-6.0828155e-13,0.00011108476,-0.00014999948,9.999983e-05,0.0002999983,0.0002999983,-0.0002999979,-0.0002999979,0.00014099883,2.9914077e-05,4.9999835e-05,-1.729837e-10,-0.002929811,0.0030296366,-2e-09,0.0,-9.999983e-05,2.8e-09,2e-09,2.0000004e-09,0.0005155014,-0.00046551364,-5.0001832e-05,0.0,1.1392593e-19,0.00049996824,-0.0004999684,1.7292567e-10,0.0,6.9194596e-15,0.00023394052,-0.000683914,0.0004500038,0.0,-6.4183867e-15,0.00079996,-0.00019999413,-0.0005999962,0.0,2.1093604e-15,0.00030742493,-0.0007484074,0.00044099672,0.0,-1.1703669e-15,0.0005718531,-0.00043086027,-0.00014099883,-5.9999725e-09,-2.8e-09,1.1627931e-06,-9.786686e-07,2.3439943e-17
0.011994064127471052,5.0,-5.0,1.0,0.0,0.99999934,6.5792906e-11,-2.9999871,3.0709093e-06,2.0,2.999981,-2.9803175e-06,-1.4099891,1.3729566e-06,0.59828097,-6.0338584e-07,-4.9999895,-1.4,-6.0828155e-13,0.000111084766,-0.00014999951,9.9999845e-05,0.0002999984,0.0002999984,-0.00029999798,-0.00029999798,0.00014099885,2.991408e-05,4.9999813e-05,-1.5354211e-10,-0.002929811,0.0030296366,-2e-09,0.0,-9.9999845e-05,2.8e-09,2e-09,1.9999986e-09,0.0005155014,-0.00046551367,-5.0001803e-05,0.0,1.3156451e-19,0.0004999683,-0.0004999684,1.530136e-10,0.0,6.1418257e-15,0.00023394043,-0.00068391406,0.0004500039,0.0,-5.960641e-15,0.00079996,-0.00019999401,-0.00059999636,0.0,2.7459103e-15,0.0003074249,-0.0007484074,0.0004409968,0.0,-1.2067718e-15,0.0005718531,-0.00043086027,-0.00014099883,-5.9999743e-09,-2.8e-09,1.1627931e-06,-9.786686e-07,-7.8687495e-17
0.011996,5.0,-5.0,1.0,0.0,0.99991745,-1.9314745e-08,-3.0000184,-2.5212019e-05,2.0,3.0000036,-7.3480833e-06,-1.4099572,3.0289582e-05,0.5982791,-1.6863088e-06,-4.9999895,-1.4,-6.082808e-13,0.000111081514,-0.00014999966,0.000100001256,0.0003000011,0.0003000011,-0.00029999734,-0.00029999734,0.00014099556,2.991404e-05,4.9997136e-05,1.259635e-09,-0.0029298097,0.0030296368,-2e-09,0.0,-0.000100001256,2.8e-09,2e-09,1.999835e-09,0.00051550195,-0.00046551687,-4.9999137e-05,0.0,-3.8629497e-17,0.000499969,-0.0004999677,-1.2595639e-09,0.0,-5.042404e-14,0.0002339368,-0.00068391324,0.00045000674,0.0,-1.469617e-14,0.0007999605,-0.0001999924,-0.00059999846,0.0,6.057916e-14,0.00030742763,-0.0007484063,0.00044099288,0.0,-3.3726175e-15,0.0005718512,-0.0004308617,-0.00014099554,-6.0000365e-09,-2.8e-09,1.1627931e-06,-9.786686e-07,-1.7387255e-17
0.011996384764826312,5.0,-5.0,1.0,0.0,1.0000144,6.0135057e-09,-2.9999819,8.1635e-06,2.0,2.9999812,-3.5518678e-07,-1.4099965,-3.711865e-06,0.59828126,-4.62656e-07,-4.9999895,-1.4,-6.082817e-13,0.00011108552,-0.00014999948,9.999959e-05,0.00029999815,0.00029999815,-0.00029999847,-0.00029999847,0.0001409996,2.9914087e-05,5.000031e-05,-4.0787437e-10,-0.002929811,0.0030296363,-2e-09,0.0,-9.999959e-05,2.8e-09,2e-09,2.0000288e-09,0.0005155013,-0.0004655131,-5.0002316e-05,0.0,1.20270076e-17,0.0004999682,-0.00049996853,4.0819478e-10,0.0,1.6326994e-14,0.000233941,-0.00068391435,0.00045000363,0.0,-7.10367e-16,0.00079996017,-0.00019999385,-0.0005999966,0.0,-7.423731e-15,0.0003074242,-0.000748408,0.0004409981,0.0,-9.25312e-16,0.0005718535,-0.00043085995,-0.00014099962,-5.999963e-09,-2.8e-09,1.1627931e-06,-9.786686e-07,-1.4719739e-17
0.011997947920926334,5.0,-5.0,1.0,0.0,0.99993116,-4.6462688e-08,-3.0000093,-1.9573734e-05,2.0,2.9999688,-2.0273425e-05,-1.4099637,1.4686014e-05,0.5982803,-6.5677517e-07,-4.9999895,-1.4,-6.0828095e-13,0.00011108226,-0.0001499995,0.00010000098,0.0002999989,0.0002999989,-0.00029999542,-0.00029999542,0.0001409963,2.9914048e-05,4.9997536e-05,9.763635e-10,-0.0029298104,0.003029637,-2e-09,0.0,-0.00010000098,2.8e-09,2e-09,1.9998623e-09,0.00051550183,-0.00046551635,-4.9999537e-05,0.0,-9.292537e-17,0.0004999688,-0.0004999679,-9.763339e-10,0.0,-3.9147467e-14,0.00023393815,-0.00068391225,0.00045000442,0.0,-4.0546847e-14,0.00079995976,-0.00019999579,-0.0005999943,0.0,2.937203e-14,0.00030742737,-0.0007484048,0.00044099175,0.0,-1.3135503e-15,0.0005718516,-0.00043086134,-0.0001409963,-6.0000187e-09,-2.8e-09,1.1627931e-06,-9.786686e-07,2.8087894e-17
0.011997996114515876,5.0,-5.0,1.0,0.0,0.9999931,4.154177e-09,-2.9999888,1.0595553e-06,2.0,2.999982,-3.3566544e-06,-1.4099826,6.1617466e-06,0.5982806,-7.674989e-07,-4.9999895,-1.4,-6.0828144e-13,0.00011108411,-0.0001499995,9.999995e-05,0.00029999856,0.00029999856,-0.0002999976,-0.0002999976,0.00014099818,2.991407e-05,4.9999602e-05,-5.2770056e-11,-0.002929811,0.0030296366,-2e-09,0.0,-9.999995e-05,2.8e-09,2e-09,1.9999862e-09,0.0005155015,-0.00046551393,-5.0001603e-05,0.0,8.308355e-18,0.0004999683,-0.0004999684,5.2771426e-11,0.0,2.1191104e-15,0.0002339402,-0.00068391394,0.00045000407,0.0,-6.7133087e-15,0.0007999598,-0.000199994,-0.0005999962,0.0,1.2323493e-14,0.00030742548,-0.000748407,0.0004409958,0.0,-1.5349978e-15,0.00057185267,-0.00043086056,-0.00014099818,-5.999978e-09,-2.8e-09,1.1627931e-06,-9.786686e-07,4.2479867e-17
0.012,5.0,-5.0,1.0,0.0,0.9999978,-1.2419481e-09,-2.9999874,2.6243915e-06,2.0,2.9999804,-3.4591717e-06,-1.4099891,1.1249616e-06,0.598281,-5.666958e-07,-4.9999895,-1.4,-6.0828155e-13,0.00011108477,-0.0001499995,9.999987e-05,0.00029999838,0.00029999838,-0.00029999792,-0.00029999792,0.00014099886,2.9914077e-05,4.999976e-05,-1.3128167e-10,-0.002929811,0.0030296363,-2e-09,0.0,-9.999987e-05,2.8e-09,2e-09,1.9999955e-09,0.0005155014,-0.00046551373,-5.000176e-05,0.0,-2.483896e-18,0.0004999683,-0.0004999684,1.3128167e-10,0.0,5.248783e-15,0.00023394034,-0.00068391394,0.0004500039,0.0,-6.9183436e-15,0.00079996,-0.00019999401,-0.0005999963,0.0,2.2499232e-15,0.0003074249,-0.0007484074,0.00044099678,0.0,-1.1333916e-15,0.0005718531,-0.00043086027,-0.00014099886,-5.9999747e-09,-2.8e-09,1.1627931e-06,-9.786686e-07,7.088713e-17
0.012000077109743268,5.0,-5.0,1.0,0.07710975,0.9999994,0.06750143,-3.0419765,0.0063810567,2.0,3.0319586,-0.0050088405,-1.4221724,0.0019374645,0.5985153,-4.2213887e-05,-4.9999895,-1.4,-6.08557e-13,0.000112284775,-0.00015241787,9.968095e-05,0.00030369675,0.00030369675,-0.0003030021,-0.0003030021,0.00014221302,2.9927873e-05,4.9680915e-05,3.0560188e-06,-0.0029297846,0.003029292,-2e-09,-1.5421948e-10,-9.968094e-05,2.8e-09,2e-09,1.9999986e-09,0.0005153339,-0.00046566504,-4.968291e-05,1.5421948e-10,1.3500287e-10,0.0005014079,-0.0004983534,-3.0555075e-06,0.0,1.2762114e-11,0.00022981262,-0.00068590074,0.0004561188,0.0,-1.0017681e-11,0.0008035943,-0.00019692836,-0.0006066966,0.0,3.8749286e-12,0.00030592928,-0.0007511286,0.0004452137,0.0,-8.442778e-14,0.00057254377,-0.00043033718,-0.00014221262,-6.083953e-09,-2.8e-09,1.162835e-06,-9.786266e-07,6.330738e-17
0.012000231329229805,5.0,-5.0,1.0,0.23132923,0.99999976,0.2155411,-3.162016,0.0133811105,2.0,3.138083,-0.011966279,-1.4674174,0.0050895456,0.59942347,-0.00011352994,-4.9999895,-1.4,-6.0953667e-13,0.00011675329,-0.00015876985,9.9330944e-05,0.00031500496,0.00031500493,-0.00031329936,-0.00031329933,0.00014673038,2.9976849e-05,4.9330934e-05,1.0107999e-05,-0.0029286407,0.0030277993,-2e-09,-4.6265847e-10,-9.933094e-05,2.8e-09,2e-09,1.9999995e-09,0.00051515,-0.0004658312,-4.9332928e-05,4.6265847e-10,4.310822e-10,0.0005043697,-0.0004942647,-1.0107996e-05,0.0,2.6762221e-11,0.00021744723,-0.0006911952,0.00047377986,0.0,-2.3932557e-11,0.00081480155,-0.00018653045,-0.0006283028,0.0,1.0179092e-11,0.00030058372,-0.0007605977,0.00046002876,0.0,-2.2705988e-13,0.0005751256,-0.00042840157,-0.00014673012,-6.324032e-09,-2.8e-09,1.1629551e-06,-9.785066e-07,3.8172847e-17
0.012000539768202879,5.0,-5.0,1.0,0.5397682,0.9999988,0.52392125,-3.4589312,0.016247012,2.0,3.4257293,-0.016600791,-1.5985416,0.007857945,0.6020907,-0.00017511033,-4.9999895,-1.4,-6.1226577e-13,0.00012972322,-0.00017375892,9.918765e-05,0.00034423306,0.00034423303,-0.00034178715,-0.00034178712,0.00015983665,3.0113291e-05,4.918759e-05,2.538371e-05,-0.0029241103,0.0030231278,-2e-09,-1.0795365e-09,-9.9187666e-05,2.8e-09,2e-09,1.9999977e-09,0.0005150748,-0.00046589927,-4.9189603e-05,1.0795365e-09,1.0478425e-09,0.0005099396,-0.0004845623,-2.5384677e-05,0.0,3.249402e-11,0.0001858343,-0.000703798,0.00051799865,0.0,-3.3201584e-11,0.00084397465,-0.00015798956,-0.00068601966,0.0,1.5715889e-11,0.00028547688,-0.00078708405,0.0005016233,0.0,-3.5022064e-13,0.00058264675,-0.00042281635,-0.0001598365,-6.9178627e-09,-2.8e-09,1.163252e-06,-9.782096e-07,4.781526e-17
0.012000644471108489,5.0,-5.0,1.0,0.6444711,0.9999989,0.6285557,-3.563737,0.016204251,2.0,3.5307345,-0.016501024,-1.6479617,0.0078118537,0.6030701,-0.00016917304,-4.9999895,-1.4,-6.1323906e-13,0.00013461702,-0.00017899706,9.918979e-05,0.0003547236,0.00035472357,-0.00035229226,-0.00035229226,0.00016477925,3.016196e-05,4.918973e-05,3.061757e-05,-0.0029220446,0.0030210651,-2e-09,-1.2889422e-09,-9.918982e-05,2.8e-09,2e-09,1.9999977e-09,0.0005150759,-0.00046589825,-4.919176e-05,1.2889422e-09,1.2571114e-09,0.0005115032,-0.00048089345,-3.0618612e-05,0.0,3.24085e-11,0.00017440238,-0.0007080936,0.0005337272,0.0,-3.300205e-11,0.00085449585,-0.00014751675,-0.00070701475,0.0,1.5623707e-11,0.00027990344,-0.0007969574,0.0005170706,0.0,-3.383461e-13,0.0005855006,-0.0004207277,-0.00016477898,-7.1274737e-09,-2.8e-09,1.1633568e-06,-9.781048e-07,5.913561e-17
0.01200079059418878,5.0,-5.0,1.0,0.79059416,0.99999905,0.77448434,-3.7093506,0.016282998,2.0,3.6768627,-0.016243784,-1.7170602,0.007527388,0.60436046,-0.00015350575,-4.9999895,-1.4,-6.1451365e-13,0.00014146464,-0.00018628169,9.918585e-05,0.0003693107,0.00036931067,-0.00036693356,-0.00036693356,0.00017169067,3.0225698e-05,4.91858e-05,3.7910067e-05,-0.002918463,0.0030174805,-2e-09,-1.5811884e-09,-9.918589e-05,2.8e-09,2e-09,1.9999982e-09,0.0005150739,-0.0004659001,-4.9187845e-05,1.5811884e-09,1.5489687e-09,0.00051314017,-0.00047523985,-3.791126e-05,0.0,3.2565995e-11,0.00015816111,-0.00071372255,0.0005555989,0.0,-3.2487565e-11,0.00086914265,-0.00013293709,-0.00073624274,0.0,1.5054777e-11,0.00027225993,-0.00081086566,0.0005386231,0.0,-3.0701152e-13,0.0005895217,-0.00041783747,-0.00017169032,-7.4187017e-09,-2.8e-09,1.1635025e-06,-9.779592e-07,7.139522e-17
0.012001,5.0,-5.0,1.0,1.0,0.99999905,0.9835772,-3.9185643,0.016252795,2.0,3.8857715,-0.016396297,-1.8150705,0.00764761,0.6061056,-0.00014705806,-4.9999895,-1.4,-6.162525e-13,0.00015117969,-0.00019674086,9.918736e-05,0.0003902168,0.00039021677,-0.00038781238,-0.00038781238,0.00018149235,3.0312633e-05,4.918731e-05,4.836622e-05,-0.0029126632,0.003011684,-2e-09,-2e-09,-9.918738e-05,2.8e-09,2e-09,1.9999982e-09,0.00051507464,-0.0004658994,-4.9189333e-05,2e-09,1.9671544e-09,0.000515027,-0.00046667285,-4.8368023e-05,0.0,3.250559e-11,0.00013451556,-0.0007214412,0.00058696524,0.0,-3.279259e-11,0.00089010305,-0.000112113456,-0.0007780289,0.0,1.529522e-11,0.00026152754,-0.0008308138,0.00056930457,0.0,-2.9411613e-13,0.00059525174,-0.00041376558,-0.00018149232,-7.837129e-09,-2.8e-09,1.1637117e-06,-9.7775e-07,8.598295e-17
0.012001020940581121,5.0,-5.0,1.0,1.0,0.99999803,0.9911437,-3.9354424,0.0139246965,2.0,3.904875,-0.015283594,-1.8244982,0.0073421337,0.606269,-0.00014265355,-4.9999895,-1.4,-6.1641154e-13,0.00015211492,-0.00019746835,9.930377e-05,0.00039201588,0.00039201585,-0.00038975326,-0.00038975326,0.00018243556,3.0320582e-05,4.9303668e-05,4.886095e-05,-0.002912102,0.0030112392,-2e-09,-2e-09,-9.930385e-05,2.8e-09,2e-09,1.9999962e-09,0.0005151358,-0.00046584412,-4.930575e-05,2e-09,1.9822874e-09,0.00051511044,-0.00046626193,-4.8862465e-05,0.0,2.7849393e-11,0.00013247476,-0.00072192645,0.00058949145,0.0,-3.0567188e-11,0.000891894,-0.00011016493,-0.00078176864,0.0,1.4684268e-11,0.0002605168,-0.0008326869,0.0005721886,0.0,-2.853071e-13,0.0005958065,-0.0004133772,-0.0001824355,-7.870884e-09,-2.8e-09,1.1637285e-06,-9.777332e-07,2.98391e-17
0.012001062821743364,5.0,-5.0,1.0,1.0,0.9999972,0.9980403,-3.960537,0.009375022,2.0,3.9363563,-0.012090263,-1.8409075,0.006244908,0.60656124,-0.00012518512,-4.9999895,-1.4,-6.166864e-13,0.00015374388,-0.0001984956,9.953125e-05,0.00039484468,0.00039484465,-0.00039301114,-0.00039301114,0.00018407822,3.033432e-05,4.953111e-05,4.9433267e-05,-0.0029112932,0.0030106576,-2e-09,-2e-09,-9.953122e-05,2.8e-09,2e-09,1.9999944e-09,0.0005152552,-0.0004657362,-4.953308e-05,2e-09,1.9960806e-09,0.00051524973,-0.0004658285,-4.94353e-05,0.0,1.8750043e-11,0.00012937048,-0.0007226785,0.0005933481,0.0,-2.4180526e-11,0.00089470966,-0.00010689392,-0.00078785565,0.0,1.24898165e-11,0.00025877065,-0.0008358413,0.00057708926,0.0,-2.5037025e-13,0.0005967736,-0.0004127015,-0.0001840782,-7.921074e-09,-2.8e-09,1.1637536e-06,-9.77708e-07,3.3142635e-18
0.012001146584067852,5.0,-5.0,1.0,1.0,0.9999977,1.0001292,-3.985463,0.00366594,2.0,3.9733346,-0.006064273,-1.8621758,0.0035995606,0.6069621,-7.763201e-05,-4.9999895,-1.4,-6.170397e-13,0.00015585784,-0.00019945645,9.98167e-05,0.00039793988,0.00039793988,-0.00039697348,-0.00039697348,0.00018620981,3.0351985e-05,4.9816586e-05,4.9823168e-05,-0.0029105514,0.0030102013,-2e-09,-2e-09,-9.9816636e-05,2.8e-09,2e-09,1.9999955e-09,0.00051540515,-0.0004656007,-4.981852e-05,2e-09,2.0002586e-09,0.00051540555,-0.00046559417,-4.982543e-05,0.0,7.33188e-12,0.00012619386,-0.000723558,0.0005974045,0.0,-1.2128546e-11,0.000897821,-0.000102947764,-0.00079491345,0.0,7.1991215e-12,0.00025653257,-0.000839697,0.0005831833,0.0,-1.5526401e-13,0.00059802947,-0.00041182575,-0.00018620983,-7.970926e-09,-2.8e-09,1.1637785e-06,-9.77683e-07,2.2548666e-17
0.012001294945338817,5.0,-5.0,1.0,1.0,0.9999988,0.999982,-3.9982955,0.00042133062,2.0,3.996476,-0.0009098034,-1.8773489,0.0006767571,0.60727286,-1.7236895e-05,-4.9999895,-1.4,-6.172901e-13,0.00015736865,-0.00019993584,9.997893e-05,0.00039973858,0.00039973855,-0.0003995799,-0.0003995799,0.00018773315,3.0364505e-05,4.9978873e-05,4.9978036e-05,-0.0029102284,0.0030100406,-2e-09,-2e-09,-9.997893e-05,2.8e-09,2e-09,1.9999977e-09,0.0005154904,-0.0004655236,-4.9980874e-05,2e-09,1.999964e-09,0.00051549036,-0.0004655244,-4.9980037e-05,0.0,8.426613e-13,0.00012451387,-0.0007241558,0.0005996824,0.0,-1.819607e-12,0.0008996877,-0.000100409736,-0.0007993185,0.0,1.3535141e-12,0.00025495497,-0.000842249,0.0005873131,0.0,-3.4473787e-14,0.0005989273,-0.00041120025,-0.00018773315,-7.996591e-09,-2.8e-09,1.1637914e-06,-9.776703e-07,5.555235e-17
0.012001450431662414,5.0,-5.0,1.0,1.0,0.99999905,1.0000179,-4.0000925,-1.8894645e-05,2.0,4.0002666,8.70047e-05,-1.8802205,-6.4836706e-05,0.60733813,7.785921e-07,-4.9999895,-1.4,-6.173373e-13,0.00015765526,-0.00020000368,0.00010000094,0.00040001795,0.00040001795,-0.00040003314,-0.00040003314,0.00018802212,3.0366868e-05,5.0000894e-05,5.000184e-05,-0.0029101954,0.0030100294,-2e-09,-2e-09,-0.00010000094,2.8e-09,2e-09,1.9999982e-09,0.000515502,-0.00046551315,-5.0002895e-05,2e-09,2.0000357e-09,0.00051550206,-0.00046551228,-5.000384e-05,0.0,-3.778929e-14,0.00012427474,-0.0007242639,0.0006000296,0.0,1.7400938e-13,0.0008999956,-9.998505e-05,-0.0008000511,0.0,-1.2967341e-13,0.00025465956,-0.0008426958,0.0005880553,0.0,1.5571841e-15,0.0005990976,-0.0004110816,-0.00018802212,-8.0001845e-09,-2.8e-09,1.1637932e-06,-9.776685e-07,4.2336338e-17
0.01200166800745925,5.0,-5.0,1.0,1.0,0.999999,0.9999882,-3.999977,2.4810654e-06,2.0,3.999936,-2.048703e-05,-1.8799549,1.0243329e-05,0.60733235,-6.4707297e-07,-4.9999895,-1.4,-6.1733295e-13,0.00015762879,-0.00019999899,9.9999874e-05,0.00039999568,0.00039999568,-0.0003999926,-0.0003999926,0.00018799544,3.036665e-05,4.9999824e-05,4.9999286e-05,-0.0029101965,0.0030100294,-2e-09,-2e-09,-9.9999874e-05,2.8e-09,2e-09,1.999998e-09,0.0005155014,-0.00046551367,-5.0001825e-05,2e-09,1.9999764e-09,0.0005155014,-0.0004655142,-5.0001287e-05,0.0,4.962127e-15,0.00012429045,-0.0007242526,0.00060000265,0.0,-4.0974067e-14,0.0008999707,-0.00010002299,-0.0007999883,0.0,2.0486657e-14,0.00025468678,-0.0008426558,0.00058798806,0.0,-1.2941461e-15,0.00059908186,-0.00041109254,-0.00018799544,-7.9999545e-09,-2.8e-09,1.1637931e-06,-9.776686e-07,5.7148085e-18
0.012002021471807574,5.0,-5.0,1.0,1.0,0.999999,1.0000052,-3.9999812,5.743523e-06,2.0,3.999986,2.3705495e-06,-1.8799931,2.1008024e-07,0.60733294,-6.7232827e-07,-4.9999895,-1.4,-6.173336e-13,0.00015763256,-0.00019999934,9.9999714e-05,0.00039999836,0.00039999836,-0.0003999986,-0.0003999986,0.00018799923,3.036668e-05,4.999966e-05,4.9999973e-05,-0.0029101968,0.0030100297,-2e-09,-2e-09,-9.9999714e-05,2.8e-09,2e-09,1.999998e-09,0.00051550136,-0.00046551376,-5.000166e-05,2e-09,2.0000104e-09,0.00051550136,-0.00046551344,-5.0001974e-05,0.0,1.1487043e-14,0.00012428977,-0.000724255,0.00060000573,0.0,4.741094e-15,0.00089997344,-0.00010001703,-0.0007999969,0.0,4.2015997e-16,0.00025468285,-0.00084266166,0.00058799784,0.0,-1.3446567e-15,0.0005990841,-0.000411091,-0.00018799923,-7.9999625e-09,-2.8e-09,1.1637931e-06,-9.776686e-07,-1.607259e-17
0.015001,5.0,-5.0,1.0,1.0,0.9999989,0.9999824,-3.9999871,-1.449481e-06,2.0,3.9999676,-9.810223e-06,-1.8799912,-4.393243e-06,0.60733306,-5.276741e-07,-4.9999895,-1.4,-6.1733355e-13,0.00015763238,-0.00019999928,0.00010000007,0.00039999775,0.00039999775,-0.0003999972,-0.0003999972,0.00018799907,3.0366678e-05,5.000002e-05,4.9999195e-05,-0.0029101972,0.0030100304,-2e-09,-2e-09,-0.00010000007,2.8e-09,2e-09,1.999998e-09,0.00051550154,-0.00046551359,-5.000202e-05,2e-09,1.9999649e-09,0.0005155015,-0.00046551437,-5.0001192e-05,0.0,-2.898962e-15,0.00012428925,-0.00072425377,0.00060000503,0.0,-1.9620444e-14,0.00089997397,-0.000100019555,-0.0007999949,0.0,-8.786486e-15,0.00025468314,-0.0008426604,0.00058799627,0.0,-1.0553482e-15,0.00059908396,-0.00041109105,-0.00018799907,-7.999974e-09,-2.8e-09,1.1637931e-06,-9.776686e-07,-1.3725978e-16
0.015001049999999658,5.0,-5.0,0.95,1.0,0.959077,0.9999908,-3.9791846,-0.0050291857,2.0,3.9861221,0.0034686225,-1.8752372,-0.0011972369,0.6072734,1.7213633e-05,-4.9999895,-1.4,-6.1725614e-13,0.00015716272,-0.00019870777,0.00010025146,0.0003982653,0.00039826534,-0.0003987319,-0.0003987319,0.00018752545,3.036281e-05,4.8205307e-05,5.0251e-05,-0.0029108296,0.0030109137,-1.9e-09,-2e-09,-0.0001002514,2.8e-09,1.9e-09,1.9181539e-09,0.0005153299,-0.00046713575,-4.8207614e-05,2e-09,1.9999815e-09,0.0005156336,-0.00046539473,-5.025294e-05,0.0,-1.0058372e-11,0.00012647033,-0.0007234117,0.00059698167,0.0,6.937245e-12,0.00089821673,-0.0001012593,-0.0007969978,0.0,-2.394474e-12,0.0002552114,-0.00084145006,0.00058625767,0.0,3.4427265e-14,0.00059880386,-0.00041128448,-0.00018752554,-7.958369e-09,-2.8e-09,1.1637723e-06,-9.776894e-07,-2.292177e-17
0.015001149999998973,5.0,-5.0,0.85,1.0,0.865513,0.99999726,-3.912247,-0.01168406,2.0,3.9315023,0.009627599,-1.8533746,-0.003788064,0.6069548,6.241383e-05,-4.9999895,-1.4,-6.1689233e-13,0.00015499914,-0.00019502814,0.000100584206,0.00039218744,0.00039218747,-0.00039352904,-0.00039352904,0.0001853437,3.0344618e-05,4.3859854e-05,5.0584065e-05,-0.0029127845,0.0030132006,-1.7e-09,-2e-09,-0.00010058416,2.8e-09,1.7e-09,1.731026e-09,0.00051469763,-0.00047084794,-4.3861844e-05,2e-09,1.9999944e-09,0.0005158085,-0.0004652366,-5.0586026e-05,0.0,-2.336812e-11,0.00013383495,-0.00072101917,0.0005872238,0.0,1.92552e-11,0.0008921484,-0.00010647136,-0.00078571687,0.0,-7.576128e-12,0.0002576137,-0.00083646784,0.000578873,0.0,1.2482765e-13,0.0005975174,-0.0004121798,-0.00018534376,-7.824494e-09,-2.8e-09,1.1637053e-06,-9.777563e-07,1.9946144e-17
0.015001349999997601,5.0,-5.0,0.65,1.0,0.6661403,0.99999887,-3.7301824,-0.016010653,2.0,3.7613425,0.015579862,-1.7780865,-0.0069765253,0.6057254,0.00013152724,-4.9999895,-1.4,-6.1559384e-13,0.00014754212,-0.00018570859,0.000100800535,0.00037457625,0.00037457628,-0.00037683191,-0.00037683191,0.00017782181,3.0279693e-05,3.410755e-05,5.0800478e-05,-0.002917513,0.003018144,-1.3e-09,-2e-09,-0.000100800535,2.8e-09,1.3e-09,1.3322806e-09,0.000512586,-0.0004784864,-3.410888e-05,2e-09,1.9999977e-09,0.0005159223,-0.00046513393,-5.080248e-05,0.0,-3.202131e-11,0.00015421309,-0.0007144676,0.0005602923,0.0,3.1159724e-11,0.0008746403,-0.00012327025,-0.00075140817,0.0,-1.3953051e-11,0.0002658845,-0.0008205202,0.00055465376,0.0,2.630545e-13,0.00059310324,-0.00041528753,-0.00017782181,-7.460365e-09,-2.8e-09,1.1635233e-06,-9.779384e-07,-8.6407775e-18
0.015001594743801748,5.0,-5.0,0.4052562,1.0,0.42137903,0.99999905,-3.486473,-0.016273612,2.0,3.5191488,0.016337682,-1.6652126,-0.007627587,0.6037152,0.00015865364,-4.9999895,-1.4,-6.135565e-13,0.00013635939,-0.00017350998,0.00010081368,0.0003502811,0.00035028113,-0.00035267766,-0.00035267766,0.00016653712,3.0177825e-05,2.1882634e-05,5.0813633e-05,-0.0029227866,0.003023429,-8.105124e-10,-2e-09,-0.00010081368,2.8e-09,8.105124e-10,8.427581e-10,0.00050906005,-0.00048718235,-2.1883576e-05,2e-09,1.999998e-09,0.00051592925,-0.00046512767,-5.0815634e-05,0.0,-3.2547225e-11,0.0001812969,-0.00070506,0.0005237984,0.0,3.2675362e-11,0.00085043506,-0.00014751144,-0.00070295925,0.0,-1.5255174e-11,0.0002783829,-0.00079758116,0.00051921513,0.0,3.1730727e-13,0.00058651925,-0.00041998815,-0.00016653723,-6.972946e-09,-2.8e-09,1.1632795e-06,-9.781821e-07,1.8155665e-17
0.015001740271136212,5.0,-5.0,0.25972885,1.0,0.27588528,0.999999,-3.340622,-0.016184242,2.0,3.372886,0.016131915,-1.5962938,-0.0075083813,0.602387,0.00016322083,-4.9999895,-1.4,-6.122237e-13,0.00012953476,-0.00016622189,0.000100809215,0.0003356754,0.00033567543,-0.00033803945,-0.00033803948,0.0001596457,3.011119e-05,1.4603476e-05,5.0809165e-05,-0.0029251513,0.0030257879,-5.1945775e-10,-2e-09,-0.00010080922,2.8e-09,5.1945775e-10,5.517706e-10,0.00050636847,-0.00049176806,-1.460428e-05,2e-09,1.999998e-09,0.0005159269,-0.0004651298,-5.081117e-05,0.0,-3.2368486e-11,0.00019713872,-0.00069900975,0.0005019048,0.0,3.2263834e-11,0.0008358655,-0.00016218355,-0.0006737161,0.0,-1.5016762e-11,0.00028615718,-0.00078382704,0.000497686,0.0,3.2644167e-13,0.0005825313,-0.00042289143,-0.00015964595,-6.681244e-09,-2.8e-09,1.1631337e-06,-9.78328e-07,3.2506732e-17
0.015001999999999998,5.0,-5.0,2.469358e-12,1.0,0.016598923,0.9999996,-3.080679,-0.016019948,2.0,3.1131628,0.016241755,-1.4745175,-0.007708134,0.5999143,0.00018333485,-4.9999895,-1.4,-6.0973026e-13,0.00011748407,-0.00015323295,0.000100801,0.00030969206,0.0003096921,-0.0003120871,-0.0003120871,0.00014747008,2.998655e-05,1.6309435e-06,5.0800976e-05,-0.0029283324,0.003028959,-4.9390954e-21,-2e-09,-0.00010080103,2.8e-09,4.9382683e-21,3.3197847e-11,0.0005007813,-0.00049915,-1.631493e-06,2e-09,1.999999e-09,0.0005159226,-0.00046513363,-5.0803006e-05,0.0,-3.2039895e-11,0.00022484042,-0.00068774226,0.00046293298,0.0,3.2483512e-11,0.00080996536,-0.00018821529,-0.00062178157,0.0,-1.5416267e-11,0.000300127,-0.0007596709,0.00045955885,0.0,3.666697e-13,0.00057553296,-0.00042806842,-0.0001474706,-6.1613576e-09,-2.8e-09,1.1628738e-06,-9.785879e-07,2.5386001e-17
0.015002025972886376,5.0,-5.0,0.0,1.0,0.0084428005,1.0000004,-3.061035,-0.0131478235,2.0,3.0903676,0.014666157,-1.4630879,-0.0072211963,0.5996554,0.00017636621,-4.9999895,-1.4,-6.094788e-13,0.00011635266,-0.00015239436,0.000100657395,0.0003075701,0.00030757015,-0.00030975888,-0.00030975888,0.00014632643,2.9973951e-05,1.0795312e-06,5.0657407e-05,-0.0029286658,0.0030291488,-1.6463652e-21,-2e-09,-0.0001006574,2.8e-09,1.6460894e-21,1.6885602e-11,0.00050050707,-0.00049942743,-1.0797202e-06,2e-09,2.0000006e-09,0.0005158471,-0.0004652017,-5.065942e-05,0.0,-2.6295646e-11,0.00022698367,-0.000686924,0.0004599712,0.0,2.9332314e-11,0.0008078386,-0.00019054,-0.0006173298,0.0,-1.4442393e-11,0.00030144586,-0.00075751694,0.0004560859,0.0,3.527324e-13,0.00057488075,-0.00042856016,-0.00014632661,-6.1220695e-09,-2.8e-09,1.1628541e-06,-9.786075e-07,8.733757e-18
0.015002077918659134,5.0,-5.0,0.0,1.0,0.0014879477,1.0000008,-3.0335793,-0.008022577,2.0,3.0549586,0.010689465,-1.4442499,-0.0057273814,0.5992078,0.00014844812,-4.9999895,-1.4,-6.0905935e-13,0.00011448686,-0.00015127784,0.00010040113,0.00030442688,0.0003044269,-0.0003060686,-0.0003060686,0.00014443984,2.9952967e-05,4.755262e-07,5.0401166e-05,-0.0029291783,0.0030294051,0.0,-2e-09,-0.00010040113,2.8e-09,0.0,2.9758954e-12,0.00050020596,-0.00049973046,-4.7552922e-07,2e-09,2.0000015e-09,0.00051571237,-0.00046532325,-5.0403167e-05,0.0,-1.6045153e-11,0.00023003682,-0.000685717,0.0004557108,0.0,2.1378932e-11,0.0008046536,-0.00019418904,-0.00061049545,0.0,-1.1454763e-11,0.00030360013,-0.0007540939,0.00045050844,0.0,2.9689624e-13,0.0005738066,-0.0004293728,-0.00014443984,-6.0671583e-09,-2.8e-09,1.1628266e-06,-9.78635e-07,-2.5801788e-17
0.01500218181020465,5.0,-5.0,0.0,1.0,-0.00019969571,1.0,-3.0101104,-0.0025774948,2.0,3.0191338,0.0045116846,-1.423139,-0.0028204208,0.5986637,8.107583e-05,-4.9999895,-1.4,-6.0858263e-13,0.000112392874,-0.00015037664,0.00010012888,0.00030146222,0.00030146222,-0.00030219543,-0.00030219543,0.00014232201,2.992913e-05,1.1888995e-07,5.0128874e-05,-0.0029296395,0.0030295942,0.0,-2e-09,-0.00010012888,2.8e-09,0.0,-3.9939146e-13,0.0005000278,-0.0004999089,-1.1888957e-07,2e-09,2e-09,0.00051556923,-0.00046545244,-5.0130875e-05,0.0,-5.1549897e-12,0.00023272983,-0.0006845443,0.00045184488,0.0,9.023369e-12,0.0008015698,-0.00019794266,-0.0006036576,0.0,-5.640842e-12,0.00030597692,-0.0007504799,0.00044451744,0.0,1.6215166e-13,0.00057260325,-0.0004302873,-0.00014232201,-6.0202208e-09,-2.8e-09,1.1628032e-06,-9.786585e-07,-1.1282161e-17
0.01500238959329568,5.0,-5.0,0.0,1.0,1.6366232e-05,0.99999905,-3.0004113,-9.900128e-05,2.0,3.0009012,0.0002449036,-1.4107351,-0.00021192909,0.59830624,7.115871e-06,-4.9999895,-1.4,-6.082988e-13,0.00011115923,-0.00015001562,0.00010000495,0.00030006564,0.00030006564,-0.0003001113,-0.0003001113,0.00014107423,2.9914954e-05,5.7683756e-09,5.0004903e-05,-0.0029298067,0.0030296373,0.0,-2e-09,-0.00010000495,2.8e-09,0.0,3.2732497e-14,0.0004999712,-0.00049996545,-5.7656213e-09,2e-09,1.9999982e-09,0.0005155041,-0.00046551126,-5.00069e-05,0.0,-1.9800256e-13,0.00023388836,-0.0006839453,0.00045008722,0.0,4.8980725e-13,0.00080003997,-0.0001998935,-0.0006001768,0.0,-4.2385821e-13,0.00030734454,-0.00074851565,0.0004411854,0.0,1.4231743e-14,0.0005718957,-0.00043082755,-0.00014107417,-6.000823e-09,-2.8e-09,1.1627935e-06,-9.786681e-07,3.995941e-17
0.015002602988732688,5.0,-5.0,0.0,1.0,-3.274704e-05,0.999999,-2.9998605,2.6426238e-05,2.0,2.999644,-0.00010825242,-1.4096798,0.000103998864,0.59827065,-4.3809155e-06,-4.9999895,-1.4,-6.0827434e-13,0.00011105373,-0.00014999435,9.999868e-05,0.00029997522,0.00029997522,-0.000299954,-0.000299954,0.00014096755,2.991375e-05,-2.958663e-09,4.9998627e-05,-0.0029298107,0.003029635,0.0,-2e-09,-9.999868e-05,2.8e-09,0.0,-6.5494044e-14,0.00049996685,-0.0004999698,2.9619902e-09,2e-09,1.999998e-09,0.0005155008,-0.00046551425,-5.0000628e-05,0.0,5.285247e-14,0.00023395664,-0.00068390183,0.00044997552,0.0,-2.165048e-13,0.00079993036,-0.00020003169,-0.000599929,0.0,2.0799771e-13,0.00030745784,-0.00074836484,0.00044092129,0.0,-8.761831e-15,0.0005718353,-0.00043087392,-0.00014096744,-5.999721e-09,-2.8e-09,1.162793e-06,-9.786687e-07,4.0328565e-17
0.015002945733732322,5.0,-5.0,0.0,1.0,1.928788e-05,0.999999,-3.0000064,2.9729879e-06,2.0,3.000062,2.77339e-05,-1.410073,-2.9904812e-05,0.5982846,4.7027743e-07,-4.9999895,-1.4,-6.082835e-13,0.000111093126,-0.00015000047,9.999985e-05,0.0003000034,0.0003000034,-0.00030000918,-0.00030000918,0.00014100735,2.9914205e-05,8.157445e-10,4.9999802e-05,-0.0029298116,0.003029637,0.0,-2e-09,-9.999985e-05,2.8e-09,0.0,3.8575768e-14,0.00049996877,-0.00049996795,-8.164302e-10,2e-09,1.999998e-09,0.0005155014,-0.00046551367,-5.00018e-05,0.0,5.945968e-15,0.00023393764,-0.0006839172,0.00045000986,0.0,5.546781e-14,0.000799967,-0.00019998485,-0.0006000125,0.0,-5.980962e-14,0.00030741617,-0.0007484183,0.0004410164,0.0,9.40555e-16,0.00057185785,-0.0004308566,-0.0001410073,-6.000013e-09,-2.8e-09,1.1627931e-06,-9.786686e-07,1.9350962e-17
0.015003631223731589,5.0,-5.0,0.0,1.0,-8.192423e-06,0.999999,-2.9999833,1.8958526e-06,2.0,2.9999576,-1.2886722e-05,-1.4099634,1.1321609e-05,0.5982802,-9.083713e-07,-4.9999895,-1.4,-6.0828095e-13,0.000111082205,-0.00014999925,9.99999e-05,0.00029999705,0.00029999705,-0.0002999946,-0.0002999946,0.00014099624,2.9914056e-05,-5.044141e-10,4.9999857e-05,-0.0029298104,0.003029636,0.0,-2e-09,-9.99999e-05,2.8e-09,0.0,-1.6384851e-14,0.0004999681,-0.0004999686,5.0445886e-10,2e-09,1.999998e-09,0.0005155014,-0.00046551367,-5.0001854e-05,0.0,3.7917036e-15,0.00023394104,-0.000683913,0.0004500023,0.0,-2.5773437e-14,0.000799958,-0.00019999672,-0.00059999165,0.0,2.2643217e-14,0.00030742757,-0.0007484042,0.00044099087,0.0,-1.8167425e-15,0.0005718516,-0.0004308614,-0.00014099626,-5.9999663e-09,-2.8e-09,1.1627931e-06,-9.786686e-07,-3.4562473e-19
0.015005002203730123,5.0,-5.0,0.0,1.0,3.7930295e-06,0.999999,-2.9999878,3.7182642e-06,2.0,2.99999,1.0114672e-06,-1.409999,-2.5575343e-06,0.5982814,-4.852523e-07,-4.9999895,-1.4,-6.0828176e-13,0.00011108576,-0.00014999957,9.9999816e-05,0.0002999989,0.0002999989,-0.00029999926,-0.00029999926,0.00014099985,2.9914094e-05,3.738343e-12,4.9999766e-05,-0.002929811,0.0030296366,0.0,-2e-09,-9.9999816e-05,2.8e-09,0.0,7.586054e-15,0.00049996836,-0.00049996836,-2.8694085e-12,2e-09,1.999998e-09,0.00051550136,-0.0004655137,-5.0001763e-05,0.0,7.436532e-15,0.00023394024,-0.0006839144,0.00045000447,0.0,2.0229406e-15,0.0007999608,-0.00019999298,-0.00059999817,0.0,-5.1150693e-15,0.00030742388,-0.00074840867,0.0004409991,0.0,-9.705045e-16,0.00057185366,-0.00043085983,-0.00014099985,-5.9999756e-09,-2.8e-09,1.1627931e-06,-9.786686e-07,-1.1959999e-17
0.01690434375,5.0,-5.0,0.0,1.0,-4.654978e-06,0.99999905,-2.9999864,1.9812069e-06,2.0,2.9999716,-7.3794654e-06,-1.4099785,5.5607356e-06,0.5982806,-7.1838605e-07,-4.9999895,-1.4,-6.0828133e-13,0.00011108372,-0.00014999943,9.99999e-05,0.0002999979,0.00029999792,-0.0002999966,-0.0002999966,0.00014099778,2.9914067e-05,-3.3180939e-10,4.999985e-05,-0.0029298107,0.0030296363,0.0,-2e-09,-9.99999e-05,2.8e-09,0.0,-9.309963e-15,0.0004999682,-0.00049996853,3.308688e-10,2e-09,1.999998e-09,0.0005155015,-0.00046551364,-5.000185e-05,0.0,3.9624134e-15,0.00023394058,-0.0006839136,0.00045000334,0.0,-1.4758927e-14,0.0007999593,-0.0001999951,-0.00059999456,0.0,1.1121475e-14,0.00030742597,-0.0007484061,0.0004409944,0.0,-1.4367721e-15,0.00057185243,-0.00043086073,-0.00014099778,-5.999973e-09,-2.8e-09,1.1627931e-06,-9.786686e-07,-1.4741479e-17
0.0169953124999998,5.0,-5.0,0.0,1.0,-5.602e-07,0.999999,-2.999987,2.860959e-06,2.0,2.9999802,-3.3697897e-06,-1.4099883,1.6595412e-06,0.59828097,-6.071072e-07,-4.9999895,-1.4,-6.0828155e-13,0.00011108469,-0.0001499995,9.999986e-05,0.00029999836,0.00029999836,-0.00029999786,-0.00029999786,0.00014099877,2.9914077e-05,-1.7105825e-10,4.9999806e-05,-0.002929811,0.0030296366,0.0,-2e-09,-9.999986e-05,2.8e-09,0.0,-1.1204049e-15,0.00049996824,-0.0004999685,1.7015471e-10,2e-09,1.999998e-09,0.0005155014,-0.00046551367,-5.0001807e-05,0.0,5.721916e-15,0.00023394043,-0.000683914,0.00045000386,0.0,-6.739579e-15,0.00079996,-0.00019999409,-0.00059999625,0.0,3.31908e-15,0.00030742495,-0.0007484073,0.00044099664,0.0,-1.2142145e-15,0.000571853,-0.0004308603,-0.00014099877,-5.999974e-09,-2.8e-09,1.1627931e-06,-9.786686e-07,-1.8361396e-17
0.01699887499999884,5.0,-5.0,0.0,1.0,9.4683975e-07,0.999999,-2.9999866,3.3305475e-06,2.0,2.9999816,-2.5244892e-06,-1.4099896,1.1542392e-06,0.59828097,-6.046799e-07,-4.9999895,-1.4,-6.0828155e-13,0.000111084824,-0.0001499995,9.999984e-05,0.0002999984,0.0002999984,-0.00029999804,-0.00029999804,0.0001409989,2.991408e-05,-1.1918538e-10,4.9999784e-05,-0.002929811,0.0030296366,0.0,-2e-09,-9.999984e-05,2.8e-09,0.0,1.8936825e-15,0.0004999683,-0.0004999684,1.1973378e-10,2e-09,1.999998e-09,0.0005155014,-0.00046551367,-5.000178e-05,0.0,6.6610976e-15,0.00023394046,-0.00068391406,0.00045000392,0.0,-5.0489826e-15,0.00079996005,-0.00019999394,-0.0005999964,0.0,2.3084782e-15,0.00030742484,-0.0007484075,0.00044099696,0.0,-1.2093598e-15,0.0005718531,-0.00043086024,-0.0001409989,-5.999973e-09,-2.8e-09,1.1627931e-06,-9.786686e-07,5.1975493e-17
0.016999874999998842,5.0,-5.0,0.0,1.0,-2.8054736e-05,0.999999,-2.999995,-6.0383895e-06,2.0,2.9999597,-1.7717166e-05,-1.4099687,8.362534e-06,0.59828055,-5.4907406e-07,-4.9999895,-1.4,-6.082811e-13,0.000111082765,-0.00014999945,0.0001000003,0.00029999774,0.00029999774,-0.00029999512,-0.00029999512,0.00014099682,2.9914056e-05,-1.1008173e-09,5.0000253e-05,-0.0029298102,0.003029636,0.0,-2e-09,-0.0001000003,2.8e-09,0.0,-5.610947e-14,0.00049996783,-0.0004999689,1.1008666e-09,2e-09,1.999998e-09,0.00051550166,-0.00046551347,-5.000225e-05,0.0,-1.2076779e-14,0.0002339398,-0.0006839127,0.0004500032,0.0,-3.543434e-14,0.0007999591,-0.00019999655,-0.00059999287,0.0,1.6725067e-14,0.00030742702,-0.0007484047,0.00044099195,0.0,-1.0981481e-15,0.0005718519,-0.00043086114,-0.00014099682,-5.9999903e-09,-2.8e-09,1.1627931e-06,-9.786686e-07,3.2902383e-17
0.01700025000000231,5.0,-5.0,0.0,1.0,1.2009466e-06,0.999999,-2.9999864,3.4313093e-06,2.0,2.9999816,-2.4169017e-06,-1.4099897,1.0915526e-06,0.59828097,-6.079928e-07,-4.9999895,-1.4,-6.0828155e-13,0.00011108483,-0.0001499995,9.999983e-05,0.0002999984,0.0002999984,-0.00029999804,-0.00029999804,0.0001409989,2.991408e-05,-1.1151816e-10,4.999978e-05,-0.002929811,0.0030296366,0.0,-2e-09,-9.999983e-05,2.8e-09,0.0,2.4018936e-15,0.0004999683,-0.0004999684,1.1139243e-10,2e-09,1.999998e-09,0.0005155014,-0.0004655137,-5.0001778e-05,0.0,6.8626186e-15,0.00023394047,-0.0006839141,0.0004500039,0.0,-4.8338053e-15,0.00079996005,-0.00019999393,-0.0005999964,0.0,2.183105e-15,0.0003074248,-0.0007484075,0.00044099698,0.0,-1.2159856e-15,0.0005718531,-0.00043086024,-0.0001409989,-5.999973e-09,-2.8e-09,1.1627931e-06,-9.786686e-07,4.957869e-17
0.017000499999995377,5.0,-5.0,0.0,1.0,-4.363856e-06,0.999999,-2.9999883,1.5748305e-06,2.0,2.9999788,-4.8246106e-06,-1.4099879,1.4262737e-06,0.59828097,-5.582049e-07,-4.9999895,-1.4,-6.0828155e-13,0.00011108466,-0.0001499995,9.9999925e-05,0.00029999836,0.00029999836,-0.00029999772,-0.00029999772,0.00014099873,2.9914077e-05,-2.9693434e-10,4.999987e-05,-0.002929811,0.0030296366,0.0,-2e-09,-9.9999925e-05,2.8e-09,0.0,-8.72771e-15,0.0004999682,-0.0004999685,2.9685807e-10,2e-09,1.999998e-09,0.0005155015,-0.00046551367,-5.0001872e-05,0.0,3.1496622e-15,0.00023394031,-0.0006839139,0.00045000383,0.0,-9.649222e-15,0.00079996,-0.00019999428,-0.00059999607,0.0,2.8525478e-15,0.000307425,-0.0007484072,0.00044099646,0.0,-1.1164099e-15,0.000571853,-0.00043086032,-0.00014099873,-5.999977e-09,-2.8e-09,1.1627931e-06,-9.786686e-07,5.673035e-17
0.017000750605702674,5.0,-5.0,0.0,1.124686,-0.0004053957,1.0055338,-3.000174,0.0012392611,2.0,2.9998407,-0.00016797108,-1.4100624,-8.827898e-05,0.5982869,1.9050857e-06,-4.9999895,-1.4,-6.0828165e-13,0.00011109158,-0.00015007229,9.99383e-05,0.0003000014,0.0003000014,-0.00029999108,-0.00029999108,0.00014100518,2.991427e-05,-8.223284e-08,5.0214836e-05,-0.002930127,0.0030298794,0.0,-2.2493702e-09,-9.99383e-05,2.8e-09,0.0,-8.107916e-13,0.0004999252,-0.0005000065,8.223465e-08,2.2493702e-09,2.0110598e-09,0.0005158681,-0.00046566824,-5.0216535e-05,0.0,2.4785224e-12,0.00023393739,-0.0006839886,0.0004500752,0.0,-3.3594202e-13,0.0007999642,-0.000200001,-0.0005999954,0.0,-1.7655801e-13,0.00030741922,-0.00074840675,0.00044099617,0.0,3.810171e-15,0.0005718532,-0.000430857,-0.00014100518,-6.0003664e-09,-2.8e-09,1.1627931e-06,-9.786686e-07,2.901382e-14
0.01700100121140997,5.0,-5.0,0.0,0.9987886,-4.592291e-05,0.99994695,-3.0000017,-2.5159348e-05,2.0,2.999963,-1.9307761e-05,-1.4099916,-6.1590795e-06,0.5982815,-1.3299834e-07,-4.9999895,-1.4,-6.0828165e-13,0.00011108507,-0.00014999881,0.000100001256,0.00029999824,0.00029999824,-0.00029999693,-0.00029999693,0.00014099915,2.9914081e-05,-1.0381781e-09,4.9998605e-05,-0.0029298067,0.0030296338,0.0,-1.9975772e-09,-0.000100001256,2.8e-09,0.0,-9.1845815e-14,0.00049996783,-0.0004999689,1.0382699e-09,1.9975772e-09,1.999894e-09,0.00051549834,-0.00046551175,-5.0000606e-05,0.0,-5.0318697e-14,0.00023393886,-0.0006839116,0.00045000308,0.0,-3.8615524e-14,0.00079996075,-0.00019999593,-0.00059999514,0.0,-1.2318159e-14,0.00030742484,-0.00074840663,0.00044099608,0.0,-2.6599667e-16,0.00057185325,-0.00043086012,-0.00014099915,-6.000003e-09,-2.8e-09,1.1627931e-06,-9.786686e-07,-2.270853e-17
0.017001002422856914,5.0,-5.0,0.0,0.99757713,-4.269107e-05,0.9997927,-2.9999971,-6.178775e-05,2.0,2.999964,-1.6547148e-05,-1.4099911,-5.4636944e-06,0.59828144,-1.5347834e-07,-4.9999895,-1.4,-6.082816e-13,0.00011108501,-0.00014999676,0.00010000309,0.00029999806,0.00029999806,-0.00029999696,-0.00029999696,0.0001409991,2.9914081e-05,9.548341e-10,4.9992726e-05,-0.002929804,0.0030296326,0.0,-1.9951543e-09,-0.00010000309,2.8e-09,0.0,-8.538214e-14,0.0004999688,-0.0004999679,-9.547474e-10,1.9951543e-09,1.9995854e-09,0.000515495,-0.00046551434,-4.9994727e-05,0.0,-1.2357551e-13,0.00023393864,-0.00068390917,0.00045000084,0.0,-3.3094296e-14,0.0007999605,-0.0001999958,-0.000599995,0.0,-1.0927389e-14,0.00030742487,-0.0007484067,0.00044099605,0.0,-3.069567e-16,0.0005718532,-0.00043086015,-0.0001409991,-5.9999943e-09,-2.8e-09,1.1627931e-06,-9.786686e-07,4.045606e-18
0.0170010048457508,5.0,-5.0,0.0,0.99515426,-3.7094796e-05,0.9992207,-2.9999695,-0.00019649423,2.0,2.9999642,-2.6839293e-06,-1.4099902,-4.7592375e-06,0.5982814,-1.916689e-07,-4.9999895,-1.4,-6.082816e-13,0.00011108492,-0.00014998866,0.00010000982,0.0002999967,0.0002999967,-0.0002999969,-0.0002999969,0.00014099899,2.991408e-05,7.969972e-09,4.9970862e-05,-0.0029298002,0.0030296359,0.0,-1.9903086e-09,-0.00010000982,2.8e-09,0.0,-7.418959e-14,0.0004999723,-0.0004999644,-7.969847e-09,1.9903086e-09,1.9984414e-09,0.0005154893,-0.0004655305,-4.997286e-05,0.0,-3.9298846e-13,0.00023393883,-0.00068389985,0.00044999135,0.0,-5.367859e-15,0.0007999588,-0.00019999557,-0.0005999936,0.0,-9.518475e-15,0.00030742495,-0.00074840663,0.0004409959,0.0,-3.833378e-16,0.00057185313,-0.00043086018,-0.00014099899,-5.999939e-09,-2.8e-09,1.1627931e-06,-9.786686e-07,3.010775e-17
0.01700100969153857,5.0,-5.0,0.0,0.99030846,-2.8546609e-05,0.99725485,-2.999791,-0.0006411586,2.0,2.9999425,7.5791184e-05,-1.409987,-9.476615e-06,0.59828126,-2.2597311e-07,-4.9999895,-1.4,-6.0828155e-13,0.00011108459,-0.00014995749,0.000100032055,0.00029998668,0.00029998668,-0.0002999952,-0.0002999952,0.00014099867,2.9914076e-05,3.06306e-08,4.9894803e-05,-0.0029298007,0.0030296585,0.0,-1.980617e-09,-0.000100032055,2.8e-09,0.0,-5.709322e-14,0.00049998367,-0.00049995305,-3.0629344e-08,1.980617e-09,1.9945097e-09,0.0005154803,-0.00046559752,-4.98968e-05,0.0,-1.2823171e-12,0.00023394758,-0.00068386743,0.00044995017,0.0,1.5158237e-13,0.0007999479,-0.00019999634,-0.00059998187,0.0,-1.895323e-14,0.0003074255,-0.0007484051,0.00044099387,0.0,-4.519462e-16,0.00057185296,-0.00043086032,-0.00014099867,-5.999582e-09,-2.8e-09,1.1627928e-06,-9.786688e-07,2.9363244e-17
0.017001019383114113,5.0,-5.0,0.0,0.98061687,-1.7978524e-05,0.9912168,-2.998743,-0.0018860279,2.0,2.9996796,0.00046823276,-1.4099478,-6.6915025e-05,0.59828085,2.4202532e-07,-4.9999895,-1.4,-6.082806e-13,0.000111080764,-0.00014984285,0.0001000943,0.00029992114,0.00029992114,-0.00029997464,-0.00029997464,0.0001409948,2.991403e-05,9.340247e-08,4.9655144e-05,-0.0029298307,0.0030297507,0.0,-1.9612338e-09,-0.00010009429,2.8e-09,0.0,-3.5957047e-14,0.00050001504,-0.0004999217,-9.338917e-08,1.9612338e-09,1.9824336e-09,0.00051546516,-0.0004658219,-4.965717e-05,0.0,-3.772056e-12,0.00023402428,-0.000683764,0.00044977,0.0,9.364655e-13,0.0007998803,-0.00020001488,-0.0005998958,0.0,-1.3383005e-13,0.0003074322,-0.00074838736,0.00044096945,0.0,4.8405074e-16,0.00057185075,-0.00043086198,-0.0001409948,-5.997486e-09,-2.8e-09,1.1627918e-06,-9.786698e-07,4.276959e-17
0.017001038766265197,5.0,-5.0,0.0,0.96123374,-8.537221e-06,0.9751574,-2.9936242,-0.0046187984,2.0,2.997516,0.0019458667,-1.4094622,-0.00042833164,0.59827495,5.403349e-06,-4.9999895,-1.4,-6.0826957e-13,0.00011103329,-0.00014945026,0.000100230944,0.00029955702,0.00029955702,-0.00029979442,-0.00029979442,0.00014094677,2.9913479e-05,2.3051305e-07,4.898881e-05,-0.0029299858,0.0030300422,0.0,-1.9224675e-09,-0.000100230885,2.8e-09,0.0,-1.7074443e-14,0.0005000836,-0.00049985317,-2.3045827e-07,1.9224675e-09,1.9503148e-09,0.0005154247,-0.0004664474,-4.8990973e-05,0.0,-9.237597e-12,0.00023446868,-0.0006834519,0.00044901343,0.0,3.8917337e-12,0.0007995203,-0.00020019905,-0.00059935154,0.0,-8.566633e-13,0.00030750237,-0.00074822933,0.00044074125,0.0,1.0806699e-14,0.0005718234,-0.00043088268,-0.00014094677,-5.9872485e-09,-2.8e-09,1.1627867e-06,-9.78675e-07,7.106402e-17
0.017001077532567365,5.0,-5.0,0.0,0.9224674,-3.1018635e-06,0.9381711,-2.9738283,-0.008914967,2.0,2.9851143,0.0056430236,-1.4055775,-0.0017508488,0.59821165,3.126294e-05,-4.9999895,-1.4,-6.0818017e-13,0.00011065197,-0.00014824566,0.00010044575,0.00029794715,0.00029794715,-0.00029868653,-0.00029868653,0.00014056088,2.990902e-05,4.4559326e-07,4.7354304e-05,-0.0029305392,0.0030308103,0.0,-1.8449349e-09,-0.000100445715,2.8e-09,0.0,-6.203727e-15,0.00050019124,-0.0004997456,-4.4555858e-07,1.8449349e-09,1.8763422e-09,0.0005152724,-0.0004679289,-4.7356625e-05,0.0,-1.7829934e-11,0.00023634423,-0.0006825138,0.0004461996,0.0,1.1286048e-11,0.0007979563,-0.00020135203,-0.00059663446,0.0,-3.5016976e-12,0.0003080084,-0.00074724195,0.00043924781,0.0,6.2525885e-14,0.00057160406,-0.00043104915,-0.00014056098,-5.9476566e-09,-2.8e-09,1.1627669e-06,-9.786947e-07,6.7372015e-17
0.017001155065171702,5.0,-5.0,0.0,0.8449348,-1.0149897e-06,0.86100197,-2.9140751,-0.013268391,2.0,2.9363105,0.011117642,-1.3864865,-0.004367685,0.5978268,9.639892e-05,-4.9999895,-1.4,-6.077298e-13,0.00010877207,-0.00014504034,0.00010066342,0.00029251928,0.00029251928,-0.00029406784,-0.00029406784,0.00013865829,2.988652e-05,6.633688e-07,4.3713517e-05,-0.0029320181,0.0030325064,0.0,-1.6898697e-09,-0.000100663536,2.8e-09,0.0,-2.0299793e-15,0.0005003002,-0.00049963675,-6.6348326e-07,1.6898697e-09,1.722004e-09,0.00051473634,-0.0004710327,-4.371568e-05,0.0,-2.6536781e-11,0.00024226328,-0.00067980116,0.0004375673,0.0,2.2235283e-11,0.0007926591,-0.00020609975,-0.0005865891,0.0,-8.73537e-12,0.00031037047,-0.00074308354,0.00043272713,0.0,1.9279784e-13,0.0005705262,-0.00043187366,-0.00013865856,-5.8281504e-09,-2.8e-09,1.1627071e-06,-9.787545e-07,2.8222857e-17
0.017001310130380375,5.0,-5.0,0.0,0.68986964,-1.6408553e-07,0.7059259,-2.7689183,-0.015747981,2.0,2.799589,0.015335189,-1.3259995,-0.006933749,0.59641504,0.00018014594,-4.9999895,-1.4,-6.062345e-13,0.00010280639,-0.00013765851,0.000100787394,0.00027842534,0.00027842537,-0.00028065225,-0.00028065228,0.00013261796,2.9811745e-05,7.8739083e-07,3.6083693e-05,-0.002935068,0.0030356785,0.0,-1.3797392e-09,-0.000100787496,2.8e-09,0.0,-3.2817106e-16,0.00050036225,-0.00049957476,-7.874865e-07,1.3797392e-09,1.4118517e-09,0.00051312,-0.0004770446,-3.608525e-05,0.0,-3.1495962e-11,0.00025684055,-0.00067290297,0.0004160904,0.0,3.0670376e-11,0.00077873847,-0.00021968802,-0.00055907876,0.0,-1.3867498e-11,0.00031772352,-0.0007309809,0.0004132708,0.0,3.602919e-13,0.0005671205,-0.00043450846,-0.00013261812,-5.5378364e-09,-2.8e-09,1.1625621e-06,-9.788997e-07,-6.11828e-17
0.017001541621512045,5.0,-5.0,0.0,0.4583785,-1.1337681e-09,0.47443795,-2.5390968,-0.016164562,2.0,2.5714905,0.016196724,-1.2197576,-0.0075897085,0.59366876,0.00022349962,-4.9999895,-1.4,-6.034452e-13,9.232585e-05,-0.00012614661,0.000100808225,0.00025552936,0.0002555294,-0.00025790802,-0.00025790805,0.000121998106,2.9672265e-05,8.0822804e-07,2.4530125e-05,-0.0029390357,0.0030396653,0.0,-9.16757e-10,-0.000100808225,2.8e-09,0.0,-2.2675405e-18,0.00050037267,-0.0004995644,-8.082282e-07,9.16757e-10,9.488759e-10,0.0005099484,-0.00048542395,-2.4531075e-05,0.0,-3.2329125e-11,0.0002797786,-0.000661434,0.00038168105,0.0,3.239345e-11,0.00075594406,-0.00024253265,-0.00051343744,0.0,-1.5179417e-11,0.0003306613,-0.0007105552,0.00037990615,0.0,4.4699924e-13,0.0005611681,-0.000439176,-0.00012199811,-5.078194e-09,-2.8e-09,1.1623322e-06,-9.791295e-07,-9.119273e-17
0.017002,5.0,-5.0,0.0,7.346346e-13,7.8078594e-10,0.01606024,-2.0805888,-0.016131992,2.0,2.1129029,0.01615685,-1.0042038,-0.0075778035,0.5870268,0.00028214813,-4.9999895,-1.4,-5.967446e-13,7.111137e-05,-0.00010322285,0.0001008066,0.00020967457,0.0002096746,-0.00021204806,-0.00021204808,0.0001004486,2.933723e-05,8.065996e-07,1.6096116e-06,-0.0029435265,0.0030441512,0.0,-1.4690728e-21,-0.0001008066,2.8e-09,0.0,1.5615722e-18,0.0005003718,-0.0004995652,-8.065996e-07,1.4690728e-21,3.212048e-11,0.0005007705,-0.0004991611,-1.6096436e-06,0.0,-3.2263983e-11,0.0003240322,-0.00063691277,0.00031290157,0.0,3.23137e-11,0.000710219,-0.0002885177,-0.00042172268,0.0,-1.5155606e-11,0.00035770691,-0.0006701934,0.00031249668,0.0,5.642963e-13,0.000549264,-0.00044882135,-0.0001004486,-4.1611776e-09,-2.8e-09,1.161873e-06,-9.795903e-07,1.6388605e-17
0.017002007435519523,5.0,-5.0,0.0,0.0,4.412387e-07,0.011498018,-2.073517,-0.015504509,2.0,2.1055448,0.016013673,-1.0007181,-0.00755921,0.5869026,0.00028309858,-4.9999895,-1.4,-5.9661954e-13,7.076915e-05,-0.00010290063,0.00010077523,0.00020895308,0.00020895312,-0.0002113104,-0.00021131041,0.00010010013,2.9330977e-05,7.7524754e-07,1.3501264e-06,-0.002943589,0.0030441822,0.0,-4.896909e-22,-0.0001007752,2.8e-09,0.0,8.8247746e-16,0.00050035614,-0.00049958087,-7.752218e-07,4.896909e-22,2.2996036e-11,0.00050064194,-0.0004992918,-1.3502411e-06,0.0,-3.100902e-11,0.00032470317,-0.0006365401,0.0003118579,0.0,3.2027346e-11,0.00070949784,-0.00028925555,-0.00042026353,0.0,-1.511842e-11,0.00035815418,-0.0006695546,0.00031141055,0.0,5.6619715e-13,0.0005490738,-0.00044897955,-0.00010010013,-4.1470343e-09,-2.8e-09,1.161866e-06,-9.795975e-07,-3.9929485e-18
0.01700202230655857,5.0,-5.0,0.0,0.0,1.2959504e-06,0.005673944,-2.060692,-0.013754045,2.0,2.0913758,0.015341852,-0.9938613,-0.007424868,0.5866545,0.0002831051,-4.9999895,-1.4,-5.963714e-13,7.009588e-05,-0.000102346894,0.0001006877,0.00020760339,0.00020760341,-0.00020988008,-0.00020988009,9.941444e-05,2.931857e-05,6.87767e-07,9.713993e-07,-0.0029437311,0.0030442371,0.0,0.0,-0.000100687685,2.8e-09,0.0,2.5919007e-15,0.00050031237,-0.0004996246,-6.8774926e-07,0.0,1.1347888e-11,0.0005004536,-0.0004994822,-9.71476e-07,0.0,-2.7508088e-11,0.00032593423,-0.0006358678,0.00030995446,0.0,3.0683702e-11,0.0007081399,-0.00029067753,-0.0004174835,0.0,-1.4849736e-11,0.0003590296,-0.00066831405,0.00030929453,0.0,5.662102e-13,0.0005486997,-0.00044929117,-9.941444e-05,-4.1213837e-09,-2.8e-09,1.161853e-06,-9.796108e-07,-1.5341037e-17
0.017002052048636657,5.0,-5.0,0.0,0.0,2.0706132e-06,0.0013967099,-2.0413117,-0.00997812,2.0,2.0671287,0.012908358,-0.98139596,-0.0066975756,0.5861815,0.0002684889,-4.9999895,-1.4,-5.95913e-13,6.8870795e-05,-0.00010156668,0.0001004989,0.000205422,0.00020542202,-0.00020738262,-0.00020738263,9.816644e-05,2.9295652e-05,4.990095e-07,5.687415e-07,-0.002943995,0.003044312,0.0,0.0,-0.0001004989,2.8e-09,0.0,4.1412262e-15,0.00050021795,-0.00049971894,-4.99009e-07,0.0,2.7934198e-12,0.0005002527,-0.00049968396,-5.6874774e-07,0.0,-1.995624e-11,0.00032784243,-0.00063481455,0.00030699276,0.0,2.5816717e-11,0.00070590293,-0.0002931192,-0.00041280466,0.0,-1.3395151e-11,0.00036059727,-0.0006661364,0.00030554907,0.0,5.369778e-13,0.0005480198,-0.00044985928,-9.816645e-05,-4.082623e-09,-2.8e-09,1.1618332e-06,-9.796315e-07,-2.2414186e-17
0.017002111532792834,5.0,-5.0,0.0,0.0,1.6549304e-06,3.151829e-05,-2.019811,-0.0049443473,2.0,2.0354848,0.007836906,-0.96344393,-0.004602763,0.5854415,0.00020288725,-4.9999895,-1.4,-5.9523865e-13,6.710275e-05,-0.000100743324,0.00010024722,0.00020276477,0.00020276479,-0.00020400876,-0.00020400876,9.636468e-05,2.9261932e-05,2.473001e-07,2.4879327e-07,-0.0029443083,0.0030443738,0.0,0.0,-0.00010024722,2.8e-09,0.0,3.3098607e-15,0.000500092,-0.0004998447,-2.473001e-07,0.0,6.3036585e-14,0.0005000928,-0.00049984397,-2.4879333e-07,0.0,-9.888695e-12,0.00033003834,-0.0006335301,0.00030351212,0.0,1.5673811e-11,0.00070308155,-0.0002963286,-0.00040677353,0.0,-9.205526e-12,0.00036280142,-0.0006631651,0.00030037345,0.0,4.057745e-13,0.00054704037,-0.0004506816,-9.636468e-05,-4.0396215e-09,-2.8e-09,1.1618109e-06,-9.796561e-07,-1.2483713e-17
0.017002230501105192,5.0,-5.0,0.0,0.0,4.9225457e-07,-4.5429447e-06,-2.0049186,-0.0012306145,2.0,2.0097451,0.0024133902,-0.9470506,-0.0016804514,0.58469445,8.484341e-05,-4.9999895,-1.4,-5.946096e-13,6.548306e-05,-0.00010018439,0.00010006153,0.00020073318,0.0002007332,-0.00020114258,-0.00020114258,9.471354e-05,2.923048e-05,6.155533e-08,6.1303574e-08,-0.0029445116,0.0030443913,0.0,0.0,-0.00010006153,2.8e-09,0.0,9.84509e-16,0.0004999991,-0.00049993757,-6.155533e-08,0.0,-9.085888e-15,0.00049999903,-0.0004999377,-6.130357e-08,0.0,-2.461229e-12,0.00033162287,-0.00063252426,0.0003009216,0.0,4.82678e-12,0.0007008222,-0.00029896674,-0.00040187576,0.0,-3.360903e-12,0.0003647616,-0.0006606081,0.00029585612,0.0,1.6968682e-13,0.00054614496,-0.0004514373,-9.471354e-05,-4.009837e-09,-2.8e-09,1.1617942e-06,-9.796777e-07,-2.1414828e-17
0.017002468437729908,5.0,-5.0,0.0,0.0,3.353983e-09,6.8147125e-07,-2.0000718,-1.7757007e-05,2.0,2.0001569,4.2603897e-05,-0.94013846,-4.402844e-05,0.5843421,2.5736608e-06,-4.9999895,-1.4,-5.9433946e-13,6.479713e-05,-0.0001000027,0.000100000885,0.00020001143,0.00020001143,-0.00020002009,-0.00020002009,9.40141e-05,2.9216979e-05,8.8801794e-10,9.219239e-10,-0.0029445663,0.0030443852,0.0,0.0,-0.000100000885,2.8e-09,0.0,6.7079736e-18,0.00049996877,-0.0004999679,-8.880143e-10,0.0,1.3629435e-15,0.0004999688,-0.0004999679,-9.2192143e-10,0.0,-3.5514008e-14,0.00033215882,-0.0006321568,0.00030001812,0.0,8.52078e-14,0.00069997465,-0.00029996329,-0.00040003154,0.0,-8.805688e-14,0.00036556675,-0.00065959146,0.0002940342,0.0,5.1473235e-15,0.00054576655,-0.00045175836,-9.40141e-05,-4.0001438e-09,-2.8e-09,1.1617864e-06,-9.796939e-07,-1.8692624e-17
0.017002746915354285,5.0,-5.0,0.0,0.0,2.9442164e-09,-9.699985e-07,-1.9999624,9.154119e-06,2.0,1.9999202,-2.1117045e-05,-0.93992245,2.7234644e-05,0.5843283,-2.7099115e-06,-4.9999895,-1.4,-5.9433085e-13,6.477543e-05,-9.999858e-05,9.999954e-05,0.00019999413,0.00019999413,-0.0001999893,-0.0001999893,9.399198e-05,2.9216551e-05,-4.575587e-10,-5.062058e-10,-0.0029445668,0.0030443845,0.0,0.0,-9.999954e-05,2.8e-09,0.0,5.88844e-18,0.0004999681,-0.0004999686,4.5756682e-10,0.0,-1.9399962e-15,0.0004999681,-0.0004999686,5.06216e-10,0.0,1.8308238e-14,0.00033217124,-0.00063214777,0.0002999967,0.0,-4.2234086e-14,0.000699952,-0.00029998878,-0.00039998343,0.0,5.4469274e-14,0.00036559088,-0.0006595626,0.00029398125,0.0,-5.4198233e-15,0.0005457547,-0.00045176857,-9.399197e-05,-3.999925e-09,-2.8e-09,1.1617839e-06,-9.797033e-07,1.8718287e-17
0.017003277186158853,5.0,-5.0,0.0,0.0,-1.9213455e-09,4.331887e-07,-1.9999983,5.335732e-07,2.0,2.0000038,2.7631856e-06,-0.9400125,-7.290351e-06,0.5843348,1.14176906e-07,-4.9999895,-1.4,-5.943345e-13,6.478454e-05,-9.999995e-05,9.9999976e-05,0.00020000011,0.00020000011,-0.00020000112,-0.00020000112,9.400127e-05,2.9216733e-05,-2.677473e-11,-5.0191795e-12,-0.0029445668,0.003044385,0.0,0.0,-9.9999976e-05,2.8e-09,0.0,-3.8426886e-18,0.0004999683,-0.00049996836,2.678011e-11,0.0,8.6637775e-16,0.00049996836,-0.00049996836,5.0236295e-12,0.0,1.0671467e-15,0.00033216705,-0.0006321509,0.00030000403,0.0,5.5263716e-15,0.00069996057,-0.0002999795,-0.00040000124,0.0,-1.458071e-14,0.0003655811,-0.00065957394,0.00029400236,0.0,2.283536e-16,0.0005457597,-0.0004517643,-9.400126e-05,-3.999997e-09,-2.8e-09,1.1617815e-06,-9.797122e-07,-1.5831046e-18
0.01700645881098626,5.0,-5.0,0.0,0.0,-4.551571e-10,9.237025e-08,-1.9999927,1.8365239e-06,2.0,1.9999901,-1.3157623e-06,-0.93999606,-4.718604e-07,0.5843334,-4.649311e-07,-4.9999895,-1.4,-5.943338e-13,6.4782864e-05,-9.999973e-05,9.999991e-05,0.00019999914,0.00019999914,-0.00019999905,-0.00019999905,9.399956e-05,2.9216695e-05,-9.184895e-11,-8.7207686e-11,-0.0029445668,0.003044385,0.0,0.0,-9.999991e-05,2.8e-09,0.0,-9.103068e-19,0.0004999683,-0.0004999684,9.1849015e-11,0.0,1.8473958e-16,0.0004999683,-0.0004999684,8.72076e-11,0.0,3.673048e-15,0.00033216772,-0.00063215045,0.00030000287,0.0,-2.631527e-15,0.00069995906,-0.00029998107,-0.00039999821,0.0,-9.437212e-16,0.00036558285,-0.00065957196,0.0002939986,0.0,-9.298631e-16,0.00054575875,-0.00045176508,-9.399956e-05,-3.9999852e-09,-2.8e-09,1.1617791e-06,-9.797211e-07,2.54496e-17
0.019993994441038235,5.0,-5.0,0.0,0.0,-6.7740064e-10,1.2550413e-07,-1.9999921,1.9846736e-06,2.0,1.9999889,-1.613365e-06,-0.93999517,-2.6684756e-07,0.5843333,-4.8043256e-07,-4.9999895,-1.4,-5.9433377e-13,6.4782784e-05,-9.999971e-05,9.99999e-05,0.00019999905,0.00019999905,-0.00019999893,-0.00019999893,9.399947e-05,2.921669e-05,-9.926755e-11,-9.295849e-11,-0.0029445668,0.003044385,0.0,0.0,-9.99999e-05,2.8e-09,0.0,-1.3547983e-18,0.0004999683,-0.0004999684,9.926756e-11,0.0,2.5100834e-16,0.0004999683,-0.0004999684,9.295827e-11,0.0,3.9693476e-15,0.00033216778,-0.0006321504,0.00030000278,0.0,-3.2267299e-15,0.000699959,-0.0002999812,-0.00039999798,0.0,-5.3369624e-16,0.00036558294,-0.00065957184,0.0002939984,0.0,-9.608651e-16,0.0005457587,-0.0004517651,-9.399947e-05,-3.9999843e-09,-2.8e-09,1.1617791e-06,-9.797212e-07,-4.6509272e-17
0.019996,5.0,-5.0,0.0,0.0,-2.829406e-08,5.384664e-06,-1.9999932,3.0378076e-06,2.0,2.0000055,6.1535993e-06,-0.9400474,-3.045772e-05,0.5843379,1.9959289e-06,-4.9999895,-1.4,-5.9433594e-13,6.478814e-05,-9.999981e-05,9.9999845e-05,0.00019999994,0.00019999994,-0.0002000036,-0.0002000036,9.4004936e-05,2.9216797e-05,-1.5330508e-10,1.173428e-10,-0.0029445672,0.0030443855,0.0,0.0,-9.9999845e-05,2.8e-09,0.0,-5.658812e-17,0.0004999683,-0.0004999684,1.5330513e-10,0.0,1.0769328e-14,0.0004999684,-0.0004999683,-1.1735353e-10,0.0,6.0756153e-15,0.0003321674,-0.000632151,0.00030000374,0.0,1.2307198e-14,0.000699962,-0.00029997868,-0.0004000035,0.0,-6.0915445e-14,0.00036557784,-0.00065957685,0.00029400853,0.0,3.9918575e-15,0.0005457616,-0.00045176258,-9.4004936e-05,-3.9999866e-09,-2.8e-09,1.1617791e-06,-9.797212e-07,-2.1396405e-17
0.019996077825464732,5.0,-5.0,0.0,0.0,-7.093219e-10,1.1648721e-07,-1.999993,1.7876916e-06,2.0,1.9999914,-7.5000963e-07,-0.93999946,-2.3812395e-06,0.5843337,-2.624801e-07,-4.9999895,-1.4,-5.94334e-13,6.478322e-05,-9.9999736e-05,9.999991e-05,0.00019999922,0.00019999922,-0.00019999938,-0.00019999938,9.399992e-05,2.9216699e-05,-8.942005e-11,-8.356022e-11,-0.0029445668,0.003044385,0.0,0.0,-9.999991e-05,2.8e-09,0.0,-1.4186442e-18,0.0004999683,-0.0004999684,8.9420055e-11,0.0,2.3297443e-16,0.0004999683,-0.0004999684,8.355999e-11,0.0,3.5753832e-15,0.0003321677,-0.00063215045,0.00030000295,0.0,-1.5000192e-15,0.0006999593,-0.00029998086,-0.0003999986,0.0,-4.762479e-15,0.00036558253,-0.0006595723,0.00029399933,0.0,-5.249602e-16,0.0005457589,-0.0004517649,-9.399992e-05,-3.999986e-09,-2.8e-09,1.1617791e-06,-9.797212e-07,-3.29397e-17
0.02,5.0,-5.0,0.0,0.0,-3.1211377e-11,8.49314e-09,-1.9999919,2.0198725e-06,2.0,1.9999878,-2.0191642e-06,-0.9399929,9.609275e-07,0.5843331,-5.9165785e-07,-4.9999895,-1.4,-5.943337e-13,6.478254e-05,-9.99997e-05,9.9999896e-05,0.00019999899,0.00019999899,-0.0001999987,-0.0001999987,9.399923e-05,2.9216684e-05,-1.0099518e-10,-1.0056896e-10,-0.0029445668,0.003044385,0.0,0.0,-9.9999896e-05,2.8e-09,0.0,-6.2423185e-20,0.0004999683,-0.0004999684,1.0099518e-10,0.0,1.698628e-17,0.0004999683,-0.0004999684,1.0056894e-10,0.0,4.039745e-15,0.0003321678,-0.00063215033,0.0003000027,0.0,-4.0383287e-15,0.0006999588,-0.00029998133,-0.0003999977,0.0,1.921855e-15,0.00036558317,-0.0006595716,0.00029399793,0.0,-1.1833156e-15,0.0005457586,-0.00045176523,-9.399923e-05,-3.999984e-09,-2.8e-09,1.1617791e-06,-9.797212e-07,-6.0082165e-17
0.02000005385652735,5.0,-5.0,0.053856526,0.0,0.04467545,9.810432e-07,-2.0237706,0.0052263835,2.0,2.0163379,-0.0037163855,-0.94572127,0.0013316419,0.58450913,-4.4635515e-05,-4.9999895,-1.4,-5.945535e-13,6.5339846e-05,-0.000101449856,9.973868e-05,0.00020200544,0.00020200542,-0.00020150063,-0.00020150062,9.456766e-05,2.9227689e-05,1.9724532e-06,-2.6127012e-07,-0.002944692,0.0030442495,-1.07713054e-10,0.0,-9.973872e-05,2.8e-09,1.07713054e-10,8.9350895e-11,0.0005009157,-0.00049894425,-1.9721006e-06,0.0,1.9620864e-15,0.00049983774,-0.000500099,2.612335e-07,0.0,1.0452766e-11,0.00033008796,-0.00063352595,0.0003034584,0.0,-7.432771e-12,0.00070185505,-0.00029837035,-0.00040350508,0.0,2.6632839e-12,0.0003647659,-0.00066082407,0.00029606774,0.0,-8.9271025e-14,0.0005460679,-0.00045150626,-9.456752e-05,-4.0475414e-09,-2.8e-09,1.1618032e-06,-9.796962e-07,-1.26448255e-17
0.020000161569582047,5.0,-5.0,0.16156958,0.0,0.1459973,1.1039745e-06,-2.0983999,0.011899508,2.0,2.0784307,-0.009984509,-0.9709063,0.0040517515,0.5853369,-0.00014191805,-4.9999895,-1.4,-5.954787e-13,6.780241e-05,-0.00010551497,9.940503e-05,0.00020884153,0.00020884152,-0.0002074379,-0.00020743789,9.707644e-05,2.9273944e-05,6.7048895e-06,-5.949202e-07,-0.0029444438,0.0030436686,-3.2313915e-10,0.0,-9.940505e-05,2.8e-09,3.2313915e-10,2.9199457e-10,0.00050301757,-0.0004963148,-6.704885e-06,0.0,2.207949e-15,0.000499671,-0.00050026586,5.948957e-07,0.0,2.3799015e-11,0.00032329172,-0.00063763064,0.00031436008,0.0,-1.9969018e-11,0.0007084866,-0.00029222877,-0.00041627875,0.0,8.103502e-12,0.00036137857,-0.00066588266,0.00030451396,0.0,-2.838361e-13,0.00054743665,-0.0004503662,-9.707634e-05,-4.1968e-09,-2.8e-09,1.1618789e-06,-9.796175e-07,1.3558386e-17
0.020000376995691443,5.0,-5.0,0.37699568,0.0,0.3609227,7.22032e-08,-2.2969043,0.016004447,2.0,2.2653272,-0.015788348,-1.0540286,0.0072620274,0.58810556,-0.00025527357,-4.9999895,-1.4,-5.983608e-13,7.595929e-05,-0.00011564544,9.919978e-05,0.00022811159,0.00022811157,-0.00022580654,-0.00022580652,0.00010537733,2.9418043e-05,1.7245913e-05,-8.002188e-07,-0.002942669,0.0030416902,-7.5399137e-10,0.0,-9.919978e-05,2.8e-09,7.5399137e-10,7.218454e-10,0.00050718157,-0.00048994005,-1.7246633e-05,0.0,1.4440645e-16,0.00049956836,-0.0005003686,8.002188e-07,0.0,3.2008896e-11,0.00030458465,-0.00064832316,0.00034376164,0.0,-3.1576696e-11,0.0007275585,-0.00027366326,-0.0004539181,0.0,1.4524055e-11,0.00035063084,-0.000681804,0.00033118384,0.0,-5.105471e-13,0.000551983,-0.00044661164,-0.00010537733,-4.593809e-09,-2.8e-09,1.1620801e-06,-9.794086e-07,-1.5283558e-17
0.02000056914778121,5.0,-5.0,0.56914777,0.0,0.5527817,1.5369449e-07,-2.4886186,0.016040677,2.0,2.4567041,-0.015956968,-1.1435839,0.007528584,0.5910243,-0.00024517608,-4.9999895,-1.4,-6.0126936e-13,8.47704e-05,-0.00012523295,9.919797e-05,0.00024726614,0.0002472661,-0.00024491758,-0.00024491755,0.000114333874,2.9563473e-05,2.6837053e-05,-8.0202614e-07,-0.0029403046,0.0030393254,-1.1382956e-09,0.0,-9.919797e-05,2.8e-09,1.1382956e-09,1.1055634e-09,0.0005104873,-0.00048365697,-2.6838134e-05,0.0,3.07389e-16,0.0004995675,-0.0005003695,8.0202284e-07,0.0,3.2081355e-11,0.00028608227,-0.00065856124,0.00037250406,0.0,-3.1913937e-11,0.0007467441,-0.00025458526,-0.00049218367,0.0,1.5057167e-11,0.00033934964,-0.0006985895,0.0003592514,0.0,-4.9035217e-13,0.0005569116,-0.00044258364,-0.00011433387,-4.977237e-09,-2.8e-09,1.1622744e-06,-9.792072e-07,-4.9804174e-17
0.020000615695820467,5.0,-5.0,0.61569583,0.0,0.599365,1.6772762e-07,-2.5352268,0.016034452,2.0,2.5034776,-0.015874341,-1.1656911,0.007444417,0.5917021,-0.00023565599,-4.9999895,-1.4,-6.0193766e-13,8.6948654e-05,-0.00012756306,9.919828e-05,0.0002519352,0.0002519352,-0.00024960333,-0.00024960333,0.00011654555,2.9596888e-05,2.9166527e-05,-8.0171424e-07,-0.0029395896,0.0030386108,-1.2313917e-09,0.0,-9.919828e-05,2.8e-09,1.2313917e-09,1.19873e-09,0.0005111679,-0.00048200873,-2.9167673e-05,0.0,3.3545525e-16,0.00049956766,-0.00050036935,8.0170827e-07,0.0,3.2068903e-11,0.00028151562,-0.0006609933,0.00037950327,0.0,-3.174868e-11,0.0007514329,-0.00024991974,-0.0005015384,0.0,1.4888835e-11,0.0003366075,-0.0007027445,0.0003661488,0.0,-4.7131195e-13,0.0005581355,-0.00044159594,-0.00011654554,-5.0704534e-09,-2.8e-09,1.1623215e-06,-9.791586e-07,-3.9699624e-17
0.02000070879189898,5.0,-5.0,0.7087919,0.0,0.69274735,7.735269e-09,-2.6281219,0.016156232,2.0,2.5958552,-0.016133154,-1.2089844,0.007528916,0.5929412,-0.00022765028,-4.9999895,-1.4,-6.031688e-13,9.12172e-05,-0.0001322139,9.919219e-05,0.00026119885,0.00026119882,-0.00025883262,-0.00025883262,0.000120875666,2.9658444e-05,3.3829558e-05,-8.0781126e-07,-0.0029379306,0.0030369465,-1.4175838e-09,0.0,-9.91922e-05,2.8e-09,1.4175838e-09,1.3854947e-09,0.0005123354,-0.00047851432,-3.3830853e-05,0.0,1.5470549e-17,0.00049956463,-0.00050037244,8.0780353e-07,0.0,3.2312465e-11,0.00027232134,-0.0006657127,0.00039341784,0.0,-3.2266308e-11,0.0007607179,-0.00024071285,-0.00052003126,0.0,1.5057832e-11,0.0003312846,-0.00071098056,0.00037970816,0.0,-4.5530057e-13,0.00056054426,-0.00043967462,-0.000120875644,-5.2562434e-09,-2.8e-09,1.1624154e-06,-9.790623e-07,-8.282323e-18
0.020000813807842976,5.0,-5.0,0.81380785,0.0,0.7977346,-5.456328e-09,-2.7330875,0.016161576,2.0,2.7007005,-0.016193364,-1.2581882,0.007578911,0.5942785,-0.00021891942,-4.9999895,-1.4,-6.044973e-13,9.607204e-05,-0.00013746247,9.919192e-05,0.0002716894,0.00027168938,-0.00026931215,-0.00026931215,0.00012579693,2.9724872e-05,3.907865e-05,-8.080791e-07,-0.002935793,0.0030348094,-1.6276157e-09,0.0,-9.919193e-05,2.8e-09,1.6276157e-09,1.5954691e-09,0.0005134323,-0.00047436336,-3.9080198e-05,0.0,-1.0912654e-17,0.0004995645,-0.00050037255,8.0807524e-07,0.0,3.232315e-11,0.00026180354,-0.0006709332,0.00040915725,0.0,-3.2386725e-11,0.00077123515,-0.00023026094,-0.00054100144,0.0,1.5157821e-11,0.0003253001,-0.0007203964,0.000395109,0.0,-4.378388e-13,0.0005632949,-0.000437504,-0.00012579691,-5.466175e-09,-2.8e-09,1.1625212e-06,-9.789541e-07,-1.3683337e-17
0.020001,5.0,-5.0,1.0,0.0,0.9838995,-4.6347015e-08,-2.9192169,0.016170492,2.0,2.8867834,-0.016216509,-1.3456619,0.0075689047,0.59655195,-0.00020111143,-4.9999895,-1.4,-6.067526e-13,0.00010470845,-0.00014676937,9.919148e-05,0.00029030003,0.0002903,-0.00028792146,-0.00028792143,0.00013454608,2.9837653e-05,4.838645e-05,-8.085269e-07,-0.0029315855,0.0030306028,-2e-09,0.0,-9.919148e-05,2.8e-09,2e-09,1.9677988e-09,0.0005150302,-0.0004666556,-4.8388414e-05,0.0,-9.269403e-17,0.0004995643,-0.0005003728,8.0852624e-07,0.0,3.2340984e-11,0.00024295777,-0.00068000355,0.00043707524,0.0,-3.2433015e-11,0.0007899002,-0.00021170785,-0.00057822146,0.0,1.513781e-11,0.00031476488,-0.00073721877,0.00042246754,0.0,-4.0222285e-13,0.00056820555,-0.0004336655,-0.00013454608,-5.8384337e-09,-2.8e-09,1.1627087e-06,-9.78763e-07,-5.0348697e-17
0.020001018619215705,5.0,-5.0,1.0,0.0,0.99102044,-9.3702164e-07,-2.9346948,0.0140810525,2.0,2.9040942,-0.0153001025,-1.3541057,0.007359521,0.5967604,-0.00019694398,-4.9999895,-1.4,-6.0695714e-13,0.000105543,-0.0001474388,9.929595e-05,0.00029193948,0.00029193945,-0.00028967348,-0.00028967345,0.00013539087,2.9847866e-05,4.884697e-05,-7.040995e-07,-0.002931194,0.0030303157,-2e-09,0.0,-9.929602e-05,2.8e-09,2e-09,1.982041e-09,0.000515106,-0.00046627136,-4.88486e-05,0.0,-1.8740432e-15,0.0004996165,-0.0005003205,7.040312e-07,0.0,2.8162105e-11,0.00024130968,-0.0006806638,0.0004393837,0.0,-3.0600206e-11,0.0007915471,-0.00020996385,-0.0005816126,0.0,1.4719042e-11,0.0003137694,-0.0007388199,0.0004250642,0.0,-3.9388797e-13,0.0005686825,-0.00043329765,-0.00013539086,-5.8693894e-09,-2.8e-09,1.1627243e-06,-9.787472e-07,1.6200635e-17
0.02000105585764711,5.0,-5.0,1.0,0.0,0.99777216,-1.799953e-06,-2.9583373,0.009858162,2.0,2.9333422,-0.012497511,-1.3691698,0.0064631496,0.597141,-0.00017755045,-4.9999895,-1.4,-6.0731856e-13,0.00010703329,-0.00014840977,9.950709e-05,0.000294584,0.00029458397,-0.00029268788,-0.00029268788,0.00013689924,2.9865929e-05,4.93957e-05,-4.9299814e-07,-0.0029306302,0.0030299632,-2e-09,0.0,-9.950709e-05,2.8e-09,2e-09,1.9955444e-09,0.00051523634,-0.00046585267,-4.939766e-05,0.0,-3.599906e-15,0.0004997219,-0.0005002149,4.9300263e-07,0.0,1.9716324e-11,0.00023873229,-0.000681702,0.00044299953,0.0,-2.499502e-11,0.0007942262,-0.00020698411,-0.0005872717,0.0,1.29263e-11,0.00031201608,-0.0007415893,0.00042958703,0.0,-3.5510088e-13,0.0005695347,-0.00043264148,-0.00013689922,-5.9166747e-09,-2.8e-09,1.162748e-06,-9.787227e-07,4.5496823e-17
0.02000113033450992,5.0,-5.0,1.0,0.0,1.0000924,-1.4527915e-06,-2.982805,0.0043213964,2.0,2.9689903,-0.0069073476,-1.3894334,0.0040762434,0.59767985,-0.00011924939,-4.9999895,-1.4,-6.077991e-13,0.00010904146,-0.00014935633,9.978393e-05,0.00029758978,0.00029758978,-0.0002964914,-0.0002964914,0.00013893141,2.9889956e-05,4.9788552e-05,-2.1614247e-07,-0.0029301078,0.0030297174,-2e-09,0.0,-9.978389e-05,2.8e-09,2e-09,2.000185e-09,0.0005153882,-0.00046561158,-4.979072e-05,0.0,-2.905583e-15,0.00049986027,-0.00050007645,2.1618521e-07,0.0,8.642792e-12,0.00023596891,-0.000682891,0.0004469522,0.0,-1.3814695e-11,0.00079733814,-0.00020328688,-0.00059408124,0.0,8.152487e-12,0.00030970565,-0.0007451144,0.00043542281,0.0,-2.3849876e-13,0.00057068374,-0.00043175835,-0.00013893141,-5.9656102e-09,-2.8e-09,1.1627728e-06,-9.786969e-07,4.8952962e-17
0.02000127928823554,5.0,-5.0,1.0,0.0,0.99998224,-2.6571334e-07,-2.9974198,0.00064050616,2.0,2.9947224,-0.0013487375,-1.4060701,0.0009860207,0.5981569,-3.2992983e-05,-4.9999895,-1.4,-6.0818993e-13,0.000110694215,-0.00014990302,9.9967976e-05,0.0002996071,0.0002996071,-0.00029937364,-0.00029937364,0.00014060372,2.9909495e-05,4.9967086e-05,-3.2038596e-08,-0.0029298458,0.0030296396,-2e-09,0.0,-9.9967976e-05,2.8e-09,2e-09,1.9999644e-09,0.00051548466,-0.0004655296,-4.9969087e-05,0.0,-5.314267e-16,0.00049995235,-0.00049998437,3.2038592e-08,0.0,1.2810123e-12,0.00023425173,-0.0006837376,0.00044951614,0.0,-2.6974746e-12,0.0007995125,-0.00020056203,-0.00059898075,0.0,1.9720412e-12,0.00030785214,-0.0007478153,0.00043997736,0.0,-6.598596e-14,0.0005716296,-0.00043103198,-0.00014060372,-5.9948397e-09,-2.8e-09,1.1627881e-06,-9.786801e-07,3.746235e-17
0.02000148710200116,5.0,-5.0,1.0,0.0,1.0000055,2.3181945e-08,-3.0001132,-2.696903e-05,2.0,3.000267,7.683583e-05,-1.4101994,-5.0273182e-05,0.59828717,7.4464674e-07,-4.9999895,-1.4,-6.082864e-13,0.00011110569,-0.00015000431,0.00010000135,0.00030001902,0.00030001902,-0.00030003174,-0.00030003174,0.00014102002,2.9914323e-05,5.000162e-05,1.3496105e-09,-0.0029298093,0.0030296363,-2e-09,0.0,-0.00010000135,2.8e-09,2e-09,2.0000108e-09,0.00051550224,-0.00046551268,-5.0003622e-05,0.0,4.636388e-17,0.00049996906,-0.00049996766,-1.3496091e-09,0.0,-5.3938055e-14,0.00023392477,-0.00068392383,0.00045002933,0.0,1.536717e-13,0.0007999834,-0.000199963,-0.0006000507,0.0,-1.0054636e-13,0.00030740193,-0.0007484394,0.00044105176,0.0,1.4892937e-15,0.00057186506,-0.00043085107,-0.00014102002,-6.0002265e-09,-2.8e-09,1.1627915e-06,-9.78675e-07,-2.9038932e-18
0.020001753961385194,5.0,-5.0,1.0,0.0,0.99999297,-1.4290909e-08,-2.9999585,8.586134e-06,2.0,2.9999025,-2.807393e-05,-1.4099369,1.1713194e-05,0.5982798,-6.254548e-07,-4.9999895,-1.4,-6.0828035e-13,0.000111079615,-0.00014999836,9.999957e-05,0.00029999306,0.00029999306,-0.00029998907,-0.00029998907,0.00014099362,2.991402e-05,4.999922e-05,-4.300213e-10,-0.0029298114,0.0030296366,-2e-09,0.0,-9.999957e-05,2.8e-09,2e-09,1.999986e-09,0.00051550125,-0.0004655141,-5.000122e-05,0.0,-2.858182e-17,0.0004999682,-0.00049996853,4.3002754e-10,0.0,1.717227e-14,0.0002339441,-0.00068391126,0.0004499974,0.0,-5.6147852e-14,0.0007999543,-0.0002000025,-0.00059998216,0.0,2.3426389e-14,0.00030743066,-0.00074839906,0.0004409827,0.0,-1.2509095e-15,0.0005718501,-0.00043086254,-0.00014099362,-5.999917e-09,-2.8e-09,1.1627919e-06,-9.786729e-07,-1.6903552e-17
0.020002235775831566,5.0,-5.0,1.0,0.0,1.0000019,6.5281944e-09,-2.9999926,2.3237917e-06,2.0,3.0000014,4.3978785e-06,-1.4100004,1.678145e-07,0.59828115,-7.0870897e-07,-4.9999895,-1.4,-6.082818e-13,0.00011108588,-0.00014999975,9.999988e-05,0.0002999997,0.0002999997,-0.00030000013,-0.00030000013,0.00014099997,2.9914092e-05,4.999998e-05,-1.15863215e-10,-0.002929811,0.0030296363,-2e-09,0.0,-9.999988e-05,2.8e-09,2e-09,2.000004e-09,0.0005155015,-0.00046551353,-5.000198e-05,0.0,1.3056391e-17,0.0004999683,-0.0004999684,1.1587026e-10,0.0,4.647585e-15,0.00023393965,-0.0006839148,0.00045000546,0.0,8.795762e-15,0.00079996133,-0.00019999182,-0.00059999985,0.0,3.3562947e-16,0.0003074236,-0.0007484094,0.0004410001,0.0,-1.417418e-15,0.0005718537,-0.0004308598,-0.00014099997,-5.9999854e-09,-2.8e-09,1.1627925e-06,-9.786709e-07,2.6436145e-17
0.020161082460520733,5.0,-5.0,1.0,0.0,0.99999774,-2.6326465e-09,-2.9999845,3.3128229e-06,2.0,2.9999723,-6.0279913e-06,-1.4099842,1.933623e-06,0.59828085,-5.6216334e-07,-4.9999895,-1.4,-6.0828144e-13,0.00011108429,-0.0001499994,9.999983e-05,0.00029999786,0.00029999786,-0.00029999707,-0.00029999707,0.00014099837,2.9914072e-05,4.9999726e-05,-1.6577276e-10,-0.002929811,0.0030296366,-2e-09,0.0,-9.999983e-05,2.8e-09,2e-09,1.9999957e-09,0.0005155014,-0.00046551373,-5.0001723e-05,0.0,-5.2652933e-18,0.0004999683,-0.0004999684,1.6576994e-10,0.0,6.6256438e-15,0.00023394077,-0.00068391376,0.00045000325,0.0,-1.2055984e-14,0.00079995947,-0.00019999492,-0.0005999949,0.0,3.867246e-15,0.00030742545,-0.00074840663,0.0004409954,0.0,-1.1243268e-15,0.0005718527,-0.00043086044,-0.00014099837,-5.999969e-09,-2.8e-09,1.1627933e-06,-9.786677e-07,-4.0492774e-17
0.0203199291452099,5.0,-5.0,1.0,0.0,0.9999989,-1.4210855e-14,-2.999987,3.0290084e-06,2.0,2.999981,-3.0330139e-06,-1.4099889,1.4269699e-06,0.5982809,-6.0430233e-07,-4.9999895,-1.4,-6.0828155e-13,0.00011108475,-0.0001499995,9.9999845e-05,0.00029999838,0.00029999838,-0.00029999792,-0.00029999792,0.00014099882,2.9914077e-05,4.99998e-05,-1.5145044e-10,-0.002929811,0.0030296366,-2e-09,0.0,-9.9999845e-05,2.8e-09,2e-09,1.999998e-09,0.0005155014,-0.00046551367,-5.00018e-05,0.0,-1.9852335e-23,0.0004999683,-0.0004999684,1.514506e-10,0.0,6.058016e-15,0.00023394045,-0.00068391406,0.0004500039,0.0,-6.0660332e-15,0.00079996005,-0.00019999403,-0.0005999963,0.0,2.8539386e-15,0.0003074249,-0.00074840744,0.00044099678,0.0,-1.2086048e-15,0.0005718531,-0.00043086027,-0.00014099882,-5.999974e-09,-2.8e-09,1.1627931e-06,-9.786686e-07,2.9731015e-17
0.021998999999999998,5.0,-5.0,1.0,0.0,0.99999934,7.388284e-10,-2.999987,3.112091e-06,2.0,2.9999814,-2.6930106e-06,-1.4099889,1.6454688e-06,0.5982809,-6.234873e-07,-4.9999895,-1.4,-6.0828155e-13,0.000111084744,-0.0001499995,9.9999845e-05,0.0002999984,0.0002999984,-0.00029999798,-0.00029999798,0.00014099883,2.9914077e-05,4.999981e-05,-1.5556759e-10,-0.002929811,0.0030296366,-2e-09,0.0,-9.9999845e-05,2.8e-09,2e-09,1.9999986e-09,0.0005155014,-0.00046551367,-5.000181e-05,0.0,1.4776616e-18,0.0004999683,-0.0004999684,1.5556731e-10,0.0,6.224181e-15,0.00023394043,-0.00068391406,0.00045000392,0.0,-5.3860225e-15,0.00079996,-0.00019999396,-0.00059999636,0.0,3.290937e-15,0.00030742493,-0.00074840744,0.0004409968,0.0,-1.2469747e-15,0.000571853,-0.00043086027,-0.00014099883,-5.999974e-09,-2.8e-09,1.1627931e-06,-9.786686e-07,-1.8786178e-17
0.022,5.0,-5.0,1.0,0.0,1.0000376,1.0393794e-07,-2.9999757,1.5482829e-05,2.0,3.0000136,1.8923774e-05,-1.4099593,3.203155e-05,0.5982788,-2.0004265e-06,-4.9999895,-1.4,-6.0828084e-13,0.00011108168,-0.00014999956,9.9999226e-05,0.00029999946,0.00029999946,-0.00029999815,-0.00029999815,0.00014099573,2.9914043e-05,5.00011e-05,-7.689445e-10,-0.0029298102,0.0030296352,-2e-09,0.0,-9.9999226e-05,2.8e-09,2e-09,2.000075e-09,0.0005155012,-0.00046551216,-5.0003102e-05,0.0,2.0787589e-16,0.00049996795,-0.00049996877,7.6894396e-10,0.0,3.0965654e-14,0.00023394125,-0.000683916,0.00045000503,0.0,3.7847546e-14,0.00079995824,-0.00019999096,-0.0005999976,0.0,6.40631e-14,0.00030742734,-0.0007484069,0.00044099387,0.0,-4.0008534e-15,0.0005718513,-0.00043086163,-0.00014099573,-5.999951e-09,-2.8e-09,1.1627931e-06,-9.786686e-07,7.112959e-17
0.022000099999999998,5.0,-5.0,1.0,0.1,1.0000145,0.09015509,-3.061577,0.0071480856,2.0,3.049739,-0.0059190295,-1.4298363,0.0024088088,0.5986743,-5.4002066e-05,-4.9999895,-1.4,-6.0872704e-13,0.00011304116,-0.00015343625,9.9642595e-05,0.0003055658,0.00030556577,-0.000304733,-0.000304733,0.00014297823,2.9936415e-05,4.9643324e-05,4.15035e-06,-0.0029296037,0.0030290727,-2e-09,-2e-10,-9.964252e-05,2.8e-09,2e-09,2.0000293e-09,0.00051531376,-0.00046568256,-4.9645256e-05,2e-10,1.8031017e-10,0.0005018864,-0.000497738,-4.1497096e-06,0.0,1.4296171e-11,0.0002277954,-0.0006867697,0.00045900524,0.0,-1.1838058e-11,0.00080544525,-0.00019518106,-0.00061029504,0.0,4.817618e-12,0.00030502025,-0.0007527145,0.00044770874,0.0,-1.08004134e-13,0.0005729797,-0.00043000822,-0.00014297751,-6.123154e-09,-2.8e-09,1.1628547e-06,-9.78607e-07,6.762725e-17
0.022000299999999997,5.0,-5.0,1.0,0.3,0.99999976,0.28407276,-3.2261784,0.014473392,2.0,3.1991792,-0.013499488,-1.4948964,0.0059304396,0.59998876,-0.00013295667,-4.9999895,-1.4,-6.1012095e-13,0.00011946986,-0.0001620326,9.927633e-05,0.0003212679,0.00032126784,-0.00031932487,-0.00031932484,0.00014947634,3.0006086e-05,4.927632e-05,1.3479968e-05,-0.0029277764,0.0030268808,-2e-09,-6e-10,-9.927629e-05,2.8e-09,2e-09,1.9999997e-09,0.0005151213,-0.00046585716,-4.927828e-05,6e-10,5.6814553e-10,0.0005056767,-0.0004922007,-1.3480039e-05,0.0,2.8946782e-11,0.00021068503,-0.0006939576,0.00048330516,0.0,-2.6998976e-11,0.0008210415,-0.00018048337,-0.0006405905,0.0,1.1860879e-11,0.00029739106,-0.0007661757,0.0004687997,0.0,-2.6591335e-13,0.00057669776,-0.00042722793,-0.00014947592,-6.452357e-09,-2.8e-09,1.1630193e-06,-9.784424e-07,1.3281265e-17
0.0220006,5.0,-5.0,1.0,0.6,0.9999997,0.5843143,-3.5200884,0.016056236,2.0,3.4869707,-0.016558664,-1.6272447,0.00791256,0.6026652,-0.00017416266,-4.9999895,-1.4,-6.1283937e-13,0.00013256507,-0.00017680724,9.919719e-05,0.000350353,0.00035035293,-0.00034790582,-0.0003479058,0.00016270706,3.014197e-05,4.9197173e-05,2.8412904e-05,-0.0029229654,0.003021993,-2e-09,-1.2e-09,-9.91972e-05,2.8e-09,2e-09,1.9999995e-09,0.0005150798,-0.0004658947,-4.919918e-05,1.2e-09,1.1686286e-09,0.000510899,-0.0004824932,-2.841404e-05,0.0,3.2112472e-11,0.00017919176,-0.0007063234,0.00052716717,0.0,-3.311733e-11,0.0008501061,-0.00015188266,-0.0006982587,0.0,1.582512e-11,0.0002822241,-0.0007928205,0.0005106128,0.0,-3.4832532e-13,0.00058430136,-0.0004216004,-0.00016270705,-7.040177e-09,-2.8e-09,1.1633132e-06,-9.781485e-07,-9.975845e-17
0.022000655419330505,5.0,-5.0,1.0,0.65541935,0.9999996,0.6396496,-3.575686,0.015990619,2.0,3.542903,-0.016391428,-1.6536794,0.007812903,0.6031859,-0.00016914512,-4.9999895,-1.4,-6.1335507e-13,0.00013518322,-0.00017958383,9.920047e-05,0.00035592946,0.00035592943,-0.000353509,-0.00035350898,0.00016535101,3.0167754e-05,4.9200447e-05,3.118295e-05,-0.002921832,0.003020863,-2e-09,-1.3108387e-09,-9.9200486e-05,2.8e-09,2e-09,1.9999993e-09,0.00051508157,-0.00046589313,-4.9202463e-05,1.3108387e-09,1.2792992e-09,0.0005116969,-0.0004805218,-3.1184136e-05,0.0,3.1981237e-11,0.00017310536,-0.0007085895,0.00053552026,0.0,-3.2782856e-11,0.0008557027,-0.00014630027,-0.0007094382,0.0,1.5625806e-11,0.0002792526,-0.0007980957,0.00051885983,0.0,-3.3829024e-13,0.0005858295,-0.00042048466,-0.00016535097,-7.151372e-09,-2.8e-09,1.1633688e-06,-9.780929e-07,-7.900682e-17
0.02200076625799152,5.0,-5.0,1.0,0.766258,0.99999934,0.7503181,-3.6850936,0.01630581,2.0,3.6527293,-0.016181964,-1.7058412,0.0074432334,0.60417765,-0.00015185139,-4.9999895,-1.4,-6.1432944e-13,0.00014035235,-0.00018506996,9.918471e-05,0.00036689115,0.00036689112,-0.0003645286,-0.0003645286,0.00017056894,3.0216477e-05,4.9184677e-05,3.6700614e-05,-0.0029192804,0.0030182966,-2e-09,-1.532516e-09,-9.9184734e-05,2.8e-09,2e-09,1.9999986e-09,0.0005150733,-0.00046590064,-4.91867e-05,1.532516e-09,1.5006362e-09,0.00051302614,-0.0004763348,-3.6701935e-05,0.0,3.261162e-11,0.0001609728,-0.0007129037,0.0005519681,0.0,-3.2363928e-11,0.0008667216,-0.00013533933,-0.0007314192,0.0,1.4886467e-11,0.00027346288,-0.00080854277,0.00053509715,0.0,-3.0370278e-13,0.0005888602,-0.00041829748,-0.00017056882,-7.370187e-09,-2.8e-09,1.1634781e-06,-9.779835e-07,2.592402e-17
0.0220008507107967,5.0,-5.0,1.0,0.8507108,0.999999,0.834649,-3.7693744,0.016318262,2.0,3.7367227,-0.016325643,-1.7451637,0.0075482847,0.60488635,-0.0001507502,-4.9999895,-1.4,-6.150371e-13,0.00014424942,-0.00018928463,9.9184086e-05,0.00037530487,0.00037530484,-0.00037291742,-0.00037291742,0.00017450129,3.0251855e-05,4.9184036e-05,4.091654e-05,-0.0029170488,0.003016065,-2e-09,-1.7014216e-09,-9.9184086e-05,2.8e-09,2e-09,1.999998e-09,0.00051507296,-0.00046590096,-4.9186037e-05,1.7014216e-09,1.669298e-09,0.00051386293,-0.0004729565,-4.0918207e-05,0.0,3.2636525e-11,0.00015150315,-0.0007160621,0.000564597,0.0,-3.2651288e-11,0.0008751551,-0.00012697063,-0.0007482223,0.0,1.509657e-11,0.00026913633,-0.0008165374,0.0005474187,0.0,-3.015004e-13,0.0005911548,-0.00041665963,-0.00017450129,-7.538749e-09,-2.8e-09,1.1635625e-06,-9.778992e-07,-2.7220247e-17
0.022001,5.0,-5.0,1.0,1.0,0.999999,0.9839342,-3.9184265,0.016376529,2.0,3.8856301,-0.016397951,-1.8151186,0.0075697857,0.60610807,-0.00014531765,-4.9999895,-1.4,-6.1625336e-13,0.00015118466,-0.00019674015,9.9181176e-05,0.00039020285,0.00039020283,-0.00038780604,-0.00038780604,0.00018149732,3.0312669e-05,4.9181122e-05,4.8377886e-05,-0.00291267,0.0030116844,-2e-09,-2e-09,-9.9181176e-05,2.8e-09,2e-09,1.999998e-09,0.0005150714,-0.00046590233,-4.9183127e-05,2e-09,1.9678685e-09,0.0005150248,-0.00046665885,-4.8379854e-05,0.0,3.2753057e-11,0.00013453541,-0.00072144665,0.00058695086,0.0,-3.2795905e-11,0.0008900963,-0.00011212673,-0.0007780089,0.0,1.5139572e-11,0.0002615237,-0.0008308087,0.0005693034,0.0,-2.906353e-13,0.00059525465,-0.00041376345,-0.00018149734,-7.836853e-09,-2.8e-09,1.1637115e-06,-9.777501e-07,8.823161e-17
0.022001009651749164,5.0,-5.0,1.0,1.0,0.9999984,0.9892281,-3.927377,0.015462245,2.0,3.8950784,-0.016149113,-1.8196164,0.0075308527,0.6061848,-0.00014467936,-4.9999895,-1.4,-6.1632947e-13,0.00015163071,-0.00019714196,9.922689e-05,0.0003911228,0.00039112277,-0.00038875476,-0.00038875474,0.00018194717,3.0316472e-05,4.922681e-05,4.8688296e-05,-0.002912366,0.0030114264,-2e-09,-2e-09,-9.922693e-05,2.8e-09,2e-09,1.9999968e-09,0.0005150954,-0.0004658806,-4.922885e-05,2e-09,1.9784563e-09,0.0005150646,-0.00046638842,-4.8690126e-05,0.0,3.0924492e-11,0.00013347065,-0.0007217034,0.0005882725,0.0,-3.2298227e-11,0.0008910134,-0.0001111754,-0.0007798775,0.0,1.5061705e-11,0.00026103915,-0.00083172263,0.0005707019,0.0,-2.893587e-13,0.0005955192,-0.00041357815,-0.00018194718,-7.854754e-09,-2.8e-09,1.1637204e-06,-9.777411e-07,-2.594109e-17
0.02200102895524749,5.0,-5.0,1.0,1.0,0.99999744,0.99546313,-3.9430432,0.013104201,2.0,3.9128723,-0.015085272,-1.828342,0.007284297,0.6063351,-0.00014128292,-4.9999895,-1.4,-6.164764e-13,0.00015249626,-0.00019780737,9.934479e-05,0.00039279577,0.00039279577,-0.00039055882,-0.0003905588,0.00018282008,3.032382e-05,4.934466e-05,4.9117945e-05,-0.0029118434,0.0030110215,-2e-09,-2e-09,-9.934477e-05,2.8e-09,2e-09,1.9999948e-09,0.0005151573,-0.00046582473,-4.934664e-05,2e-09,1.990926e-09,0.00051514455,-0.00046603856,-4.9120026e-05,0.0,2.6208404e-11,0.00013156731,-0.0007221385,0.00059061113,0.0,-3.0170543e-11,0.0008926743,-0.00010935935,-0.00078335457,0.0,1.4568595e-11,0.00026010344,-0.0008334638,0.0005733789,0.0,-2.8256583e-13,0.00059603277,-0.00041321883,-0.00018282008,-7.8860865e-09,-2.8e-09,1.1637361e-06,-9.777254e-07,-6.7996344e-17
0.022001067562244146,5.0,-5.0,1.0,1.0,0.9999969,0.9992572,-3.9648526,0.008600302,2.0,3.941349,-0.011751584,-1.843353,0.0061775316,0.60660315,-0.0001243521,-4.9999895,-1.4,-6.1672737e-13,0.00015398646,-0.00019867264,9.956999e-05,0.00039531008,0.00039531008,-0.00039351717,-0.00039351714,0.00018432287,3.0336374e-05,4.956983e-05,4.9532842e-05,-0.002911149,0.0030105521,-2e-09,-2e-09,-9.956983e-05,2.8e-09,2e-09,1.999994e-09,0.0005152755,-0.0004657179,-4.957167e-05,2e-09,1.9985142e-09,0.0005152735,-0.00046575215,-4.9535418e-05,0.0,1.7200604e-11,0.00012883995,-0.0007227908,0.00059399096,0.0,-2.3503168e-11,0.00089517,-0.00010638269,-0.00078882714,0.0,1.2355063e-11,0.00025850872,-0.00083632994,0.00057783985,0.0,-2.487042e-13,0.0005969176,-0.00041260093,-0.00018432282,-7.929705e-09,-2.8e-09,1.1637579e-06,-9.777037e-07,-2.3333569e-17
0.022001144776237457,5.0,-5.0,1.0,1.0,0.9999977,1.0000167,-3.9859023,0.0035280255,2.0,3.9739027,-0.005999661,-1.8624133,0.0036197114,0.60696536,-7.864644e-05,-4.9999895,-1.4,-6.170437e-13,0.00015588116,-0.00019947151,9.98236e-05,0.00039799022,0.00039799022,-0.00039702829,-0.00039702829,0.00018623346,3.0352201e-05,4.9823484e-05,4.9824434e-05,-0.0029105362,0.003010193,-2e-09,-2e-09,-9.982346e-05,2.8e-09,2e-09,1.9999955e-09,0.00051540876,-0.00046559746,-4.9825347e-05,2e-09,2.0000335e-09,0.0005154088,-0.00046559604,-4.9826845e-05,0.0,7.0560506e-12,0.00012613763,-0.000723567,0.0005974697,0.0,-1.19993225e-11,0.0008978672,-0.0001028894,-0.00079501804,0.0,7.2394226e-12,0.00025650676,-0.00083974923,0.0005832613,0.0,-1.5729288e-13,0.00059804326,-0.00041181606,-0.00018623334,-7.9718045e-09,-2.8e-09,1.163779e-06,-9.776827e-07,-5.7857293e-18
0.022001299204224077,5.0,-5.0,1.0,1.0,0.9999988,0.9999945,-3.9983501,0.00041080394,2.0,3.996663,-0.0008435242,-1.8775269,0.00061552407,0.6072775,-1.5650201e-05,-4.9999895,-1.4,-6.17293e-13,0.00015738641,-0.00019993805,9.997946e-05,0.00039975066,0.00039975066,-0.00039960476,-0.00039960476,0.00018775112,3.036466e-05,4.9979404e-05,4.9979186e-05,-0.002910229,0.0030100413,-2e-09,-2e-09,-9.9979436e-05,2.8e-09,2e-09,1.9999977e-09,0.0005154907,-0.00046552336,-4.998138e-05,2e-09,1.999989e-09,0.0005154907,-0.00046552354,-4.998121e-05,0.0,8.2160786e-13,0.00012450619,-0.00072416227,0.0005996966,0.0,-1.6870484e-12,0.0008997026,-0.00010038796,-0.0007993551,0.0,1.2310481e-12,0.00025493695,-0.00084227364,0.00058735564,0.0,-3.1300405e-14,0.00059893786,-0.00041119292,-0.00018775107,-7.9967e-09,-2.8e-09,1.1637915e-06,-9.776702e-07,-6.955532e-18
0.022001446961114786,5.0,-5.0,1.0,1.0,0.999999,1.000005,-4.000156,-3.79618e-05,2.0,4.0003624,0.00010333102,-1.8802813,-7.544167e-05,0.6073394,1.0842509e-06,-4.9999895,-1.4,-6.173383e-13,0.00015766131,-0.0002000059,0.0001000019,0.00040002592,0.00040002592,-0.0004000438,-0.0004000438,0.00018802824,3.0366917e-05,5.0001847e-05,5.000215e-05,-0.0029101935,0.0030100285,-2e-09,-2e-09,-0.0001000019,2.8e-09,2e-09,1.999998e-09,0.0005155025,-0.0004655127,-5.0003848e-05,2e-09,2.00001e-09,0.0005155025,-0.00046551242,-5.000415e-05,0.0,-7.59236e-14,0.00012426644,-0.00072426576,0.00060003984,0.0,2.0666205e-13,0.0009000039,-9.997472e-05,-0.0008000697,0.0,-1.5088333e-13,0.00025465325,-0.00084270624,0.000588072,0.0,2.1685018e-15,0.0005991012,-0.0004110791,-0.00018802824,-8.0003115e-09,-2.8e-09,1.1637933e-06,-9.776684e-07,3.504805e-17
0.022001674885249668,5.0,-5.0,1.0,1.0,0.999999,0.99999654,-3.9999754,5.0372337e-06,2.0,3.9999495,-1.2845006e-05,-1.8799665,6.6608595e-06,0.6073325,-6.3851525e-07,-4.9999895,-1.4,-6.1733317e-13,0.00015762993,-0.00019999902,9.999975e-05,0.00039999624,0.00039999624,-0.00039999431,-0.00039999431,0.00018799659,3.0366658e-05,4.9999697e-05,4.9999573e-05,-0.0029101965,0.0030100294,-2e-09,-2e-09,-9.999975e-05,2.8e-09,2e-09,1.999998e-09,0.00051550136,-0.00046551373,-5.0001698e-05,2e-09,1.999993e-09,0.00051550136,-0.00046551385,-5.0001574e-05,0.0,1.0074467e-14,0.00012429066,-0.0007242534,0.0006000033,0.0,-2.5690015e-14,0.0008999713,-0.00010002132,-0.00079999055,0.0,1.3321719e-14,0.00025468558,-0.00084265746,0.00058799086,0.0,-1.2770306e-15,0.0005990825,-0.00041109207,-0.00018799659,-7.999951e-09,-2.8e-09,1.1637931e-06,-9.776686e-07,3.182715e-17
0.022002723008240417,5.0,-5.0,1.0,1.0,0.999999,0.9999983,-3.9999816,3.9128713e-06,2.0,3.9999712,-5.2165105e-06,-1.8799834,2.0771936e-06,0.6073328,-5.9326385e-07,-4.9999895,-1.4,-6.1733344e-13,0.00015763161,-0.00019999928,9.99998e-05,0.00039999763,0.00039999763,-0.0003999969,-0.0003999969,0.00018799827,3.0366671e-05,4.9999755e-05,4.999972e-05,-0.0029101965,0.0030100294,-2e-09,-2e-09,-9.99998e-05,2.8e-09,2e-09,1.999998e-09,0.0005155014,-0.0004655137,-5.0001756e-05,2e-09,1.9999966e-09,0.00051550136,-0.00046551373,-5.000172e-05,0.0,7.825742e-15,0.00012428979,-0.00072425423,0.0006000049,0.0,-1.0433021e-14,0.00089997286,-0.00010001882,-0.00079999457,0.0,4.154386e-15,0.00025468387,-0.00084266,0.00058799516,0.0,-1.1865277e-15,0.0005990835,-0.00041109137,-0.00018799827,-7.999963e-09,-2.8e-09,1.1637931e-06,-9.776686e-07,-4.011287e-17
0.025001000000000002,5.0,-5.0,1.0,1.0,0.999999,0.99999464,-3.9999833,2.6079074e-06,2.0,3.9999719,-5.6981185e-06,-1.8799876,-5.729446e-07,0.60733294,-5.422796e-07,-4.9999895,-1.4,-6.173335e-13,0.00015763204,-0.0001999993,9.999987e-05,0.00039999775,0.00039999775,-0.00039999723,-0.00039999723,0.00018799871,3.0366677e-05,4.999982e-05,4.9999602e-05,-0.0029101968,0.00301003,-2e-09,-2e-09,-9.999987e-05,2.8e-09,2e-09,1.999998e-09,0.0005155014,-0.00046551367,-5.0001818e-05,2e-09,1.9999893e-09,0.0005155014,-0.00046551388,-5.0001603e-05,0.0,5.2158146e-15,0.00012428968,-0.00072425423,0.00060000503,0.0,-1.1396237e-14,0.0008999733,-0.000100018886,-0.000799995,0.0,-1.1458891e-15,0.00025468346,-0.0008426604,0.0005879959,0.0,-1.0845592e-15,0.0005990838,-0.0004110912,-0.00018799871,-7.999966e-09,-2.8e-09,1.1637931e-06,-9.776686e-07,-5.1246552e-17
0.025001049999998838,5.0,-5.0,0.95,1.0,0.959077,0.99999607,-3.979183,-0.005027427,2.0,3.9861238,0.0034704218,-1.8752358,-0.001195595,0.60727334,1.7201104e-05,-4.9999895,-1.4,-6.1725614e-13,0.00015716258,-0.00019870777,0.00010025137,0.00039826534,0.00039826534,-0.00039873194,-0.00039873194,0.0001875253,3.0362808e-05,4.820522e-05,5.0251176e-05,-0.0029108294,0.0030109135,-1.9e-09,-2e-09,-0.00010025131,2.8e-09,1.9e-09,1.918154e-09,0.0005153298,-0.0004671358,-4.8207527e-05,2e-09,1.9999922e-09,0.0005156336,-0.00046539452,-5.025312e-05,0.0,-1.0054854e-11,0.00012647052,-0.0007234119,0.0005969817,0.0,6.9408433e-12,0.00089821644,-0.000101259015,-0.00079699786,0.0,-2.39119e-12,0.00025521155,-0.00084145006,0.00058625755,0.0,3.4402206e-14,0.0005988038,-0.00041128453,-0.00018752538,-7.958366e-09,-2.8e-09,1.1637723e-06,-9.776894e-07,5.7614474e-18
0.02500114999999651,5.0,-5.0,0.85,1.0,0.865513,0.9999976,-3.9122467,-0.011683926,2.0,3.9315026,0.009627749,-1.8533745,-0.0037879487,0.60695475,6.240972e-05,-4.9999895,-1.4,-6.1689233e-13,0.00015499913,-0.00019502814,0.00010058419,0.00039218744,0.00039218747,-0.00039352904,-0.00039352907,0.0001853437,3.0344618e-05,4.3859847e-05,5.058408e-05,-0.0029127845,0.0030132006,-1.7e-09,-2e-09,-0.000100584155,2.8e-09,1.7e-09,1.7310261e-09,0.00051469763,-0.00047084794,-4.3861837e-05,2e-09,1.9999953e-09,0.0005158085,-0.00046523658,-5.058604e-05,0.0,-2.3367853e-11,0.00013383497,-0.0007210192,0.00058722385,0.0,1.9255497e-11,0.00089214835,-0.00010647134,-0.00078571687,0.0,-7.575897e-12,0.0002576137,-0.00083646784,0.000578873,0.0,1.2481945e-13,0.00059751736,-0.00041217977,-0.00018534374,-7.824494e-09,-2.8e-09,1.1637053e-06,-9.777563e-07,3.4265024e-17
0.025001349999991852,5.0,-5.0,0.65000004,1.0,0.6661403,0.9999988,-3.7301824,-0.01601065,2.0,3.7613423,0.0155797815,-1.7780864,-0.006976502,0.6057254,0.0001315268,-4.9999895,-1.4,-6.1559384e-13,0.0001475421,-0.00018570859,0.000100800535,0.00037457622,0.00037457625,-0.0003768319,-0.00037683191,0.0001778218,3.0279693e-05,3.410755e-05,5.0800474e-05,-0.002917513,0.0030181438,-1.3e-09,-2e-09,-0.000100800535,2.8e-09,1.3e-09,1.3322807e-09,0.000512586,-0.0004784864,-3.410888e-05,2e-09,1.9999977e-09,0.0005159223,-0.0004651339,-5.0802475e-05,0.0,-3.20213e-11,0.00015421309,-0.0007144676,0.0005602923,0.0,3.1159565e-11,0.00087464025,-0.00012327026,-0.0007514081,0.0,-1.3953004e-11,0.0002658845,-0.0008205202,0.0005546537,0.0,2.630536e-13,0.0005931032,-0.00041528753,-0.0001778218,-7.460365e-09,-2.8e-09,1.1635233e-06,-9.779384e-07,1.4969238e-17
0.025001594763924332,5.0,-5.0,0.40523607,1.0,0.42135894,0.999999,-3.486453,-0.016273592,2.0,3.5191283,0.016337574,-1.665203,-0.0076275566,0.603715,0.00015865384,-4.9999895,-1.4,-6.1355635e-13,0.00013635843,-0.00017350896,0.00010081368,0.00035027906,0.0003502791,-0.00035267562,-0.00035267562,0.00016653616,3.0177816e-05,2.1881628e-05,5.081363e-05,-0.002922787,0.0030234293,-8.1047213e-10,-2e-09,-0.00010081368,2.8e-09,8.1047213e-10,8.4271795e-10,0.0005090597,-0.00048718305,-2.188257e-05,2e-09,1.999998e-09,0.0005159292,-0.00046512767,-5.081563e-05,0.0,-3.254718e-11,0.00018129912,-0.0007050592,0.0005237954,0.0,3.267515e-11,0.000850433,-0.00014751349,-0.0007029552,0.0,-1.5255113e-11,0.000278384,-0.00079757924,0.00051921216,0.0,3.1730768e-13,0.00058651867,-0.00041998853,-0.00016653625,-6.972906e-09,-2.8e-09,1.1632795e-06,-9.781821e-07,-3.5615902e-17
0.02500174026798603,5.0,-5.0,0.259732,1.0,0.27588847,0.9999989,-3.340625,-0.01618425,2.0,3.372889,0.01613184,-1.5962952,-0.0075083827,0.6023871,0.00016322061,-4.9999895,-1.4,-6.122237e-13,0.0001295349,-0.00016622203,0.000100809215,0.0003356757,0.00033567572,-0.00033803977,-0.00033803977,0.00015964585,3.011119e-05,1.4603636e-05,5.080916e-05,-0.0029251513,0.0030257879,-5.19464e-10,-2e-09,-0.00010080922,2.8e-09,5.19464e-10,5.5177696e-10,0.0005063686,-0.000491768,-1.460444e-05,2e-09,1.999998e-09,0.00051592686,-0.0004651298,-5.081117e-05,0.0,-3.2368497e-11,0.0001971384,-0.0006990099,0.0005019053,0.0,3.226368e-11,0.0008358658,-0.00016218326,-0.00067371666,0.0,-1.5016766e-11,0.000286157,-0.0007838273,0.00049768644,0.0,3.264412e-13,0.0005825314,-0.00042289137,-0.0001596461,-6.68125e-09,-2.8e-09,1.1631338e-06,-9.783279e-07,-5.3237146e-17
0.025002000000000003,5.0,-5.0,0.0,1.0,0.016598893,0.99999917,-3.0806792,-0.016020102,2.0,3.1131628,0.016241634,-1.4745177,-0.0077082743,0.5999143,0.00018333171,-4.9999895,-1.4,-6.0973026e-13,0.000117484095,-0.00015323295,0.00010080101,0.00030969208,0.0003096921,-0.0003120871,-0.0003120871,0.0001474701,2.998655e-05,1.6309499e-06,5.080096e-05,-0.0029283324,0.0030289593,0.0,-2e-09,-0.00010080104,2.8e-09,0.0,3.319779e-11,0.0005007813,-0.00049915,-1.6314992e-06,2e-09,1.9999982e-09,0.0005159226,-0.00046513366,-5.0802995e-05,0.0,-3.2040207e-11,0.0002248404,-0.00068774226,0.00046293298,0.0,3.2483266e-11,0.0008099654,-0.0001882153,-0.0006217816,0.0,-1.5416548e-11,0.000300127,-0.0007596709,0.00045955888,0.0,3.6666343e-13,0.00057553296,-0.00042806842,-0.00014747061,-6.161358e-09,-2.8e-09,1.1628738e-06,-9.785879e-07,-6.0394084e-17
0.0250020259732014,5.0,-5.0,0.0,1.0,0.008442758,1.0000001,-3.061035,-0.013147869,2.0,3.0903673,0.014666071,-1.4630879,-0.00722126,0.5996554,0.00017636489,-4.9999895,-1.4,-6.094788e-13,0.00011635266,-0.00015239435,0.000100657395,0.0003075701,0.00030757012,-0.00030975885,-0.00030975885,0.00014632643,2.9973951e-05,1.0795314e-06,5.06574e-05,-0.0029286658,0.0030291488,0.0,-2e-09,-0.0001006574,2.8e-09,0.0,1.6885516e-11,0.00050050707,-0.00049942743,-1.0797203e-06,2e-09,2.0000002e-09,0.0005158471,-0.00046520174,-5.0659408e-05,0.0,-2.629574e-11,0.00022698368,-0.0006869239,0.00045997117,0.0,2.9332144e-11,0.0008078385,-0.00019054001,-0.0006173298,0.0,-1.444252e-11,0.00030144586,-0.0007575169,0.00045608587,0.0,3.5272978e-13,0.00057488075,-0.00042856016,-0.0001463266,-6.12207e-09,-2.8e-09,1.1628541e-06,-9.786075e-07,-5.6498864e-18
0.025002077919604192,5.0,-5.0,0.0,1.0,0.0014879201,1.0000007,-3.033579,-0.008022524,2.0,3.054958,0.010689388,-1.4442495,-0.005727366,0.5992078,0.00014844761,-4.9999895,-1.4,-6.0905935e-13,0.00011448684,-0.00015127783,0.00010040113,0.00030442685,0.00030442688,-0.00030606854,-0.00030606854,0.0001444398,2.9952967e-05,4.7552226e-07,5.0401162e-05,-0.0029291783,0.0030294051,0.0,-2e-09,-0.00010040113,2.8e-09,0.0,2.97584e-12,0.00050020596,-0.00049973046,-4.755252e-07,2e-09,2.0000015e-09,0.00051571237,-0.00046532325,-5.0403163e-05,0.0,-1.6045049e-11,0.00023003685,-0.000685717,0.00045571072,0.0,2.1378777e-11,0.00080465357,-0.00019418908,-0.00061049545,0.0,-1.1454732e-11,0.00030360016,-0.00075409387,0.00045050835,0.0,2.9689524e-13,0.0005738066,-0.00042937283,-0.0001444398,-6.0671583e-09,-2.8e-09,1.1628266e-06,-9.78635e-07,2.7163993e-18
0.02500218181240978,5.0,-5.0,0.0,1.0,-0.00019969659,1.0,-3.0101101,-0.002577437,2.0,3.0191336,0.0045116055,-1.4231387,-0.0028203756,0.5986637,8.107477e-05,-4.9999895,-1.4,-6.0858263e-13,0.00011239285,-0.00015037664,0.00010012887,0.0003014622,0.0003014622,-0.00030219537,-0.00030219537,0.00014232198,2.992913e-05,1.1888703e-07,5.0128874e-05,-0.0029296395,0.0030295942,0.0,-2e-09,-0.00010012887,2.8e-09,0.0,-3.9939317e-13,0.0005000278,-0.0004999089,-1.1888664e-07,2e-09,2e-09,0.00051556923,-0.00046545244,-5.013087e-05,0.0,-5.1548744e-12,0.00023272986,-0.0006845443,0.00045184483,0.0,9.023211e-12,0.0008015697,-0.00019794269,-0.00060365757,0.0,-5.640751e-12,0.00030597695,-0.00075047987,0.00044451735,0.0,1.6214954e-13,0.0005726032,-0.0004302873,-0.00014232198,-6.0202203e-09,-2.8e-09,1.1628032e-06,-9.786585e-07,-1.1320242e-17
0.025002389598020956,5.0,-5.0,0.0,1.0,1.6365286e-05,0.99999905,-3.0004113,-9.89913e-05,2.0,3.0009012,0.00024487992,-1.410735,-0.000211911,0.59830624,7.11526e-06,-4.9999895,-1.4,-6.082988e-13,0.00011115922,-0.00015001562,0.00010000495,0.0003000656,0.0003000656,-0.0003001113,-0.0003001113,0.00014107421,2.9914954e-05,5.76783e-09,5.00049e-05,-0.0029298067,0.0030296375,0.0,-2e-09,-0.00010000495,2.8e-09,0.0,3.273056e-14,0.0004999712,-0.00049996545,-5.7650755e-09,2e-09,1.999998e-09,0.0005155041,-0.00046551126,-5.00069e-05,0.0,-1.9798261e-13,0.00023388838,-0.0006839453,0.0004500872,0.0,4.897599e-13,0.00080003997,-0.00019989352,-0.0006001768,0.0,-4.2382197e-13,0.00030734454,-0.00074851565,0.00044118537,0.0,1.423052e-14,0.0005718957,-0.00043082755,-0.00014107417,-6.000823e-09,-2.8e-09,1.1627935e-06,-9.786681e-07,6.11146e-17
0.025002602993281182,5.0,-5.0,0.0,1.0,-3.2748398e-05,0.999999,-2.9998605,2.6424766e-05,2.0,2.999644,-0.000108249646,-1.4096798,0.00010399854,0.59827065,-4.38091e-06,-4.9999895,-1.4,-6.0827434e-13,0.00011105373,-0.00014999435,9.999868e-05,0.00029997522,0.00029997522,-0.000299954,-0.000299954,0.00014096755,2.991375e-05,-2.9586578e-09,4.9998627e-05,-0.0029298107,0.0030296352,0.0,-2e-09,-9.999868e-05,2.8e-09,0.0,-6.54968e-14,0.00049996685,-0.0004999698,2.9619853e-09,2e-09,1.999998e-09,0.0005155008,-0.00046551425,-5.0000628e-05,0.0,5.284953e-14,0.00023395664,-0.00068390183,0.00044997552,0.0,-2.1649929e-13,0.00079993036,-0.00020003169,-0.000599929,0.0,2.0799709e-13,0.00030745784,-0.00074836484,0.00044092129,0.0,-8.76182e-15,0.0005718353,-0.00043087392,-0.00014096744,-5.999721e-09,-2.8e-09,1.162793e-06,-9.786687e-07,6.675864e-17
0.02500294574201331,5.0,-5.0,0.0,1.0,1.9288176e-05,0.999999,-3.0000064,2.9732873e-06,2.0,3.000062,2.7732598e-05,-1.410073,-2.9904613e-05,0.5982846,4.702682e-07,-4.9999895,-1.4,-6.082835e-13,0.000111093126,-0.00015000047,9.999985e-05,0.0003000034,0.0003000034,-0.00030000918,-0.00030000918,0.00014100735,2.9914205e-05,8.157448e-10,4.99998e-05,-0.0029298116,0.0030296373,0.0,-2e-09,-9.999985e-05,2.8e-09,0.0,3.8576364e-14,0.00049996877,-0.00049996795,-8.1643065e-10,2e-09,1.999998e-09,0.0005155014,-0.00046551367,-5.00018e-05,0.0,5.946573e-15,0.00023393764,-0.0006839172,0.00045000986,0.0,5.546519e-14,0.000799967,-0.00019998483,-0.0006000125,0.0,-5.9809234e-14,0.00030741617,-0.0007484183,0.0004410164,0.0,9.405362e-16,0.00057185785,-0.0004308566,-0.0001410073,-6.000013e-09,-2.8e-09,1.1627931e-06,-9.786686e-07,1.9356185e-17
0.025003631239477565,5.0,-5.0,0.0,1.0,-8.192578e-06,0.999999,-2.9999833,1.8957968e-06,2.0,2.9999576,-1.2886412e-05,-1.4099634,1.1321709e-05,0.5982802,-9.0837403e-07,-4.9999895,-1.4,-6.0828095e-13,0.000111082205,-0.00014999925,9.99999e-05,0.00029999705,0.00029999705,-0.0002999946,-0.0002999946,0.00014099624,2.9914056e-05,-5.0441873e-10,4.9999853e-05,-0.0029298104,0.003029636,0.0,-2e-09,-9.99999e-05,2.8e-09,0.0,-1.638515e-14,0.0004999681,-0.0004999686,5.0446314e-10,2e-09,1.999998e-09,0.0005155014,-0.00046551367,-5.0001854e-05,0.0,3.7915973e-15,0.00023394104,-0.000683913,0.0004500023,0.0,-2.5772827e-14,0.000799958,-0.00019999672,-0.00059999165,0.0,2.2643413e-14,0.00030742757,-0.0007484042,0.00044099087,0.0,-1.816748e-15,0.0005718516,-0.0004308614,-0.00014099626,-5.9999663e-09,-2.8e-09,1.1627931e-06,-9.786686e-07,-3.44813e-19
0.025005002234406073,5.0,-5.0,0.0,1.0,3.793107e-06,0.99999905,-2.9999878,3.71828e-06,2.0,2.99999,1.0113532e-06,-1.409999,-2.5576035e-06,0.5982814,-4.852505e-07,-4.9999895,-1.4,-6.0828176e-13,0.00011108576,-0.00014999957,9.9999816e-05,0.0002999989,0.0002999989,-0.00029999926,-0.00029999926,0.00014099985,2.9914094e-05,3.7413037e-12,4.9999762e-05,-0.002929811,0.0030296366,0.0,-2e-09,-9.9999816e-05,2.8e-09,0.0,7.586217e-15,0.00049996836,-0.00049996836,-2.872369e-12,2e-09,1.999998e-09,0.00051550136,-0.0004655137,-5.0001763e-05,0.0,7.436563e-15,0.00023394024,-0.0006839144,0.00045000447,0.0,2.0227056e-15,0.0007999608,-0.00019999298,-0.00059999817,0.0,-5.115205e-15,0.00030742388,-0.00074840867,0.0004409991,0.0,-9.70501e-16,0.00057185366,-0.00043085983,-0.00014099985,-5.9999756e-09,-2.8e-09,1.1627931e-06,-9.786686e-07,-1.1956717e-17
0.02690434375,5.0,-5.0,0.0,1.0,-4.6551236e-06,0.999999,-2.9999864,1.9811825e-06,2.0,2.9999716,-7.379407e-06,-1.4099785,5.5608884e-06,0.5982806,-7.183899e-07,-4.9999895,-1.4,-6.0828133e-13,0.00011108372,-0.00014999943,9.99999e-05,0.0002999979,0.00029999792,-0.0002999966,-0.0002999966,0.00014099778,2.9914067e-05,-3.3181546e-10,4.999985e-05,-0.0029298107,0.0030296363,0.0,-2e-09,-9.99999e-05,2.8e-09,0.0,-9.310243e-15,0.0004999682,-0.00049996853,3.3087488e-10,2e-09,1.999998e-09,0.0005155015,-0.00046551364,-5.000185e-05,0.0,3.962366e-15,0.00023394058,-0.0006839136,0.00045000334,0.0,-1.4758819e-14,0.0007999593,-0.0001999951,-0.00059999456,0.0,1.11217755e-14,0.00030742597,-0.0007484061,0.0004409944,0.0,-1.4367798e-15,0.00057185243,-0.00043086073,-0.00014099778,-5.999973e-09,-2.8e-09,1.1627931e-06,-9.786686e-07,-4.3325136e-17
0.026995312499999802,5.0,-5.0,0.0,1.0,-5.6021986e-07,0.999999,-2.999987,2.8609563e-06,2.0,2.9999802,-3.369788e-06,-1.4099883,1.6595576e-06,0.59828097,-6.071075e-07,-4.9999895,-1.4,-6.0828155e-13,0.00011108469,-0.0001499995,9.999986e-05,0.00029999836,0.00029999836,-0.00029999786,-0.00029999786,0.00014099877,2.9914077e-05,-1.71059e-10,4.9999806e-05,-0.002929811,0.0030296366,0.0,-2e-09,-9.999986e-05,2.8e-09,0.0,-1.1204368e-15,0.00049996824,-0.0004999685,1.7015546e-10,2e-09,1.999998e-09,0.0005155014,-0.00046551367,-5.0001807e-05,0.0,5.7219142e-15,0.00023394043,-0.000683914,0.00045000386,0.0,-6.7395756e-15,0.00079996,-0.00019999409,-0.00059999625,0.0,3.3191175e-15,0.00030742495,-0.0007484073,0.00044099664,0.0,-1.214215e-15,0.000571853,-0.0004308603,-0.00014099877,-5.999974e-09,-2.8e-09,1.1627931e-06,-9.786686e-07,-1.8361446e-17
0.026998874999998843,5.0,-5.0,0.0,1.0,9.4687454e-07,0.999999,-2.9999866,3.3305505e-06,2.0,2.9999816,-2.5244933e-06,-1.4099896,1.154212e-06,0.59828097,-6.046797e-07,-4.9999895,-1.4,-6.0828155e-13,0.000111084824,-0.0001499995,9.999984e-05,0.0002999984,0.0002999984,-0.00029999804,-0.00029999804,0.0001409989,2.991408e-05,-1.1918384e-10,4.9999784e-05,-0.002929811,0.0030296366,0.0,-2e-09,-9.999984e-05,2.8e-09,0.0,1.8937353e-15,0.0004999683,-0.0004999684,1.1973247e-10,2e-09,1.999998e-09,0.0005155014,-0.00046551367,-5.000178e-05,0.0,6.6610984e-15,0.00023394046,-0.00068391406,0.00045000392,0.0,-5.04899e-15,0.00079996005,-0.00019999394,-0.0005999964,0.0,2.3084246e-15,0.00030742484,-0.0007484075,0.00044099696,0.0,-1.2093593e-15,0.0005718531,-0.00043086024,-0.0001409989,-5.999973e-09,-2.8e-09,1.1627931e-06,-9.786686e-07,5.1976294e-17
0.026999874999998844,5.0,-5.0,0.0,1.0,-2.8055587e-05,0.999999,-2.999995,-6.0384427e-06,2.0,2.9999597,-1.7717093e-05,-1.4099687,8.363305e-06,0.59828055,-5.4907633e-07,-4.9999895,-1.4,-6.082811e-13,0.000111082765,-0.00014999945,0.0001000003,0.00029999774,0.00029999774,-0.00029999512,-0.00029999512,0.00014099682,2.9914056e-05,-1.1008573e-09,5.0000253e-05,-0.0029298102,0.003029636,0.0,-2e-09,-0.0001000003,2.8e-09,0.0,-5.6111183e-14,0.00049996783,-0.0004999689,1.1009067e-09,2e-09,1.999998e-09,0.00051550166,-0.00046551347,-5.000225e-05,0.0,-1.2076885e-14,0.0002339398,-0.0006839127,0.0004500032,0.0,-3.543419e-14,0.0007999591,-0.00019999655,-0.00059999287,0.0,1.672661e-14,0.00030742702,-0.0007484047,0.00044099195,0.0,-1.0981527e-15,0.0005718519,-0.00043086114,-0.00014099682,-5.9999903e-09,-2.8e-09,1.1627931e-06,-9.786686e-07,3.2903888e-17
0.02700025000000231,5.0,-5.0,0.0,1.0,1.2009839e-06,0.999999,-2.9999864,3.4313107e-06,2.0,2.9999816,-2.4169044e-06,-1.4099897,1.0915146e-06,0.59828097,-6.079923e-07,-4.9999895,-1.4,-6.0828155e-13,0.00011108483,-0.0001499995,9.999983e-05,0.0002999984,0.0002999984,-0.00029999804,-0.00029999804,0.0001409989,2.991408e-05,-1.1151636e-10,4.999978e-05,-0.002929811,0.0030296366,0.0,-2e-09,-9.999983e-05,2.8e-09,0.0,2.4019699e-15,0.0004999683,-0.0004999684,1.11390626e-10,2e-09,1.999998e-09,0.0005155014,-0.0004655137,-5.0001778e-05,0.0,6.862622e-15,0.00023394047,-0.0006839141,0.0004500039,0.0,-4.8338095e-15,0.00079996005,-0.00019999393,-0.0005999964,0.0,2.1830292e-15,0.0003074248,-0.0007484075,0.00044099698,0.0,-1.2159847e-15,0.0005718531,-0.00043086024,-0.0001409989,-5.999973e-09,-2.8e-09,1.1627931e-06,-9.786686e-07,4.9578744e-17
0.02700049999999538,5.0,-5.0,0.0,1.0,-4.363988e-06,0.999999,-2.9999883,1.5748238e-06,2.0,2.9999788,-4.8246106e-06,-1.4099879,1.4263666e-06,0.59828097,-5.582027e-07,-4.9999895,-1.4,-6.0828155e-13,0.00011108466,-0.0001499995,9.9999925e-05,0.00029999836,0.00029999836,-0.00029999772,-0.00029999772,0.00014099873,2.9914077e-05,-2.969406e-10,4.999987e-05,-0.002929811,0.0030296366,0.0,-2e-09,-9.9999925e-05,2.8e-09,0.0,-8.727973e-15,0.0004999682,-0.0004999685,2.968643e-10,2e-09,1.999998e-09,0.0005155015,-0.00046551367,-5.0001872e-05,0.0,3.1496471e-15,0.00023394031,-0.0006839139,0.00045000383,0.0,-9.649221e-15,0.00079996,-0.00019999428,-0.00059999607,0.0,2.8527326e-15,0.000307425,-0.0007484072,0.00044099646,0.0,-1.1164055e-15,0.000571853,-0.00043086032,-0.00014099873,-5.999977e-09,-2.8e-09,1.1627931e-06,-9.786686e-07,5.673148e-17
0.027000750605702676,5.0,-5.0,0.0,1.124686,-0.00040540806,1.0055343,-3.000174,0.0012392605,2.0,2.9998407,-0.00016797143,-1.4100624,-8.827549e-05,0.5982869,1.9056553e-06,-4.9999895,-1.4,-6.0828165e-13,0.00011109158,-0.00015007229,9.99383e-05,0.0003000014,0.0003000014,-0.00029999108,-0.00029999108,0.00014100518,2.991427e-05,-8.223342e-08,5.0214836e-05,-0.002930127,0.0030298794,0.0,-2.2493702e-09,-9.99383e-05,2.8e-09,0.0,-8.108156e-13,0.0004999252,-0.0005000065,8.2231786e-08,2.2493702e-09,2.0110598e-09,0.0005158681,-0.00046566824,-5.021659e-05,0.0,2.478521e-12,0.00023393739,-0.0006839886,0.0004500752,0.0,-3.3594297e-13,0.0007999642,-0.000200001,-0.0005999954,0.0,-1.7655101e-13,0.00030741922,-0.00074840675,0.00044099617,0.0,3.8113086e-15,0.0005718532,-0.000430857,-0.00014100518,-6.0003664e-09,-2.8e-09,1.1627931e-06,-9.786686e-07,2.9014483e-14
0.027001001211409973,5.0,-5.0,0.0,0.9987886,-4.5924306e-05,0.99994695,-3.0000017,-2.5159421e-05,2.0,2.999963,-1.9307805e-05,-1.4099916,-6.1585e-06,0.5982815,-1.3294601e-07,-4.9999895,-1.4,-6.0828165e-13,0.00011108507,-0.00014999881,0.000100001256,0.00029999824,0.00029999824,-0.00029999693,-0.00029999693,0.00014099915,2.9914081e-05,-1.0382443e-09,4.9998605e-05,-0.0029298067,0.0030296338,0.0,-1.9975772e-09,-0.000100001256,2.8e-09,0.0,-9.1848614e-14,0.00049996783,-0.0004999689,1.0383361e-09,1.9975772e-09,1.999894e-09,0.00051549834,-0.00046551175,-5.0000606e-05,0.0,-5.0318843e-14,0.00023393886,-0.0006839116,0.00045000308,0.0,-3.861561e-14,0.00079996075,-0.00019999593,-0.00059999514,0.0,-1.2317e-14,0.00030742484,-0.00074840663,0.00044099608,0.0,-2.65892e-16,0.00057185325,-0.00043086012,-0.00014099915,-6.000003e-09,-2.8e-09,1.1627931e-06,-9.786686e-07,-2.2708601e-17
0.027001002422856916,5.0,-5.0,0.0,0.99757713,-4.269237e-05,0.9997927,-2.9999971,-6.1787825e-05,2.0,2.999964,-1.6547187e-05,-1.4099911,-5.4631428e-06,0.59828144,-1.5343065e-07,-4.9999895,-1.4,-6.082816e-13,0.00011108501,-0.00014999676,0.00010000309,0.00029999806,0.00029999806,-0.00029999696,-0.00029999696,0.0001409991,2.9914081e-05,9.547727e-10,4.9992726e-05,-0.002929804,0.0030296326,0.0,-1.9951543e-09,-0.00010000309,2.8e-09,0.0,-8.5384736e-14,0.0004999688,-0.0004999679,-9.54686e-10,1.9951543e-09,1.9995854e-09,0.000515495,-0.00046551434,-4.9994727e-05,0.0,-1.2357564e-13,0.00023393864,-0.00068390917,0.00045000084,0.0,-3.3094373e-14,0.0007999605,-0.0001999958,-0.000599995,0.0,-1.0926285e-14,0.00030742487,-0.0007484067,0.00044099605,0.0,-3.0686127e-16,0.0005718532,-0.00043086015,-0.0001409991,-5.9999943e-09,-2.8e-09,1.1627931e-06,-9.786686e-07,4.045606e-18
0.0270010048457508,5.0,-5.0,0.0,0.99515426,-3.709592e-05,0.9992207,-2.9999695,-0.0001964943,2.0,2.9999642,-2.6839605e-06,-1.4099902,-4.7587364e-06,0.5982814,-1.9162916e-07,-4.9999895,-1.4,-6.082816e-13,0.00011108492,-0.00014998866,0.00010000982,0.0002999967,0.0002999967,-0.0002999969,-0.0002999969,0.00014099899,2.991408e-05,7.969919e-09,4.9970862e-05,-0.0029298002,0.0030296359,0.0,-1.9903086e-09,-0.00010000982,2.8e-09,0.0,-7.419184e-14,0.0004999723,-0.0004999644,-7.969794e-09,1.9903086e-09,1.9984414e-09,0.0005154893,-0.0004655305,-4.997286e-05,0.0,-3.9298857e-13,0.00023393883,-0.00068389985,0.00044999135,0.0,-5.367921e-15,0.0007999588,-0.00019999557,-0.0005999936,0.0,-9.517472e-15,0.00030742495,-0.00074840663,0.0004409959,0.0,-3.8325832e-16,0.00057185313,-0.00043086018,-0.00014099899,-5.999939e-09,-2.8e-09,1.1627931e-06,-9.786686e-07,3.010775e-17
0.027001009691538572,5.0,-5.0,0.0,0.99030846,-2.8547462e-05,0.99725485,-2.999791,-0.00064115867,2.0,2.9999425,7.579116e-05,-1.409987,-9.476199e-06,0.59828126,-2.2594531e-07,-4.9999895,-1.4,-6.0828155e-13,0.00011108459,-0.00014995749,0.000100032055,0.00029998668,0.00029998668,-0.0002999952,-0.0002999952,0.00014099867,2.9914076e-05,3.063056e-08,4.9894803e-05,-0.0029298007,0.0030296585,0.0,-1.980617e-09,-0.000100032055,2.8e-09,0.0,-5.709492e-14,0.00049998367,-0.00049995305,-3.0629305e-08,1.980617e-09,1.9945097e-09,0.0005154803,-0.00046559752,-4.98968e-05,0.0,-1.2823172e-12,0.00023394758,-0.00068386743,0.00044995017,0.0,1.5158233e-13,0.0007999479,-0.00019999634,-0.00059998187,0.0,-1.8952398e-14,0.0003074255,-0.0007484051,0.00044099387,0.0,-4.5189065e-16,0.00057185296,-0.00043086032,-0.00014099867,-5.999582e-09,-2.8e-09,1.1627928e-06,-9.786688e-07,2.9363244e-17
0.027001019383114114,5.0,-5.0,0.0,0.98061687,-1.7979033e-05,0.9912168,-2.998743,-0.001886028,2.0,2.9996796,0.00046823273,-1.4099478,-6.6914734e-05,0.59828085,2.42039e-07,-4.9999895,-1.4,-6.082806e-13,0.000111080764,-0.00014984285,0.0001000943,0.00029992114,0.00029992114,-0.00029997464,-0.00029997464,0.0001409948,2.991403e-05,9.340244e-08,4.9655144e-05,-0.0029298307,0.0030297507,0.0,-1.9612338e-09,-0.00010009429,2.8e-09,0.0,-3.5958066e-14,0.00050001504,-0.0004999217,-9.338915e-08,1.9612338e-09,1.9824336e-09,0.00051546516,-0.0004658219,-4.965717e-05,0.0,-3.772056e-12,0.00023402428,-0.000683764,0.00044977,0.0,9.364655e-13,0.0007998803,-0.00020001488,-0.0005998958,0.0,-1.3382947e-13,0.0003074322,-0.00074838736,0.00044096945,0.0,4.84078e-16,0.00057185075,-0.00043086198,-0.0001409948,-5.997486e-09,-2.8e-09,1.1627918e-06,-9.786698e-07,2.8425473e-17
0.0270010387662652,5.0,-5.0,0.0,0.96123374,-8.5374195e-06,0.9751574,-2.9936242,-0.0046187984,2.0,2.997516,0.0019458667,-1.4094622,-0.0004283315,0.59827495,5.403352e-06,-4.9999895,-1.4,-6.0826957e-13,0.00011103329,-0.00014945026,0.000100230944,0.00029955702,0.00029955702,-0.00029979442,-0.00029979442,0.00014094677,2.9913479e-05,2.3051305e-07,4.898881e-05,-0.0029299858,0.0030300422,0.0,-1.9224675e-09,-0.000100230885,2.8e-09,0.0,-1.7074837e-14,0.0005000836,-0.00049985317,-2.3045827e-07,1.9224675e-09,1.9503148e-09,0.0005154247,-0.0004664474,-4.8990973e-05,0.0,-9.237597e-12,0.00023446868,-0.0006834519,0.00044901343,0.0,3.8917337e-12,0.0007995203,-0.00020019905,-0.00059935154,0.0,-8.5666305e-13,0.00030750237,-0.00074822933,0.00044074125,0.0,1.0806704e-14,0.0005718234,-0.00043088268,-0.00014094677,-5.9872485e-09,-2.8e-09,1.1627867e-06,-9.78675e-07,4.2331388e-17
0.027001077532567367,5.0,-5.0,0.0,0.9224674,-3.1018947e-06,0.9381711,-2.9738283,-0.008914967,2.0,2.9851143,0.0056430236,-1.4055775,-0.0017508487,0.59821165,3.126294e-05,-4.9999895,-1.4,-6.0818017e-13,0.00011065197,-0.00014824566,0.00010044575,0.00029794715,0.00029794715,-0.00029868653,-0.00029868653,0.00014056088,2.990902e-05,4.4559326e-07,4.7354304e-05,-0.0029305392,0.0030308103,0.0,-1.8449349e-09,-0.000100445715,2.8e-09,0.0,-6.2037896e-15,0.00050019124,-0.0004997456,-4.4555858e-07,1.8449349e-09,1.8763422e-09,0.0005152724,-0.0004679289,-4.7356625e-05,0.0,-1.7829934e-11,0.00023634423,-0.0006825138,0.0004461996,0.0,1.1286048e-11,0.0007979563,-0.00020135203,-0.00059663446,0.0,-3.5016976e-12,0.0003080084,-0.00074724195,0.00043924781,0.0,6.2525885e-14,0.00057160406,-0.00043104915,-0.00014056098,-5.9476566e-09,-2.8e-09,1.1627669e-06,-9.786947e-07,8.158279e-17
0.027001155065171704,5.0,-5.0,0.0,0.8449348,-1.0149879e-06,0.86100197,-2.9140751,-0.013268391,2.0,2.9363105,0.011117642,-1.3864865,-0.004367685,0.5978268,9.639892e-05,-4.9999895,-1.4,-6.077298e-13,0.00010877207,-0.00014504034,0.00010066342,0.00029251928,0.00029251928,-0.00029406784,-0.00029406784,0.00013865829,2.988652e-05,6.633688e-07,4.3713517e-05,-0.0029320181,0.0030325064,0.0,-1.6898697e-09,-0.000100663536,2.8e-09,0.0,-2.0299759e-15,0.0005003002,-0.00049963675,-6.6348326e-07,1.6898697e-09,1.722004e-09,0.00051473634,-0.0004710327,-4.371568e-05,0.0,-2.6536781e-11,0.00024226328,-0.00067980116,0.0004375673,0.0,2.2235283e-11,0.0007926591,-0.00020609975,-0.0005865891,0.0,-8.73537e-12,0.00031037047,-0.00074308354,0.00043272713,0.0,1.9279784e-13,0.0005705262,-0.00043187366,-0.00013865856,-5.8281504e-09,-2.8e-09,1.1627071e-06,-9.787545e-07,5.682186e-17
0.027001310130380377,5.0,-5.0,0.0,0.68986964,-1.6408583e-07,0.7059259,-2.7689183,-0.015747981,2.0,2.799589,0.015335189,-1.3259995,-0.006933749,0.59641504,0.00018014594,-4.9999895,-1.4,-6.062345e-13,0.00010280639,-0.00013765851,0.000100787394,0.00027842534,0.00027842537,-0.00028065225,-0.00028065228,0.00013261796,2.9811745e-05,7.8739083e-07,3.6083693e-05,-0.002935068,0.0030356785,0.0,-1.3797392e-09,-0.000100787496,2.8e-09,0.0,-3.2817164e-16,0.00050036225,-0.00049957476,-7.874865e-07,1.3797392e-09,1.4118517e-09,0.00051312,-0.0004770446,-3.608525e-05,0.0,-3.1495962e-11,0.00025684055,-0.00067290297,0.0004160904,0.0,3.0670376e-11,0.00077873847,-0.00021968802,-0.00055907876,0.0,-1.3867498e-11,0.00031772352,-0.0007309809,0.0004132708,0.0,3.602919e-13,0.0005671205,-0.00043450846,-0.00013261812,-5.5378364e-09,-2.8e-09,1.1625621e-06,-9.788997e-07,-2.677686e-17
0.02700154162151215,5.0,-5.0,0.0,0.4583785,-1.133888e-09,0.47443795,-2.5390968,-0.016164562,2.0,2.5714905,0.016196724,-1.2197576,-0.0075897085,0.59366876,0.00022349962,-4.9999895,-1.4,-6.034452e-13,9.232585e-05,-0.00012614661,0.000100808225,0.00025552936,0.0002555294,-0.00025790802,-0.00025790805,0.000121998106,2.9672265e-05,8.0822804e-07,2.4530125e-05,-0.0029390357,0.0030396653,0.0,-9.1675695e-10,-0.000100808225,2.8e-09,0.0,-2.2677727e-18,0.00050037267,-0.0004995644,-8.082282e-07,9.1675695e-10,9.488759e-10,0.0005099484,-0.00048542395,-2.4531075e-05,0.0,-3.2329125e-11,0.0002797786,-0.000661434,0.00038168105,0.0,3.239345e-11,0.00075594406,-0.00024253265,-0.00051343744,0.0,-1.5179417e-11,0.0003306613,-0.0007105552,0.00037990615,0.0,4.4699924e-13,0.0005611681,-0.000439176,-0.00012199811,-5.078194e-09,-2.8e-09,1.1623322e-06,-9.791295e-07,4.7984416e-17
0.027002,5.0,-5.0,0.0,0.0,7.807859e-10,0.01606024,-2.0805888,-0.016131992,2.0,2.1129029,0.01615685,-1.0042038,-0.0075778035,0.5870268,0.00028214813,-4.9999895,-1.4,-5.967446e-13,7.111137e-05,-0.00010322285,0.0001008066,0.00020967457,0.0002096746,-0.00021204806,-0.00021204808,0.0001004486,2.933723e-05,8.065996e-07,1.6096116e-06,-0.0029435265,0.0030441512,0.0,0.0,-0.0001008066,2.8e-09,0.0,1.5615722e-18,0.0005003718,-0.0004995652,-8.065996e-07,0.0,3.212048e-11,0.0005007705,-0.0004991611,-1.6096436e-06,0.0,-3.2263983e-11,0.0003240322,-0.00063691277,0.00031290157,0.0,3.23137e-11,0.000710219,-0.0002885177,-0.00042172268,0.0,-1.5155606e-11,0.00035770691,-0.0006701934,0.00031249668,0.0,5.642963e-13,0.000549264,-0.00044882135,-0.0001004486,-4.1611776e-09,-2.8e-09,1.161873e-06,-9.795903e-07,1.0219791e-16
0.027002007435520264,5.0,-5.0,0.0,0.0,4.412388e-07,0.011498018,-2.073517,-0.015504509,2.0,2.1055448,0.016013673,-1.0007181,-0.00755921,0.5869026,0.00028309858,-4.9999895,-1.4,-5.9661954e-13,7.076915e-05,-0.00010290063,0.00010077523,0.00020895308,0.00020895312,-0.0002113104,-0.00021131041,0.00010010013,2.9330977e-05,7.7524754e-07,1.3501264e-06,-0.002943589,0.0030441822,0.0,0.0,-0.0001007752,2.8e-09,0.0,8.824775e-16,0.00050035614,-0.00049958087,-7.752218e-07,0.0,2.2996036e-11,0.00050064194,-0.0004992918,-1.3502411e-06,0.0,-3.100902e-11,0.00032470317,-0.0006365401,0.0003118579,0.0,3.2027346e-11,0.0007094978,-0.00028925555,-0.00042026353,0.0,-1.511842e-11,0.00035815418,-0.0006695546,0.00031141055,0.0,5.6619715e-13,0.00054907374,-0.00044897955,-0.00010010013,-4.1470343e-09,-2.8e-09,1.161866e-06,-9.795975e-07,2.4728068e-17
0.027002022306560784,5.0,-5.0,0.0,0.0,1.2959505e-06,0.0056739436,-2.060692,-0.013754044,2.0,2.0913758,0.015341852,-0.9938613,-0.0074248677,0.58665454,0.0002831051,-4.9999895,-1.4,-5.963714e-13,7.009588e-05,-0.000102346894,0.0001006877,0.00020760339,0.00020760341,-0.00020988009,-0.00020988009,9.941444e-05,2.931857e-05,6.87767e-07,9.713993e-07,-0.0029437311,0.003044237,0.0,0.0,-0.000100687685,2.8e-09,0.0,2.591901e-15,0.00050031237,-0.0004996246,-6.8774926e-07,0.0,1.1347887e-11,0.00050045364,-0.0004994822,-9.71476e-07,0.0,-2.7508088e-11,0.00032593423,-0.0006358678,0.00030995446,0.0,3.0683702e-11,0.0007081399,-0.00029067753,-0.0004174835,0.0,-1.4849736e-11,0.00035902957,-0.00066831405,0.00030929456,0.0,5.662102e-13,0.0005486997,-0.00044929117,-9.941445e-05,-4.121384e-09,-2.8e-09,1.161853e-06,-9.796108e-07,-1.5200676e-17
0.027002052048641825,5.0,-5.0,0.0,0.0,2.0706132e-06,0.0013967097,-2.0413117,-0.009978119,2.0,2.0671287,0.012908357,-0.98139596,-0.006697575,0.5861815,0.0002684889,-4.9999895,-1.4,-5.95913e-13,6.8870795e-05,-0.00010156668,0.00010049891,0.000205422,0.00020542202,-0.00020738262,-0.00020738263,9.816644e-05,2.9295652e-05,4.990095e-07,5.687414e-07,-0.002943995,0.003044312,0.0,0.0,-0.00010049891,2.8e-09,0.0,4.1412262e-15,0.00050021795,-0.00049971894,-4.9900893e-07,0.0,2.7934194e-12,0.0005002527,-0.00049968396,-5.687477e-07,0.0,-1.9956238e-11,0.00032784243,-0.00063481455,0.00030699276,0.0,2.5816715e-11,0.00070590293,-0.0002931192,-0.00041280466,0.0,-1.33951504e-11,0.00036059725,-0.0006661364,0.00030554907,0.0,5.369778e-13,0.00054801983,-0.00044985928,-9.816645e-05,-4.0826236e-09,-2.8e-09,1.1618332e-06,-9.796315e-07,-8.0896585e-18
0.02700211153280391,5.0,-5.0,0.0,0.0,1.6549303e-06,3.151824e-05,-2.0198107,-0.004944347,2.0,2.0354848,0.007836905,-0.96344393,-0.0046027624,0.5854415,0.00020288724,-4.9999895,-1.4,-5.9523865e-13,6.710275e-05,-0.000100743324,0.00010024722,0.00020276476,0.00020276479,-0.00020400876,-0.00020400876,9.636468e-05,2.9261932e-05,2.4730008e-07,2.4879324e-07,-0.0029443083,0.0030443738,0.0,0.0,-0.00010024722,2.8e-09,0.0,3.3098604e-15,0.000500092,-0.0004998447,-2.4730008e-07,0.0,6.303649e-14,0.00050009275,-0.00049984397,-2.487933e-07,0.0,-9.888693e-12,0.00033003837,-0.0006335301,0.00030351212,0.0,1.567381e-11,0.00070308155,-0.0002963286,-0.00040677353,0.0,-9.205525e-12,0.00036280142,-0.0006631651,0.00030037345,0.0,4.057745e-13,0.00054704037,-0.0004506816,-9.636468e-05,-4.0396215e-09,-2.8e-09,1.1618108e-06,-9.796561e-07,4.439755e-17
0.027002230501128082,5.0,-5.0,0.0,0.0,4.922544e-07,-4.5429374e-06,-2.0049186,-0.0012306141,2.0,2.0097451,0.0024133895,-0.9470506,-0.0016804511,0.58469445,8.484339e-05,-4.9999895,-1.4,-5.946096e-13,6.548306e-05,-0.00010018439,0.00010006153,0.00020073318,0.0002007332,-0.00020114258,-0.00020114258,9.471354e-05,2.923048e-05,6.155532e-08,6.130356e-08,-0.0029445116,0.0030443913,0.0,0.0,-0.00010006153,2.8e-09,0.0,9.845088e-16,0.0004999991,-0.00049993757,-6.155532e-08,0.0,-9.085875e-15,0.000499999,-0.00049993774,-6.130355e-08,0.0,-2.4612283e-12,0.00033162287,-0.0006325242,0.0003009216,0.0,4.826779e-12,0.0007008222,-0.00029896677,-0.00040187576,0.0,-3.3609023e-12,0.0003647616,-0.0006606081,0.00029585612,0.0,1.6968679e-13,0.00054614496,-0.0004514373,-9.471354e-05,-4.009837e-09,-2.8e-09,1.1617942e-06,-9.796777e-07,4.9165746e-17
0.02700246843777642,5.0,-5.0,0.0,0.0,3.353973e-09,6.814707e-07,-2.0000718,-1.7756971e-05,2.0,2.0001569,4.2603828e-05,-0.94013846,-4.4028377e-05,0.5843421,2.5736579e-06,-4.9999895,-1.4,-5.9433946e-13,6.479713e-05,-0.0001000027,0.000100000885,0.00020001143,0.00020001143,-0.00020002009,-0.00020002009,9.40141e-05,2.9216979e-05,8.880164e-10,9.2192215e-10,-0.0029445663,0.0030443852,0.0,0.0,-0.000100000885,2.8e-09,0.0,6.7079484e-18,0.00049996877,-0.0004999679,-8.8801266e-10,0.0,1.362941e-15,0.0004999688,-0.0004999679,-9.2191965e-10,0.0,-3.551394e-14,0.00033215882,-0.0006321568,0.00030001812,0.0,8.5207645e-14,0.00069997465,-0.0002999633,-0.00040003154,0.0,-8.805675e-14,0.00036556675,-0.00065959146,0.0002940342,0.0,5.1473163e-15,0.00054576655,-0.00045175836,-9.40141e-05,-4.0001438e-09,-2.8e-09,1.1617864e-06,-9.796939e-07,-3.6334047e-17
0.027002746915406,5.0,-5.0,0.0,0.0,2.9442215e-09,-9.699968e-07,-1.9999624,9.154109e-06,2.0,1.9999202,-2.1117017e-05,-0.93992245,2.7234626e-05,0.5843283,-2.7099106e-06,-4.9999895,-1.4,-5.9433085e-13,6.477543e-05,-9.999858e-05,9.999954e-05,0.00019999413,0.00019999413,-0.0001999893,-0.0001999893,9.399198e-05,2.9216551e-05,-4.5755824e-10,-5.062053e-10,-0.0029445668,0.0030443845,0.0,0.0,-9.999954e-05,2.8e-09,0.0,5.8884428e-18,0.0004999681,-0.0004999686,4.5756637e-10,0.0,-1.9399943e-15,0.0004999681,-0.0004999686,5.0621546e-10,0.0,1.830822e-14,0.00033217124,-0.00063214777,0.0002999967,0.0,-4.223404e-14,0.000699952,-0.00029998878,-0.00039998343,0.0,5.4469246e-14,0.00036559088,-0.0006595626,0.00029398125,0.0,-5.4198208e-15,0.0005457547,-0.00045176857,-9.399197e-05,-3.999925e-09,-2.8e-09,1.1617839e-06,-9.797033e-07,-6.824619e-17
0.027003277186285035,5.0,-5.0,0.0,0.0,-1.9213455e-09,4.3318823e-07,-1.9999983,5.3357525e-07,2.0,2.0000038,2.7631806e-06,-0.9400125,-7.290346e-06,0.5843348,1.14176e-07,-4.9999895,-1.4,-5.943345e-13,6.478454e-05,-9.999995e-05,9.9999976e-05,0.00020000011,0.00020000011,-0.00020000112,-0.00020000112,9.400127e-05,2.9216733e-05,-2.6774841e-11,-5.019346e-12,-0.0029445668,0.003044385,0.0,0.0,-9.9999976e-05,2.8e-09,0.0,-3.8426928e-18,0.0004999683,-0.00049996836,2.678021e-11,0.0,8.663758e-16,0.00049996836,-0.00049996836,5.0236946e-12,0.0,1.0671508e-15,0.00033216705,-0.0006321509,0.00030000403,0.0,5.526358e-15,0.00069996057,-0.0002999795,-0.00040000124,0.0,-1.4580701e-14,0.0003655811,-0.00065957394,0.00029400236,0.0,2.2835246e-16,0.0005457597,-0.0004517643,-9.400126e-05,-3.999997e-09,-2.8e-09,1.1617815e-06,-9.797122e-07,-4.545588e-17
0.027006458811559244,5.0,-5.0,0.0,0.0,-4.551559e-10,9.236995e-08,-1.9999927,1.8365241e-06,2.0,1.9999901,-1.315762e-06,-0.93999606,-4.7186163e-07,0.5843334,-4.6493105e-07,-4.9999895,-1.4,-5.943338e-13,6.4782864e-05,-9.999973e-05,9.999991e-05,0.00019999914,0.00019999914,-0.00019999905,-0.00019999905,9.399956e-05,2.9216695e-05,-9.1848966e-11,-8.720772e-11,-0.0029445668,0.003044385,0.0,0.0,-9.999991e-05,2.8e-09,0.0,-9.103068e-19,0.0004999683,-0.0004999684,9.184903e-11,0.0,1.8473986e-16,0.0004999683,-0.0004999684,8.720761e-11,0.0,3.6730483e-15,0.00033216772,-0.00063215045,0.00030000287,0.0,-2.631528e-15,0.00069995906,-0.00029998107,-0.00039999821,0.0,-9.437212e-16,0.00036558285,-0.00065957196,0.0002939986,0.0,-9.298631e-16,0.00054575875,-0.00045176508,-9.399956e-05,-3.9999852e-09,-2.8e-09,1.1617791e-06,-9.797211e-07,-3.2444892e-18
0.02999399447911998,5.0,-5.0,0.0,0.0,-6.7739886e-10,1.2550397e-07,-1.9999921,1.9846739e-06,2.0,1.9999889,-1.613366e-06,-0.93999517,-2.6684816e-07,0.5843333,-4.8043256e-07,-4.9999895,-1.4,-5.9433377e-13,6.4782784e-05,-9.999971e-05,9.99999e-05,0.00019999905,0.00019999905,-0.00019999893,-0.00019999893,9.399947e-05,2.921669e-05,-9.926756e-11,-9.295849e-11,-0.0029445668,0.003044385,0.0,0.0,-9.99999e-05,2.8e-09,0.0,-1.3547983e-18,0.0004999683,-0.0004999684,9.926756e-11,0.0,2.5100776e-16,0.0004999683,-0.0004999684,9.2958294e-11,0.0,3.9693476e-15,0.00033216778,-0.0006321504,0.00030000278,0.0,-3.2267314e-15,0.000699959,-0.0002999812,-0.00039999798,0.0,-5.33694e-16,0.00036558294,-0.00065957184,0.0002939984,0.0,-9.608649e-16,0.0005457587,-0.0004517651,-9.399947e-05,-3.9999843e-09,-2.8e-09,1.1617791e-06,-9.797212e-07,-4.6510086e-17
0.029996,5.0,-5.0,0.0,0.0,-2.8341898e-08,5.3942044e-06,-1.9999932,3.0405577e-06,2.0,2.0000055,6.1624687e-06,-0.94004744,-3.0494619e-05,0.58433795,1.9985262e-06,-4.9999895,-1.4,-5.9433594e-13,6.4788146e-05,-9.999981e-05,9.9999845e-05,0.00019999994,0.00019999994,-0.0002000036,-0.0002000036,9.400494e-05,2.9216797e-05,-1.5344498e-10,1.1768235e-10,-0.0029445672,0.0030443855,0.0,0.0,-9.9999845e-05,2.8e-09,0.0,-5.6683796e-17,0.0004999683,-0.0004999684,1.5344503e-10,0.0,1.078841e-14,0.0004999684,-0.0004999683,-1.176931e-10,0.0,6.081115e-15,0.0003321674,-0.000632151,0.00030000374,0.0,1.23249376e-14,0.000699962,-0.00029997868,-0.00040000354,0.0,-6.098923e-14,0.00036557784,-0.00065957685,0.00029400853,0.0,3.9970523e-15,0.0005457616,-0.00045176258,-9.400494e-05,-3.9999866e-09,-2.8e-09,1.1617791e-06,-9.797212e-07,6.85832e-18
0.029996077292320285,5.0,-5.0,0.0,0.0,-7.3152245e-10,1.2019852e-07,-1.999993,1.7870337e-06,2.0,1.9999914,-7.359445e-07,-0.9399996,-2.4303586e-06,0.5843337,-2.577738e-07,-4.9999895,-1.4,-5.94334e-13,6.4783235e-05,-9.9999736e-05,9.999991e-05,0.00019999922,0.00019999922,-0.0001999994,-0.0001999994,9.399993e-05,2.9216699e-05,-8.938826e-11,-8.334176e-11,-0.0029445668,0.003044385,0.0,0.0,-9.999991e-05,2.8e-09,0.0,-1.4630454e-18,0.0004999683,-0.0004999684,8.938826e-11,0.0,2.4039706e-16,0.0004999683,-0.0004999684,8.334152e-11,0.0,3.5740674e-15,0.0003321677,-0.00063215045,0.00030000295,0.0,-1.4718889e-15,0.0006999593,-0.00029998086,-0.00039999862,0.0,-4.860717e-15,0.0003655825,-0.0006595723,0.00029399933,0.0,-5.155476e-16,0.0005457589,-0.0004517649,-9.399993e-05,-3.999986e-09,-2.8e-09,1.1617791e-06,-9.797212e-07,2.386907e-17
0.03,5.0,-5.0,0.0,0.0,-3.2665523e-11,8.856248e-09,-1.9999919,2.019978e-06,2.0,1.9999878,-2.0192522e-06,-0.9399929,9.623379e-07,0.5843331,-5.918872e-07,-4.9999895,-1.4,-5.943337e-13,6.478254e-05,-9.99997e-05,9.9999896e-05,0.00019999899,0.00019999899,-0.0001999987,-0.0001999987,9.399923e-05,2.9216684e-05,-1.01000534e-10,-1.0055609e-10,-0.0029445668,0.003044385,0.0,0.0,-9.9999896e-05,2.8e-09,0.0,-6.5330725e-20,0.0004999683,-0.0004999684,1.01000534e-10,0.0,1.7712496e-17,0.0004999683,-0.0004999684,1.0055607e-10,0.0,4.0399563e-15,0.0003321678,-0.00063215033,0.0003000027,0.0,-4.0385044e-15,0.0006999588,-0.00029998133,-0.0003999977,0.0,1.924676e-15,0.00036558317,-0.0006595716,0.00029399793,0.0,-1.1837744e-15,0.0005457586,-0.00045176523,-9.399923e-05,-3.999984e-09,-2.8e-09,1.1617791e-06,-9.797212e-07,-5.91769e-17
0.030000048007171147,5.0,-5.0,0.04800717,0.0,0.038991235,1.0110607e-06,-2.0195813,0.0048526796,2.0,2.012938,-0.003321553,-0.9443855,0.00115333,0.5844648,-3.7905043e-05,-4.9999895,-1.4,-5.945026e-13,6.5209526e-05,-0.000101221696,9.9757366e-05,0.00020162598,0.00020162597,-0.00020117848,-0.00020117848,9.443476e-05,2.9225135e-05,1.7069277e-06,-2.425834e-07,-0.0029447002,0.0030442765,-9.601434e-11,0.0,-9.975741e-05,2.8e-09,9.601434e-11,7.798247e-11,0.0005007922,-0.00049908616,-1.7066181e-06,0.0,2.0221215e-15,0.0004998471,-0.00050008966,2.4254237e-07,0.0,9.705359e-12,0.00033046538,-0.000633296,0.00030285097,0.0,-6.643106e-12,0.00070148957,-0.00029870615,-0.0004028037,0.0,2.30666e-12,0.00036494865,-0.00066055194,0.00029561282,0.0,-7.5810086e-14,0.0005459956,-0.00045156683,-9.4434654e-05,-4.0391623e-09,-2.8e-09,1.1617989e-06,-9.797006e-07,-3.481828e-17
0.030000144021513447,5.0,-5.0,0.14402151,0.0,0.1285469,1.2125304e-06,-2.083076,0.011367939,2.0,2.0644817,-0.009296944,-0.964875,0.00369485,0.5851336,-0.00012850486,-4.9999895,-1.4,-5.9526196e-13,6.721148e-05,-0.00010472219,9.943161e-05,0.00020737789,0.00020737787,-0.0002060787,-0.0002060787,9.647465e-05,2.9263105e-05,5.858947e-06,-5.683363e-07,-0.0029445502,0.0030438013,-2.8804303e-10,0.0,-9.943163e-05,2.8e-09,2.8804303e-10,2.5709376e-10,0.0005026616,-0.00049680454,-5.858945e-06,0.0,2.4250606e-15,0.0004996843,-0.0005002526,5.6830885e-07,0.0,2.2735877e-11,0.000324717,-0.0006367997,0.00031210374,0.0,-1.8593889e-11,0.00070704747,-0.0002936122,-0.00041345606,0.0,7.3897e-12,0.00036217005,-0.0006647133,0.00030255306,0.0,-2.5700972e-13,0.0005471079,-0.00045063923,-9.647458e-05,-4.166152e-09,-2.8e-09,1.1618633e-06,-9.796338e-07,8.649618e-18
0.030000336050198046,5.0,-5.0,0.3360502,0.0,0.31987703,2.422657e-07,-2.2570274,0.01571233,2.0,2.2267535,-0.015136793,-1.0365558,0.006815146,0.58750457,-0.0002398602,-4.9999895,-1.4,-5.977444e-13,7.4244366e-05,-0.00011363698,9.921438e-05,0.00022418905,0.00022418902,-0.00022199383,-0.00022199382,0.00010363159,2.9387222e-05,1.5208234e-05,-7.856044e-07,-0.0029430278,0.0030420632,-6.721004e-10,0.0,-9.921438e-05,2.8e-09,6.721004e-10,6.39754e-10,0.000506366,-0.00049116166,-1.5208872e-05,0.0,4.8453143e-16,0.0004995757,-0.0005003613,7.856044e-07,0.0,3.142466e-11,0.0003083519,-0.0006461597,0.00033783054,0.0,-3.0273586e-11,0.00072365865,-0.00027749824,-0.00044618285,0.0,1.3630292e-11,0.00035288473,-0.00067849964,0.0003256254,0.0,-4.797204e-13,0.0005510287,-0.00044740306,-0.00010363159,-4.5140545e-09,-2.8e-09,1.1620397e-06,-9.794508e-07,-8.0389693e-19
0.030000615942630805,5.0,-5.0,0.61594266,0.0,0.59955114,1.8845718e-07,-2.5356054,0.015986307,2.0,2.5039082,-0.015848527,-1.165862,0.007465837,0.5916815,-0.0002372462,-4.9999895,-1.4,-6.0191863e-13,8.696653e-05,-0.0001275796,9.920068e-05,0.0002519757,0.00025197567,-0.00024964422,-0.00024964422,0.00011656247,2.9595938e-05,2.917824e-05,-7.9930595e-07,-0.0029395223,0.0030385458,-1.2318853e-09,0.0,-9.920069e-05,2.8e-09,1.2318853e-09,1.1991023e-09,0.00051112124,-0.00048195026,-2.9179411e-05,0.0,3.7691436e-16,0.0004995689,-0.0005003681,7.9930265e-07,0.0,3.1972612e-11,0.0002814487,-0.00066098344,0.00037956028,0.0,-3.1697055e-11,0.00075147086,-0.00024987632,-0.0005016198,0.0,1.4931676e-11,0.0003366018,-0.0007027967,0.00036620666,0.0,-4.744924e-13,0.00055814843,-0.00044159192,-0.00011656246,-5.0712106e-09,-2.8e-09,1.1623218e-06,-9.791585e-07,-3.5790067e-17
0.030000670205219477,5.0,-5.0,0.67020524,0.0,0.6538848,1.7494975e-07,-2.589882,0.016000634,2.0,2.5582216,-0.015829932,-1.1914554,0.0074209054,0.59245175,-0.00022875014,-4.9999895,-1.4,-6.0268034e-13,8.9488625e-05,-0.00013029412,9.919997e-05,0.0002574052,0.00025740516,-0.00025508006,-0.00025508006,0.00011912266,2.9634024e-05,3.1894207e-05,-8.000229e-07,-0.0029386478,0.0030376713,-1.3404104e-09,0.0,-9.919998e-05,2.8e-09,1.3404104e-09,1.3077697e-09,0.00051188044,-0.00047999423,-3.1895448e-05,0.0,3.4989952e-16,0.00049956853,-0.00050036854,8.0001746e-07,0.0,3.2001266e-11,0.00027611476,-0.000663793,0.00038770435,0.0,-3.1659862e-11,0.0007569197,-0.00024446045,-0.00051248504,0.0,1.4841812e-11,0.00033343476,-0.00070762535,0.00037420262,0.0,-4.5750025e-13,0.00055956736,-0.0004404507,-0.00011912265,-5.1797633e-09,-2.8e-09,1.1623767e-06,-9.79102e-07,-1.227146e-17
0.03000078294964531,5.0,-5.0,0.7829496,0.0,0.7667675,-6.7751984e-08,-2.7022924,0.016118571,2.0,2.6698272,-0.016232459,-1.2436519,0.0075965133,0.5939162,-0.00022043794,-4.9999895,-1.4,-6.041366e-13,9.4636285e-05,-0.00013592055,9.9194076e-05,0.000268606,0.00026860597,-0.00026622307,-0.00026622307,0.00012434315,2.970683e-05,3.7532445e-05,-8.0593196e-07,-0.002936544,0.003035562,-1.5658993e-09,0.0,-9.9194076e-05,2.8e-09,1.5658993e-09,1.533535e-09,0.00051321316,-0.0004756901,-3.7533904e-05,0.0,-1.3550398e-16,0.00049956556,-0.0005003715,8.059287e-07,0.0,3.2237144e-11,0.00026494745,-0.000669452,0.00040453178,0.0,-3.246492e-11,0.0007681418,-0.00023333993,-0.00053482887,0.0,1.5193026e-11,0.0003270371,-0.00071759056,0.0003905661,0.0,-4.4087588e-13,0.0005624762,-0.00043813908,-0.00012434312,-5.4045852e-09,-2.8e-09,1.1624902e-06,-9.789857e-07,9.360349e-18
0.030001,5.0,-5.0,1.0,0.0,0.98393464,2.4126512e-09,-2.9192057,0.016182091,2.0,2.8868,-0.016202677,-1.3456583,0.007576629,0.5965503,-0.00020218591,-4.9999895,-1.4,-6.067525e-13,0.000104707986,-0.00014676938,9.91909e-05,0.0002903003,0.00029030026,-0.00028792233,-0.0002879223,0.00013454561,2.9837625e-05,4.8387625e-05,-8.091044e-07,-0.0029315853,0.0030306021,-2e-09,0.0,-9.91909e-05,2.8e-09,2e-09,1.9678692e-09,0.00051502994,-0.00046665422,-4.8389593e-05,0.0,4.8253027e-18,0.000499564,-0.0005003731,8.0910434e-07,0.0,3.236418e-11,0.00024295875,-0.0006800048,0.0004370755,0.0,-3.2405356e-11,0.0007898996,-0.00021170618,-0.0005782226,0.0,1.5153257e-11,0.00031476503,-0.00073721935,0.0004224679,0.0,-4.0437182e-13,0.0005682053,-0.00043366573,-0.00013454561,-5.838411e-09,-2.8e-09,1.1627086e-06,-9.787631e-07,1.8113376e-17
0.030001009047290004,5.0,-5.0,1.0,0.0,0.9890454,-5.3908275e-07,-2.9276567,0.015346891,2.0,2.895692,-0.015982162,-1.3498861,0.0075435983,0.59665406,-0.000201191,-4.9999895,-1.4,-6.068553e-13,0.00010512573,-0.00014715017,9.923265e-05,0.00029116747,0.00029116744,-0.00028881486,-0.00028881483,0.00013496849,2.9842764e-05,4.8684924e-05,-7.673715e-07,-0.0029313627,0.0030304214,-2e-09,0.0,-9.923269e-05,2.8e-09,2e-09,1.9780908e-09,0.00051506713,-0.00046639427,-4.868677e-05,0.0,-1.0781655e-15,0.0004995848,-0.0005003522,7.6733585e-07,0.0,3.0693784e-11,0.00024207194,-0.00068036583,0.0004383234,0.0,-3.1964324e-11,0.0007907687,-0.00021081575,-0.00057998224,0.0,1.5087195e-11,0.00031426348,-0.00073803315,0.0004237833,0.0,-4.02382e-13,0.00056844397,-0.00043348153,-0.00013496849,-5.855313e-09,-2.8e-09,1.1627171e-06,-9.787544e-07,-7.139337e-17
0.03000102714187001,5.0,-5.0,1.0,0.0,0.99518895,-1.4708843e-06,-2.942578,0.013152212,2.0,2.9125335,-0.015022153,-1.3581191,0.0073275426,0.59685755,-0.00019666119,-4.9999895,-1.4,-6.070542e-13,0.00010593954,-0.00014778652,9.934239e-05,0.0002927556,0.00029275558,-0.0002905206,-0.00029052058,0.00013579226,2.985271e-05,4.9101836e-05,-6.576841e-07,-0.0029309886,0.003030157,-2e-09,0.0,-9.9342375e-05,2.8e-09,2e-09,1.990378e-09,0.0005151426,-0.00046605265,-4.9103895e-05,0.0,-2.9417687e-15,0.0004996396,-0.0005002973,6.5770024e-07,0.0,2.6304424e-11,0.00024047664,-0.00068099506,0.00044054806,0.0,-3.0044304e-11,0.0007923641,-0.00020911734,-0.00058327615,0.0,1.4655084e-11,0.00031329377,-0.0007395928,0.00042631282,0.0,-3.933224e-13,0.00056890916,-0.0004331229,-0.00013579224,-5.8851564e-09,-2.8e-09,1.1627321e-06,-9.787391e-07,-5.612098e-17
0.030001063331030017,5.0,-5.0,1.0,0.0,0.9991133,-2.072896e-06,-2.9637558,0.008838762,2.0,2.9399204,-0.011917625,-1.3724823,0.0063130553,0.59722316,-0.0001748711,-4.9999895,-1.4,-6.073978e-13,0.00010736085,-0.00014862974,9.9558056e-05,0.00029518383,0.0002951838,-0.00029336073,-0.0002933607,0.00013723075,2.9869901e-05,4.951373e-05,-4.4204177e-07,-0.0029305003,0.003029884,-2e-09,0.0,-9.955794e-05,2.8e-09,2e-09,1.9982267e-09,0.00051526685,-0.0004657647,-4.9516228e-05,0.0,-4.145792e-15,0.00049974734,-0.0005001895,4.4216588e-07,0.0,1.7677524e-11,0.00023814179,-0.00068193174,0.00044381988,0.0,-2.383525e-11,0.0007948306,-0.00020631561,-0.00058854464,0.0,1.2626111e-11,0.00031162894,-0.0007422065,0.00043059146,0.0,-3.4974218e-13,0.0005697221,-0.00043249736,-0.00013723075,-5.927512e-09,-2.8e-09,1.1627535e-06,-9.787173e-07,-5.5786297e-18
0.03000113570935004,5.0,-5.0,1.0,0.0,1.0000107,-1.3608308e-06,-2.9848573,0.0037879483,2.0,2.9721901,-0.00633359,-1.3912759,0.003845922,0.597729,-0.00011420614,-4.9999895,-1.4,-6.0784277e-13,0.00010922401,-0.00014943226,9.9810604e-05,0.00029785238,0.00029785238,-0.00029683442,-0.0002968344,0.00013911616,2.9892162e-05,4.9811137e-05,-1.8946547e-07,-0.0029300663,0.0030297025,-2e-09,0.0,-9.981051e-05,2.8e-09,2e-09,2.0000215e-09,0.000515402,-0.00046560253,-4.9813538e-05,0.0,-2.7216615e-15,0.0004998736,-0.0005000632,1.8956197e-07,0.0,7.5758965e-12,0.0002357331,-0.0006829939,0.00044729095,0.0,-1.2667181e-11,0.00079761044,-0.00020295357,-0.0005946869,0.0,7.6918446e-12,0.00030949613,-0.00074543257,0.00043595055,0.0,-2.2841226e-13,0.0005707882,-0.00043167808,-0.00013911615,-5.9697145e-09,-2.8e-09,1.162775e-06,-9.786947e-07,-9.01289e-18
0.03000128046599008,5.0,-5.0,1.0,0.0,0.9999903,-2.3341089e-07,-2.9975612,0.00060720247,2.0,2.9950635,-0.0012488734,-1.4063325,0.0009165898,0.5981655,-3.08903e-05,-4.9999895,-1.4,-6.081961e-13,0.00011072034,-0.00014990842,9.996964e-05,0.00029963124,0.00029963124,-0.00029941468,-0.00029941468,0.00014063016,2.9909821e-05,4.9969156e-05,-3.0371794e-08,-0.0029298442,0.0030296396,-2e-09,0.0,-9.996963e-05,2.8e-09,2e-09,1.9999806e-09,0.00051548553,-0.0004655284,-4.9971208e-05,0.0,-4.668217e-16,0.00049995317,-0.00049998355,3.0382495e-08,0.0,1.214405e-12,0.00023423394,-0.0006837494,0.0004495457,0.0,-2.4977468e-12,0.0007995406,-0.00020052496,-0.00059904595,0.0,1.8331797e-12,0.00030782365,-0.00074785424,0.00044004482,0.0,-6.17806e-14,0.0005716446,-0.00043102045,-0.00014063015,-5.9951226e-09,-2.8e-09,1.1627883e-06,-9.786799e-07,5.6967544e-18
0.030001486484457968,5.0,-5.0,1.0,0.0,1.0000013,1.2255141e-08,-3.000081,-1.9897108e-05,2.0,3.000187,5.298519e-05,-1.410141,-3.6150373e-05,0.5982855,4.1971924e-07,-4.9999895,-1.4,-6.0828507e-13,0.00011109989,-0.00015000305,0.000100000994,0.0003000134,0.0003000134,-0.0003000223,-0.0003000223,0.00014101414,2.9914254e-05,5.0001065e-05,9.954682e-10,-0.0029298097,0.0030296363,-2e-09,0.0,-0.000100000994,2.8e-09,2e-09,2.0000028e-09,0.000515502,-0.00046551303,-5.0003062e-05,0.0,2.4510275e-17,0.0004999688,-0.00049996783,-9.954649e-10,0.0,-3.9794218e-14,0.00023392886,-0.00068392104,0.00045002246,0.0,1.05970374e-13,0.0007999771,-0.0001999717,-0.0006000357,0.0,-7.230075e-14,0.0003074083,-0.0007484305,0.00044103645,0.0,8.394384e-16,0.0005718617,-0.00043085363,-0.00014101414,-6.000162e-09,-2.8e-09,1.1627915e-06,-9.78675e-07,3.7367123e-17
0.030001756634112052,5.0,-5.0,1.0,0.0,0.99999684,-5.478862e-09,-2.999966,7.735553e-06,2.0,2.9999278,-1.9088604e-05,-1.4099526,9.098464e-06,0.5982801,-6.640746e-07,-4.9999895,-1.4,-6.0828073e-13,0.000111081165,-0.00014999868,9.999961e-05,0.0002999947,0.0002999947,-0.00029999187,-0.00029999187,0.00014099521,2.9914036e-05,4.9999457e-05,-3.8705159e-10,-0.0029298111,0.0030296366,-2e-09,0.0,-9.999961e-05,2.8e-09,2e-09,1.9999937e-09,0.0005155013,-0.0004655139,-5.0001454e-05,0.0,-1.0957726e-17,0.0004999681,-0.00049996853,3.8705983e-10,0.0,1.5471106e-14,0.00023394311,-0.0006839122,0.00044999935,0.0,-3.8177205e-14,0.000799956,-0.00019999976,-0.0005999865,0.0,1.8196929e-14,0.0003074289,-0.0007484017,0.00044098706,0.0,-1.3281494e-15,0.000571851,-0.00043086184,-0.00014099521,-5.9999317e-09,-2.8e-09,1.1627919e-06,-9.786729e-07,4.413865e-17
0.03000226316652712,5.0,-5.0,1.0,0.0,0.99999994,2.099539e-09,-2.9999912,2.1926307e-06,2.0,2.9999938,1.2549559e-06,-1.4099966,2.6158492e-07,0.5982811,-6.4997334e-07,-4.9999895,-1.4,-6.0828176e-13,0.000111085516,-0.00014999967,9.999989e-05,0.00029999926,0.00029999926,-0.00029999934,-0.00029999934,0.0001409996,2.9914087e-05,4.999989e-05,-1.0952656e-10,-0.002929811,0.0030296366,-2e-09,0.0,-9.999989e-05,2.8e-09,2e-09,2e-09,0.0005155014,-0.0004655136,-5.0001887e-05,0.0,4.1990753e-18,0.0004999683,-0.0004999684,1.0953249e-10,0.0,4.3852615e-15,0.00023393986,-0.00068391446,0.0004500049,0.0,2.509911e-15,0.0007999609,-0.00019999265,-0.00059999863,0.0,5.231705e-16,0.00030742405,-0.0007484087,0.00044099893,0.0,-1.2999468e-15,0.0005718535,-0.00043085992,-0.0001409996,-5.9999823e-09,-2.8e-09,1.1627925e-06,-9.786708e-07,2.4713104e-17
0.031999,5.0,-5.0,1.0,0.0,0.999999,-2.8081537e-11,-2.999987,3.0324336e-06,2.0,2.9999807,-3.0810193e-06,-1.4099889,1.4274744e-06,0.59828097,-6.027742e-07,-4.9999895,-1.4,-6.0828155e-13,0.000111084744,-0.0001499995,9.9999845e-05,0.00029999838,0.00029999838,-0.00029999792,-0.00029999792,0.00014099882,2.9914077e-05,4.99998e-05,-1.516231e-10,-0.002929811,0.0030296366,-2e-09,0.0,-9.9999845e-05,2.8e-09,2e-09,1.999998e-09,0.0005155014,-0.00046551367,-5.00018e-05,0.0,-5.6158946e-20,0.0004999683,-0.0004999684,1.516231e-10,0.0,6.0648677e-15,0.00023394045,-0.00068391406,0.0004500039,0.0,-6.1620385e-15,0.00079996,-0.00019999404,-0.0005999963,0.0,2.85495e-15,0.00030742493,-0.0007484074,0.00044099675,0.0,-1.2055483e-15,0.0005718531,-0.00043086027,-0.00014099882,-5.999974e-09,-2.8e-09,1.1627931e-06,-9.786686e-07,-3.6166295e-17
0.032,5.0,-5.0,1.0,0.0,0.9999846,-3.429999e-08,-2.99999,-1.380358e-06,2.0,2.999962,-1.40138945e-05,-1.4100035,-1.4534028e-05,0.5982823,3.7760566e-07,-4.9999895,-1.4,-6.082819e-13,0.000111086294,-0.00014999944,0.00010000007,0.0002999976,0.0002999976,-0.00029999766,-0.00029999766,0.00014100039,2.9914096e-05,4.99993e-05,6.73029e-11,-0.0029298114,0.0030296373,-2e-09,0.0,-0.00010000007,2.8e-09,2e-09,1.9999693e-09,0.0005155015,-0.00046551425,-5.00013e-05,0.0,-6.859998e-17,0.00049996836,-0.0004999683,-6.7302816e-11,0.0,-2.760716e-15,0.00023394033,-0.00068391307,0.00045000305,0.0,-2.8027788e-14,0.00079996075,-0.00019999579,-0.00059999526,0.0,-2.9068057e-14,0.00030742373,-0.0007484075,0.00044099806,0.0,7.5521135e-16,0.00057185395,-0.00043085957,-0.00014100039,-5.99998e-09,-2.8e-09,1.1627931e-06,-9.786686e-07,7.076325e-17
0.032000100000000004,5.0,-5.0,1.0,0.1,0.9999942,0.090155035,-3.061582,0.0071416907,2.0,3.049717,-0.0059326002,-1.4298522,0.0023909088,0.59867567,-5.302376e-05,-4.9999895,-1.4,-6.087274e-13,0.00011304284,-0.0001534362,9.9642915e-05,0.00030556496,0.00030556496,-0.0003047326,-0.0003047326,0.00014297993,2.9936435e-05,4.9642626e-05,4.1506673e-06,-0.0029296041,0.0030290736,-2e-09,-2e-10,-9.964284e-05,2.8e-09,2e-09,1.9999884e-09,0.0005153139,-0.00046568338,-4.9644557e-05,2e-10,1.8031007e-10,0.0005018866,-0.00049773784,-4.150027e-06,0.0,1.4283381e-11,0.00022779513,-0.00068676856,0.00045900434,0.0,-1.18652e-11,0.0008054461,-0.00019518315,-0.0006102938,0.0,4.7818177e-12,0.00030501897,-0.0007527145,0.00044771002,0.0,-1.06047515e-13,0.0005729807,-0.00043000747,-0.0001429792,-6.123164e-09,-2.8e-09,1.1628547e-06,-9.78607e-07,5.320221e-17
0.0320003,5.0,-5.0,1.0,0.3,0.9999994,0.28407276,-3.2261782,0.014473331,2.0,3.1991777,-0.013500107,-1.494896,0.005930214,0.5999888,-0.00013292469,-4.9999895,-1.4,-6.1012095e-13,0.00011946984,-0.00016203258,9.927633e-05,0.0003212678,0.00032126778,-0.00031932475,-0.00031932475,0.00014947631,3.0006086e-05,4.9276307e-05,1.3479971e-05,-0.0029277764,0.0030268808,-2e-09,-6e-10,-9.9276294e-05,2.8e-09,2e-09,1.9999988e-09,0.0005151214,-0.00046585716,-4.9278264e-05,6e-10,5.6814553e-10,0.0005056767,-0.00049220066,-1.3480043e-05,0.0,2.8946661e-11,0.00021068506,-0.0006939576,0.00048330508,0.0,-2.7000215e-11,0.00082104147,-0.00018048353,-0.00064059027,0.0,1.18604284e-11,0.00029739112,-0.0007661755,0.00046879955,0.0,-2.6584935e-13,0.00057669776,-0.00042722793,-0.00014947588,-6.4523564e-09,-2.8e-09,1.1630193e-06,-9.784424e-07,-2.9619048e-17
0.032000600000000004,5.0,-5.0,1.0,0.6,0.99999845,0.58431476,-3.52009,0.016055625,2.0,3.48697,-0.016559826,-1.6272458,0.007911582,0.6026653,-0.00017408638,-4.9999895,-1.4,-6.128394e-13,0.00013256518,-0.00017680728,9.919722e-05,0.00035035302,0.000350353,-0.00034790585,-0.00034790585,0.00016270718,3.0141971e-05,4.919714e-05,2.8412956e-05,-0.0029229657,0.0030219932,-2e-09,-1.2e-09,-9.919723e-05,2.8e-09,2e-09,1.999997e-09,0.0005150798,-0.00046589476,-4.919915e-05,1.2e-09,1.1686295e-09,0.0005108991,-0.00048249325,-2.8414095e-05,0.0,3.2111248e-11,0.00017919167,-0.0007063234,0.00052716734,0.0,-3.3119653e-11,0.0008501063,-0.00015188275,-0.0006982588,0.0,1.5823164e-11,0.00028222398,-0.0007928205,0.00051061297,0.0,-3.4817274e-13,0.0005843014,-0.00042160033,-0.00016270716,-7.04018e-09,-2.8e-09,1.1633132e-06,-9.781485e-07,-1.0647978e-16
0.032000655341680256,5.0,-5.0,1.0,0.6553417,0.9999986,0.63957226,-3.5756097,0.015990153,2.0,3.5428245,-0.016392421,-1.6536435,0.007812199,0.6031853,-0.00016908757,-4.9999895,-1.4,-6.1335437e-13,0.00013517967,-0.00017957999,9.920049e-05,0.00035592171,0.0003559217,-0.00035350124,-0.00035350124,0.00016534745,3.0167721e-05,4.9200422e-05,3.117911e-05,-0.002921834,0.003020865,-2e-09,-1.3106833e-09,-9.920051e-05,2.8e-09,2e-09,1.9999973e-09,0.00051508157,-0.0004658932,-4.920244e-05,1.3106833e-09,1.2791446e-09,0.000511696,-0.00048052473,-3.118029e-05,0.0,3.1980307e-11,0.00017311386,-0.0007085864,0.00053550873,0.0,-3.2784844e-11,0.000855695,-0.00014630811,-0.0007094227,0.0,1.56244e-11,0.00027925658,-0.0007980883,0.0005188485,0.0,-3.3817513e-13,0.00058582745,-0.00042048615,-0.00016534739,-7.151219e-09,-2.8e-09,1.1633687e-06,-9.780929e-07,-9.3346134e-17
0.03200076602504076,5.0,-5.0,1.0,0.76602507,0.9999989,0.7500824,-3.6848645,0.016304012,2.0,3.6525,-0.016182149,-1.7057322,0.0074440157,0.6041756,-0.00015189598,-4.9999895,-1.4,-6.1432744e-13,0.00014034155,-0.00018505842,9.91848e-05,0.00036686825,0.00036686822,-0.0003645056,-0.00036450557,0.00017055804,3.0216375e-05,4.9184746e-05,3.6688918e-05,-0.0029192858,0.0030183021,-2e-09,-1.53205e-09,-9.918482e-05,2.8e-09,2e-09,1.999998e-09,0.0005150733,-0.0004659006,-4.9186772e-05,1.53205e-09,1.5001647e-09,0.0005130234,-0.00047634373,-3.6690235e-05,0.0,3.2608024e-11,0.00016099816,-0.0007128946,0.00055193366,0.0,-3.2364295e-11,0.00086669857,-0.00013536222,-0.0007313733,0.0,1.4888032e-11,0.00027347496,-0.000808521,0.0005350632,0.0,-3.0379196e-13,0.00058885384,-0.00041830202,-0.00017055792,-7.3697293e-09,-2.8e-09,1.163478e-06,-9.779836e-07,-1.6944785e-17
0.03200086068625177,5.0,-5.0,1.0,0.86068624,0.999999,0.84462684,-3.7793276,0.016324393,2.0,3.746663,-0.016332086,-1.7498327,0.007550212,0.6049706,-0.00015038143,-4.9999895,-1.4,-6.1512096e-13,0.0001447122,-0.0001897826,9.918378e-05,0.00037629955,0.00037629952,-0.0003739113,-0.0003739113,0.00017496824,3.0256047e-05,4.918373e-05,4.141512e-05,-0.0029167847,0.0030158008,-2e-09,-1.7213725e-09,-9.918378e-05,2.8e-09,2e-09,1.999998e-09,0.0005150728,-0.0004659011,-4.9185728e-05,1.7213725e-09,1.6892536e-09,0.000513961,-0.0004725561,-4.1416824e-05,0.0,3.2648783e-11,0.0001503843,-0.00071643584,0.0005660897,0.0,-3.2664173e-11,0.00087615266,-0.00012597976,-0.00075021083,0.0,1.5100424e-11,0.0002686231,-0.0008174849,0.00054887956,0.0,-3.0076286e-13,0.0005914273,-0.0004164652,-0.00017496826,-7.558655e-09,-2.8e-09,1.1635724e-06,-9.778893e-07,-5.1048154e-17
0.03200095534746278,5.0,-5.0,1.0,0.9553475,0.999999,0.9392824,-3.8738446,0.016359037,2.0,3.841086,-0.01637924,-1.7941839,0.0075690374,0.60574806,-0.00014711096,-4.9999895,-1.4,-6.1589514e-13,0.0001491089,-0.00019451018,9.918205e-05,0.00038574653,0.0003857465,-0.0003833517,-0.00038335167,0.00017940367,3.0294757e-05,4.9182e-05,4.614617e-05,-0.0029140417,0.0030130567,-2e-09,-1.910695e-09,-9.918205e-05,2.8e-09,2e-09,1.999998e-09,0.00051507185,-0.00046590192,-4.9183996e-05,1.910695e-09,1.8785649e-09,0.00051472196,-0.00046858715,-4.614805e-05,0.0,3.2718078e-11,0.00013964159,-0.0007198669,0.0005802645,0.0,-3.2758483e-11,0.0008856267,-0.0001165674,-0.0007690982,0.0,1.5138075e-11,0.00026379057,-0.0008265278,0.00056275533,0.0,-2.942219e-13,0.00059402524,-0.00041462772,-0.00017940367,-7.74769e-09,-2.8e-09,1.1636669e-06,-9.777947e-07,-4.2217722e-19
0.032001,5.0,-5.0,1.0,1.0,0.999999,0.9839345,-3.9184258,0.01637678,2.0,3.8856304,-0.016397556,-1.8151194,0.0075692427,0.60610807,-0.00014533025,-4.9999895,-1.4,-6.1625336e-13,0.00015118474,-0.00019674013,9.918116e-05,0.00039020283,0.0003902028,-0.0003878061,-0.0003878061,0.00018149741,3.0312669e-05,4.918111e-05,4.837789e-05,-0.0029126704,0.0030116849,-2e-09,-2e-09,-9.918116e-05,2.8e-09,2e-09,1.999998e-09,0.0005150714,-0.00046590235,-4.9183112e-05,2e-09,1.967869e-09,0.0005150248,-0.00046665885,-4.8379854e-05,0.0,3.275356e-11,0.00013453556,-0.0007214467,0.0005869508,0.0,-3.2795114e-11,0.0008900965,-0.000112126894,-0.0007780089,0.0,1.5138486e-11,0.00026152364,-0.00083080877,0.0005693035,0.0,-2.906605e-13,0.0005952547,-0.00041376342,-0.00018149741,-7.836851e-09,-2.8e-09,1.1637115e-06,-9.777501e-07,1.6013158e-18
0.032001004465253724,5.0,-5.0,1.0,1.0,0.99999875,0.9871863,-3.922789,0.016098823,2.0,3.8900714,-0.0163587,-1.8172119,0.007565784,0.6061437,-0.00014515081,-4.9999895,-1.4,-6.162888e-13,0.00015139222,-0.0001969444,9.919506e-05,0.00039064305,0.00039064302,-0.00038825057,-0.00038825054,0.00018170667,3.031444e-05,4.9194998e-05,4.8554375e-05,-0.0029125207,0.0030115491,-2e-09,-2e-09,-9.9195066e-05,2.8e-09,2e-09,1.9999975e-09,0.0005150787,-0.00046589575,-4.9197006e-05,2e-09,1.9743727e-09,0.00051504193,-0.00046649956,-4.8556318e-05,0.0,3.2197647e-11,0.00013402381,-0.0007215794,0.0005875953,0.0,-3.2717398e-11,0.0008905368,-0.00011168262,-0.0007788936,0.0,1.5131568e-11,0.00026129783,-0.00083123666,0.0005699572,0.0,-2.903016e-13,0.00059537776,-0.0004136772,-0.00018170667,-7.845578e-09,-2.8e-09,1.1637159e-06,-9.777457e-07,1.8279676e-18
0.03200101339576117,5.0,-5.0,1.0,1.0,0.9999982,0.9919423,-3.9311085,0.0152078625,2.0,3.8988414,-0.016133351,-1.8213803,0.007534124,0.6062147,-0.00014458233,-4.9999895,-1.4,-6.163593e-13,0.0001518056,-0.0001973158,9.923961e-05,0.0003914975,0.00039149748,-0.00038913073,-0.0003891307,0.00018212356,3.0317964e-05,4.9239516e-05,4.8836722e-05,-0.0029122378,0.0030113105,-2e-09,-2e-09,-9.923961e-05,2.8e-09,2e-09,1.9999964e-09,0.0005151021,-0.00046587462,-4.924152e-05,2e-09,1.9838846e-09,0.00051507936,-0.00046625463,-4.8838687e-05,0.0,3.0415725e-11,0.00013303234,-0.00072181376,0.00058882113,0.0,-3.2266703e-11,0.0008913884,-0.00011079968,-0.0007806282,0.0,1.5068249e-11,0.00026084878,-0.0008320847,0.0005712543,0.0,-2.8916466e-13,0.0005956229,-0.00041350548,-0.00018212356,-7.862217e-09,-2.8e-09,1.1637242e-06,-9.777375e-07,2.495853e-18
0.03200103125677606,5.0,-5.0,1.0,1.0,0.9999972,0.9966563,-3.945382,0.012817709,2.0,3.9152856,-0.015048187,-1.8294644,0.0072923093,0.60635394,-0.00014139127,-4.9999895,-1.4,-6.164953e-13,0.00015260752,-0.00019790999,9.935912e-05,0.0003930334,0.00039303338,-0.0003907993,-0.0003907993,0.0001829323,3.0324765e-05,4.9358976e-05,4.919193e-05,-0.0029117633,0.0030109556,-2e-09,-2e-09,-9.9359095e-05,2.8e-09,2e-09,1.9999944e-09,0.00051516487,-0.00046581792,-4.9360955e-05,2e-09,1.9933126e-09,0.00051515555,-0.00046597558,-4.9193986e-05,0.0,2.5635417e-11,0.00013128744,-0.00072219886,0.0005909513,0.0,-3.0096377e-11,0.0008929105,-0.00010911749,-0.0007838327,0.0,1.4584618e-11,0.00025998233,-0.0008336954,0.0005737316,0.0,-2.8278253e-13,0.00059609883,-0.00041317265,-0.0001829323,-7.8907645e-09,-2.8e-09,1.1637385e-06,-9.777232e-07,3.4168955e-18
0.03200106697880584,5.0,-5.0,1.0,1.0,0.9999968,0.99937314,-3.965327,0.008510616,2.0,3.9417338,-0.011796526,-1.8434607,0.006227354,0.6066039,-0.00012542531,-4.9999895,-1.4,-6.1672927e-13,0.00015399701,-0.0001986919,9.957447e-05,0.00039535307,0.00039535304,-0.00039355067,-0.00039355064,0.00018433352,3.0336469e-05,4.9574308e-05,4.9543123e-05,-0.0029111314,0.0030105389,-2e-09,-2e-09,-9.957441e-05,2.8e-09,2e-09,1.9999935e-09,0.00051527796,-0.0004657157,-4.9576254e-05,2e-09,1.9987463e-09,0.0005152762,-0.000465745,-4.9545277e-05,0.0,1.7021232e-11,0.00012878314,-0.00072279584,0.00059405284,0.0,-2.3593051e-11,0.0008952102,-0.000106346706,-0.00078890345,0.0,1.2454707e-11,0.0002584962,-0.0008363615,0.00057788397,0.0,-2.5085064e-13,0.00059692387,-0.0004125965,-0.00018433348,-7.930654e-09,-2.8e-09,1.1637584e-06,-9.777033e-07,5.1190085e-18
0.032001138422865394,5.0,-5.0,1.0,1.0,0.9999977,1.0000119,-3.9852471,0.0036905808,2.0,3.97275,-0.0062484243,-1.861659,0.0037642636,0.60694987,-8.1681144e-05,-4.9999895,-1.4,-6.170313e-13,0.00015580608,-0.00019944689,9.981547e-05,0.00039789986,0.00039789983,-0.0003968986,-0.00039689857,0.00018615773,3.0351577e-05,4.9815353e-05,4.9816066e-05,-0.002910553,0.0030102017,-2e-09,-2e-09,-9.9815414e-05,2.8e-09,2e-09,1.9999953e-09,0.0005154045,-0.00046560128,-4.9817292e-05,2e-09,2.0000237e-09,0.00051540456,-0.00046560046,-4.9818165e-05,0.0,7.381162e-12,0.0001262233,-0.0007235374,0.00059735443,0.0,-1.2496849e-11,0.00089777313,-0.00010301555,-0.00079479784,0.0,7.528527e-12,0.00025658516,-0.00083962217,0.0005830559,0.0,-1.6336228e-13,0.0005979986,-0.00041184714,-0.00018615763,-7.9704945e-09,-2.8e-09,1.1637783e-06,-9.776833e-07,2.2500406e-17
0.03200128131098451,5.0,-5.0,1.0,1.0,0.9999988,0.9999962,-3.9978492,0.0005364658,2.0,3.995669,-0.0010901316,-1.8768138,0.0007827325,0.6072619,-1.9518948e-05,-4.9999895,-1.4,-6.172813e-13,0.00015731531,-0.00019991929,9.997318e-05,0.0003996759,0.0003996759,-0.0003994886,-0.0003994886,0.00018767943,3.0364072e-05,4.9973118e-05,4.997299e-05,-0.0029102394,0.003010046,-2e-09,-2e-09,-9.997316e-05,2.8e-09,2e-09,1.9999975e-09,0.0005154874,-0.00046552636,-4.99751e-05,2e-09,1.9999924e-09,0.0005154874,-0.00046552645,-4.997499e-05,0.0,1.0729316e-12,0.00012457251,-0.0007241351,0.000599603,0.0,-2.1802631e-12,0.0008996222,-0.00010049849,-0.00079916423,0.0,1.5654649e-12,0.0002550106,-0.0008421594,0.00058716786,0.0,-3.90379e-14,0.00059889554,-0.00041122234,-0.00018767938,-7.995698e-09,-2.8e-09,1.1637909e-06,-9.776708e-07,3.534945e-17
0.03200143096383918,5.0,-5.0,1.0,1.0,0.999999,1.0000012,-4.000083,-2.0762038e-05,2.0,4.000196,5.647854e-05,-1.8801448,-3.5780038e-05,0.60733616,6.179117e-08,-4.9999895,-1.4,-6.1733604e-13,0.00015764768,-0.00020000312,0.00010000104,0.00040001396,0.00040001396,-0.0004000232,-0.0004000232,0.00018801448,3.0366804e-05,5.000099e-05,5.0001094e-05,-0.0029101945,0.0030100287,-2e-09,-2e-09,-0.00010000104,2.8e-09,2e-09,1.999998e-09,0.00051550206,-0.00046551312,-5.000299e-05,2e-09,2.0000024e-09,0.00051550206,-0.000465513,-5.0003095e-05,0.0,-4.152408e-14,0.0001242762,-0.0007242608,0.00060002506,0.0,1.1295709e-13,0.00089999015,-9.999356e-05,-0.0008000372,0.0,-7.156008e-14,0.00025466722,-0.00084268587,0.00058803766,0.0,1.2358236e-16,0.0005990931,-0.00041108474,-0.00018801448,-8.000166e-09,-2.8e-09,1.1637932e-06,-9.776685e-07,3.0950157e-19
0.03200164916252931,5.0,-5.0,1.0,1.0,0.999999,0.999998,-3.999977,4.9642417e-06,2.0,3.9999585,-9.339175e-06,-1.8799766,2.6029209e-06,0.6073328,-5.283937e-07,-4.9999895,-1.4,-6.1733333e-13,0.00015763094,-0.00019999911,9.999975e-05,0.0003999968,0.0003999968,-0.00039999557,-0.00039999557,0.00018799762,3.0366667e-05,4.9999704e-05,4.999965e-05,-0.0029101965,0.0030100297,-2e-09,-2e-09,-9.999975e-05,2.8e-09,2e-09,1.999998e-09,0.00051550136,-0.00046551373,-5.00017e-05,2e-09,1.999996e-09,0.00051550136,-0.0004655138,-5.000165e-05,0.0,9.928483e-15,0.00012429041,-0.0007242538,0.00060000387,0.0,-1.8678354e-14,0.00089997204,-0.00010002026,-0.00079999235,0.0,5.2058425e-15,0.0002546846,-0.00084265874,0.0005879932,0.0,-1.0567872e-15,0.00059908314,-0.00041109163,-0.00018799762,-7.999954e-09,-2.8e-09,1.1637931e-06,-9.776686e-07,-3.526365e-18
0.035001,5.0,-5.0,1.0,1.0,0.999999,0.99999756,-3.9999824,3.5794983e-06,2.0,3.999973,-4.5966126e-06,-1.8799869,3.446563e-07,0.6073329,-5.871175e-07,-4.9999895,-1.4,-6.173335e-13,0.00015763195,-0.0001999993,9.999982e-05,0.00039999778,0.00039999778,-0.00039999728,-0.00039999728,0.00018799862,3.0366675e-05,4.999977e-05,4.99997e-05,-0.002910197,0.0030100301,-2e-09,-2e-09,-9.999982e-05,2.8e-09,2e-09,1.999998e-09,0.0005155014,-0.0004655137,-5.000177e-05,2e-09,1.999995e-09,0.0005155014,-0.00046551376,-5.00017e-05,0.0,7.158996e-15,0.0001242899,-0.00072425447,0.00060000503,0.0,-9.1932255e-15,0.0008999734,-0.00010001888,-0.00079999503,0.0,6.8931266e-16,0.00025468352,-0.0008426604,0.0005879959,0.0,-1.1742349e-15,0.0005990837,-0.00041109123,-0.00018799862,-7.999964e-09,-2.8e-09,1.1637931e-06,-9.776686e-07,3.3837272e-17
0.03500107718144159,5.0,-5.0,0.92281854,1.0,0.93242884,0.99999756,-3.9581513,-0.0064311526,2.0,3.968229,0.005038895,-1.867893,-0.0019219217,0.60716575,3.046088e-05,-4.9999895,-1.4,-6.1713514e-13,0.00015643578,-0.000197586,0.00010032156,0.00039631902,0.00039631902,-0.00039701513,-0.00039701513,0.00018679234,3.0356767e-05,4.6943e-05,5.0321436e-05,-0.0029114687,0.003011623,-1.8456371e-09,-2e-09,-0.0001003215,2.8e-09,1.8456371e-09,1.8648576e-09,0.00051514956,-0.00046821721,-4.694544e-05,2e-09,1.999995e-09,0.0005156705,-0.00046536117,-5.032338e-05,0.0,-1.2862305e-11,0.000128822,-0.00072269596,0.00059391407,0.0,1.007779e-11,0.0008962791,-0.000102984064,-0.00079333526,0.0,-3.8438436e-12,0.00025601286,-0.0008398021,0.00058380817,0.0,6.092176e-14,0.00059837115,-0.00041158474,-0.00018679253,-7.916302e-09,-2.8e-09,1.1637512e-06,-9.777104e-07,3.4126534e-17
0.03500123154432477,5.0,-5.0,0.7684557,1.0,0.78424567,0.99999815,-3.8381648,-0.01348013,2.0,3.8622818,0.012058416,-1.8227335,-0.005075534,0.6064555,8.9844114e-05,-4.9999895,-1.4,-6.163656e-13,0.0001519642,-0.00019123424,0.000100674006,0.00038502231,0.00038502234,-0.00038673574,-0.00038673577,0.00018228235,3.0318282e-05,3.988629e-05,5.0673916e-05,-0.0029147302,0.0030152358,-1.5369114e-09,-2e-09,-0.00010067397,2.8e-09,1.5369114e-09,1.5684912e-09,0.00051385484,-0.00047397756,-3.9888244e-05,2e-09,1.9999964e-09,0.0005158558,-0.00046519397,-5.0675877e-05,0.0,-2.696026e-11,0.00014213631,-0.00071836245,0.000576265,0.0,2.4116834e-11,0.00088502385,-0.00011330409,-0.00077175885,0.0,-1.01510675e-11,0.00026097585,-0.00082997594,0.0005690186,0.0,1.7968824e-13,0.0005957202,-0.00041344383,-0.00018228247,-7.67633e-09,-2.8e-09,1.1636313e-06,-9.778304e-07,3.4260084e-17
0.03500154027009115,5.0,-5.0,0.4597299,1.0,0.47566,0.99999905,-3.54089,-0.016307527,2.0,3.5740352,0.016572496,-1.6912285,-0.00777685,0.60419697,0.00015932527,-4.9999895,-1.4,-6.1403747e-13,0.00013893719,-0.00017622912,0.00010081538,0.00035574622,0.00035574628,-0.00035818122,-0.00035818122,0.00016913879,3.0201883e-05,2.4598376e-05,5.081533e-05,-0.0029217077,0.003022352,-9.1945984e-10,-2e-09,-0.00010081537,2.8e-09,9.1945984e-10,9.513199e-10,0.0005099146,-0.0004853218,-2.459944e-05,2e-09,1.9999982e-09,0.0005159301,-0.00046512685,-5.081732e-05,0.0,-3.2615056e-11,0.00017528306,-0.0007072301,0.00053198286,0.0,3.314499e-11,0.00085589354,-0.00014200136,-0.00071392837,0.0,-1.55537e-11,0.00027549005,-0.0008027937,0.00052732084,0.0,3.1865054e-13,0.00058803294,-0.00041889996,-0.00016913906,-7.0817796e-09,-2.8e-09,1.163334e-06,-9.781277e-07,3.4203075e-17
0.03500168359253858,5.0,-5.0,0.31640747,1.0,0.33281583,0.9999988,-3.3973184,-0.016125737,2.0,3.4292867,0.015984034,-1.6227463,-0.007470428,0.60293126,0.00016119253,-4.9999895,-1.4,-6.1276976e-13,0.00013215267,-0.00016905963,0.00010080628,0.00034133022,0.00034133025,-0.0003436757,-0.00034367573,0.00016229074,3.0138504e-05,1.7447079e-05,5.080623e-05,-0.0029244998,0.0030251339,-6.328149e-10,-2e-09,-0.000100806275,2.8e-09,6.328149e-10,6.6563166e-10,0.0005076212,-0.0004901779,-1.7447916e-05,2e-09,1.9999977e-09,0.00051592535,-0.0004651312,-5.0808212e-05,0.0,-3.2251472e-11,0.00019111966,-0.00070148264,0.0005103973,0.0,3.196807e-11,0.000841505,-0.00015653243,-0.0006850073,0.0,-1.4940856e-11,0.00028311514,-0.00078906637,0.0005059677,0.0,3.2238505e-13,0.0005840502,-0.00042176514,-0.00016229115,-6.7946364e-09,-2.8e-09,1.1631904e-06,-9.782713e-07,3.4074544e-17
0.03500171335510514,5.0,-5.0,0.2866449,1.0,0.30302644,0.9999988,-3.3676474,-0.016155342,2.0,3.3995051,0.015928697,-1.6086341,-0.007392297,0.60265726,0.00016011002,-4.9999895,-1.4,-6.124969e-13,0.00013075484,-0.0001675746,0.00010080777,0.00033835758,0.00033835764,-0.00034068973,-0.00034068973,0.00016087943,3.0124856e-05,1.595909e-05,5.0807706e-05,-0.0029249704,0.0030256058,-5.732898e-10,-2e-09,-0.00010080775,2.8e-09,5.732898e-10,6.0605293e-10,0.00050706737,-0.0004911118,-1.5959824e-05,2e-09,1.9999977e-09,0.0005159261,-0.0004651305,-5.0809693e-05,0.0,-3.2310682e-11,0.00019433795,-0.0007002433,0.0005059394,0.0,3.185739e-11,0.00083853526,-0.00015952144,-0.0006790483,0.0,-1.4784594e-11,0.00028470677,-0.0007862604,0.00050157,0.0,3.2022006e-13,0.00058323366,-0.00042236008,-0.00016087969,-6.7352945e-09,-2.8e-09,1.1631607e-06,-9.783009e-07,4.8322843e-17
0.03500177288023825,5.0,-5.0,0.22711976,1.0,0.24318591,0.9999989,-3.308163,-0.016244343,2.0,3.3405094,0.016173067,-1.5810481,-0.007488849,0.6021098,0.00016343582,-4.9999895,-1.4,-6.1194637e-13,0.00012802385,-0.00016459593,0.00010081222,0.00033243358,0.0003324336,-0.0003347998,-0.00033479984,0.00015812115,3.0097317e-05,1.2971513e-05,5.0812167e-05,-0.0029257918,0.0030264314,-4.5423953e-10,-2e-09,-0.00010081221,2.8e-09,4.5423953e-10,4.8637183e-10,0.000505858,-0.0004928893,-1.2972033e-05,2e-09,1.999998e-09,0.00051592843,-0.00046512837,-5.081416e-05,0.0,-3.2488685e-11,0.00020071815,-0.0006977209,0.0004970362,0.0,3.2346133e-11,0.0008326286,-0.00016542892,-0.0006672335,0.0,-1.4977698e-11,0.00028785196,-0.00078075693,0.00049292104,0.0,3.2687164e-13,0.00058164366,-0.0004235286,-0.00015812115,-6.6163257e-09,-2.8e-09,1.1631013e-06,-9.783604e-07,6.234244e-17
0.03500189193050448,5.0,-5.0,0.108069494,1.0,0.124128856,0.999999,-3.1890247,-0.016224025,2.0,3.221553,0.016264072,-1.5252774,-0.0075832317,0.6009732,0.00017248715,-4.9999895,-1.4,-6.108007e-13,0.00012250496,-0.00015864003,0.0001008112,0.00032052887,0.0003205289,-0.00032291363,-0.00032291363,0.00015254499,3.0040035e-05,7.017644e-06,5.081115e-05,-0.0029272146,0.0030278522,-2.16139e-10,-2e-09,-0.0001008112,2.8e-09,2.16139e-10,2.4825772e-10,0.0005032684,-0.0004962522,-7.017905e-06,2e-09,1.999998e-09,0.00051592797,-0.00046512883,-5.081315e-05,0.0,-3.244805e-11,0.00021339743,-0.0006925405,0.0004791753,0.0,3.2528143e-11,0.00082076166,-0.00017735169,-0.0006434426,0.0,-1.5166464e-11,0.00029425634,-0.0007696996,0.00047545868,0.0,3.4497432e-13,0.0005784399,-0.00042590097,-0.00015254499,-6.378049e-09,-2.8e-09,1.1629821e-06,-9.784795e-07,-1.3216041e-17
0.035002,5.0,-5.0,7.346346e-13,1.0,0.016057406,0.999999,-3.0808916,-0.016208623,2.0,3.113379,0.016243502,-1.4744275,-0.0075777965,0.5999071,0.00017899298,-4.9999895,-1.4,-6.097281e-13,0.00011747425,-0.00015323414,0.00010081043,0.0003097135,0.00030971353,-0.00031209565,-0.00031209568,0.00014746065,2.9986406e-05,1.6133014e-06,5.081038e-05,-0.0029283161,0.003028952,-1.4690728e-21,-2e-09,-0.00010081043,2.8e-09,1.4690728e-21,3.211481e-11,0.0005007724,-0.0004991593,-1.613334e-06,2e-09,1.999998e-09,0.00051592756,-0.0004651292,-5.081238e-05,0.0,-3.2417246e-11,0.00022481631,-0.000687739,0.00046295382,0.0,3.2487003e-11,0.0008099757,-0.00018819803,-0.0006218092,0.0,-1.5155592e-11,0.00030013386,-0.0007596753,0.00045955635,0.0,3.5798594e-13,0.0005755274,-0.00042807276,-0.00014746065,-6.161783e-09,-2.8e-09,1.162874e-06,-9.785877e-07,-5.7739695e-17
0.03500201080694955,5.0,-5.0,0.0,1.0,0.010444621,0.99999964,-3.07099,-0.015136311,2.0,3.102828,0.015918765,-1.4693911,-0.0075251586,0.599797,0.00017907088,-4.9999895,-1.4,-6.0961793e-13,0.00011697614,-0.0001527927,0.00010075681,0.00030869088,0.0003086909,-0.0003110353,-0.0003110353,0.00014695703,2.9980898e-05,1.2790466e-06,5.07568e-05,-0.0029284647,0.003029047,-4.896909e-22,-2e-09,-0.00010075677,2.8e-09,4.896909e-22,2.0889242e-11,0.0005006066,-0.0004993275,-1.2792458e-06,2e-09,1.9999993e-09,0.00051589933,-0.00046515462,-5.0758754e-05,0.0,-3.027262e-11,0.00022587847,-0.0006873373,0.00046148986,0.0,3.183753e-11,0.0008089578,-0.0001892629,-0.0006197263,0.0,-1.5050317e-11,0.0003007196,-0.0007586971,0.00045799237,0.0,3.5814174e-13,0.00057524,-0.00042828903,-0.00014695703,-6.1419803e-09,-2.8e-09,1.1628641e-06,-9.785975e-07,-1.4708375e-18
0.03500203242084865,5.0,-5.0,0.0,1.0,0.00406509,1.0000006,-3.0540018,-0.0124838725,2.0,3.0832329,0.0146154985,-1.4597106,-0.007204737,0.59958047,0.0001757661,-4.9999895,-1.4,-6.094047e-13,0.0001160184,-0.0001520759,0.000100624195,0.00030686174,0.00030686177,-0.00030904377,-0.0003090438,0.00014598863,2.9970235e-05,8.2744816e-07,5.062423e-05,-0.0029287653,0.003029215,0.0,-2e-09,-0.000100624165,2.8e-09,0.0,8.13018e-12,0.00050038187,-0.0004995543,-8.2756503e-07,2e-09,2.0000013e-09,0.0005158296,-0.00046521745,-5.06262e-05,0.0,-2.4967745e-11,0.00022773175,-0.0006866447,0.00045894383,0.0,2.9230996e-11,0.0008071314,-0.00019125704,-0.00061590556,0.0,-1.44094745e-11,0.0003018398,-0.00075685745,0.00045503242,0.0,3.5153217e-13,0.00057468796,-0.00042870536,-0.00014598864,-6.1080034e-09,-2.8e-09,1.1628471e-06,-9.786146e-07,2.5018777e-17
0.03500207564864686,5.0,-5.0,0.0,1.0,0.0004982936,1.000001,-3.031405,-0.007726368,2.0,3.053101,0.010847794,-1.4436026,-0.005880989,0.5991983,0.00015267999,-4.9999895,-1.4,-6.090456e-13,0.000114423245,-0.00015118394,0.000100386314,0.0003042253,0.0003042253,-0.0003058982,-0.0003058982,0.00014437552,2.995228e-05,4.1123312e-07,5.038637e-05,-0.002929219,0.0030294312,0.0,-2e-09,-0.00010038632,2.8e-09,0.0,9.965873e-13,0.000500174,-0.00049976277,-4.1122553e-07,2e-09,2.0000022e-09,0.00051570457,-0.00046533026,-5.0388375e-05,0.0,-1.5452736e-11,0.0002302652,-0.00068564987,0.00045541528,0.0,2.1695588e-11,0.0008044622,-0.00019436955,-0.0006101235,0.0,-1.17619785e-11,0.0003036807,-0.0007539398,0.0004502737,0.0,3.0535999e-13,0.00057376974,-0.00042940027,-0.00014437552,-6.0628103e-09,-2.8e-09,1.1628244e-06,-9.786372e-07,1.9841217e-17
0.03500216210424328,5.0,-5.0,0.0,1.0,-4.1868054e-05,1.0000001,-3.011243,-0.002821164,2.0,3.0211859,0.004971348,-1.4245595,-0.003130692,0.5987055,9.014883e-05,-4.9999895,-1.4,-6.086153e-13,0.000112534195,-0.00015042108,0.00010014106,0.00030162145,0.00030162145,-0.00030243164,-0.00030243167,0.00014246495,2.9930765e-05,1.3896481e-07,5.014106e-05,-0.0029296235,0.0030295902,0.0,-2e-09,-0.00010014106,2.8e-09,0.0,-8.373611e-14,0.0005000378,-0.00049989886,-1.3896472e-07,2e-09,2.0000002e-09,0.00051557564,-0.00046544665,-5.0143062e-05,0.0,-5.642328e-12,0.00023259655,-0.0006846147,0.00045204855,0.0,9.942697e-12,0.00080174586,-0.00019772333,-0.0006040531,0.0,-6.2613838e-12,0.00030582052,-0.00075070275,0.0004448966,0.0,1.8029766e-13,0.0005726842,-0.00043022534,-0.00014246495,-6.022486e-09,-2.8e-09,1.1628043e-06,-9.786573e-07,7.70073e-18
0.035002335015436106,5.0,-5.0,0.0,1.0,5.8202836e-06,0.9999991,-3.0010815,-0.00026911986,2.0,3.0022473,0.0005830035,-1.4117252,-0.00045498298,0.5983367,1.5044527e-05,-4.9999895,-1.4,-6.0832166e-13,0.000111257934,-0.0001500406,0.00010001346,0.00030016643,0.00030016643,-0.00030027024,-0.00030027024,0.00014117401,2.9916082e-05,1.3747009e-08,5.001341e-05,-0.002929797,0.003029636,0.0,-2e-09,-0.00010001346,2.8e-09,0.0,1.16405654e-14,0.0004999752,-0.0004999615,-1.374702e-08,2e-09,1.9999982e-09,0.0005155086,-0.00046550724,-5.001541e-05,0.0,-5.3823975e-13,0.00023380731,-0.0006839901,0.00045021306,0.0,1.1660071e-12,0.00080015446,-0.0001997481,-0.0006004367,0.0,-9.099659e-13,0.00030723642,-0.0007486664,0.00044144425,0.0,3.0089057e-14,0.0005719522,-0.00043078425,-0.00014117401,-6.0021628e-09,-2.8e-09,1.1627942e-06,-9.786675e-07,3.2510218e-18
0.03500254634868709,5.0,-5.0,0.0,1.0,-4.3798314e-06,0.999999,-2.99984,3.863441e-05,2.0,2.9996502,-9.4871044e-05,-1.4097211,7.785019e-05,0.59827214,-3.2032754e-06,-4.9999895,-1.4,-6.0827537e-13,0.000111058034,-0.00014999394,9.999807e-05,0.00029997452,0.00029997452,-0.00029995726,-0.00029995726,0.0001409718,2.9913768e-05,-2.1507118e-09,4.9998016e-05,-0.0029298123,0.003029636,0.0,-2e-09,-9.999807e-05,2.8e-09,0.0,-8.759661e-15,0.0004999673,-0.0004999694,2.1507152e-09,2e-09,1.999998e-09,0.0005155005,-0.00046551455,-5.0000017e-05,0.0,7.726882e-14,0.00023395862,-0.00068390276,0.00044997444,0.0,-1.897421e-13,0.00079993164,-0.00020003018,-0.00059993175,0.0,1.5570039e-13,0.00030745377,-0.00074836856,0.00044092906,0.0,-6.4065506e-15,0.00057183777,-0.000430872,-0.00014097181,-5.9996803e-09,-2.8e-09,1.162793e-06,-9.786687e-07,2.1044625e-17
0.035002855758988094,5.0,-5.0,0.0,1.0,3.1636107e-06,0.999999,-3.0000172,-3.7715606e-06,2.0,3.0000606,2.1714399e-05,-1.4100578,-1.9958263e-05,0.5982833,5.7806364e-08,-4.9999895,-1.4,-6.0828317e-13,0.000111091635,-0.00015000068,0.00010000019,0.00030000389,0.00030000389,-0.00030000808,-0.00030000808,0.00014100579,2.9914161e-05,3.4675862e-10,5.0000137e-05,-0.002929811,0.0030296368,0.0,-2e-09,-0.00010000019,2.8e-09,0.0,6.3272243e-15,0.00049996853,-0.0004999682,-3.467718e-10,2e-09,1.999998e-09,0.0005155016,-0.00046551353,-5.0002138e-05,0.0,-7.5431215e-15,0.00023393655,-0.00068391685,0.0004500106,0.0,4.3428802e-14,0.0007999668,-0.00019998518,-0.00060001196,0.0,-3.991653e-14,0.00030741753,-0.0007484171,0.00044101386,0.0,1.1561273e-16,0.000571857,-0.00043085724,-0.0001410058,-6.0000342e-09,-2.8e-09,1.1627931e-06,-9.786685e-07,2.466387e-17
0.035003474579590105,5.0,-5.0,0.0,1.0,-1.3178973e-06,0.999999,-2.9999802,4.355944e-06,2.0,2.9999607,-9.774998e-06,-1.4099709,7.218808e-06,0.59828043,-7.647806e-07,-4.9999895,-1.4,-6.082811e-13,0.00011108296,-0.00014999924,9.999978e-05,0.00029999705,0.00029999705,-0.00029999536,-0.00029999536,0.00014099701,2.991406e-05,-2.8369207e-10,4.999973e-05,-0.002929811,0.0030296363,0.0,-2e-09,-9.999978e-05,2.8e-09,0.0,-2.6357948e-15,0.0004999682,-0.0004999685,2.8370065e-10,2e-09,1.999998e-09,0.00051550136,-0.0004655137,-5.000173e-05,0.0,8.711889e-15,0.00023394132,-0.0006839133,0.0004500023,0.0,-1.9549995e-14,0.00079995836,-0.00019999627,-0.0005999924,0.0,1.4437612e-14,0.00030742682,-0.0007484049,0.00044099236,0.0,-1.5295612e-15,0.000571852,-0.00043086105,-0.00014099703,-5.9999605e-09,-2.8e-09,1.1627931e-06,-9.786686e-07,-1.1129378e-17
0.0370010006056865,5.0,-5.0,0.0,0.9993943,-6.8130644e-06,0.9999865,-2.999989,-2.3528419e-06,2.0,2.9999769,-6.1153964e-06,-1.4099904,-9.1701645e-07,0.59828126,-3.6332113e-07,-4.9999895,-1.4,-6.082816e-13,0.00011108493,-0.00014999934,0.00010000012,0.0002999983,0.0002999983,-0.00029999777,-0.00029999777,0.000140999,2.991408e-05,-2.2301112e-10,4.9999442e-05,-0.002929809,0.003029635,0.0,-1.9987887e-09,-0.00010000012,2.8e-09,0.0,-1.3626129e-14,0.00049996824,-0.0004999685,2.2302477e-10,1.9987887e-09,1.9999729e-09,0.00051549973,-0.00046551236,-5.0001443e-05,0.0,-4.705684e-15,0.00023394021,-0.00068391353,0.00045000363,0.0,-1.2230793e-14,0.00079996017,-0.00019999444,-0.00059999607,0.0,-1.834033e-15,0.0003074248,-0.0007484073,0.00044099678,0.0,-7.266423e-16,0.00057185313,-0.00043086018,-0.000140999,-5.9999783e-09,-2.8e-09,1.1627931e-06,-9.786686e-07,3.2979581e-18
0.037001002422856914,5.0,-5.0,0.0,0.99757713,-6.1440214e-06,0.99979275,-2.999985,-4.960549e-05,2.0,2.999977,-3.997843e-06,-1.4099902,-6.8574866e-07,0.5982812,-3.824781e-07,-4.9999895,-1.4,-6.082816e-13,0.000111084904,-0.00014999678,0.00010000248,0.00029999812,0.00029999812,-0.00029999777,-0.00029999777,0.00014099898,2.991408e-05,2.1730733e-09,4.999212e-05,-0.0029298046,0.0030296328,0.0,-1.9951543e-09,-0.00010000248,2.8e-09,0.0,-1.22880425e-14,0.00049996946,-0.00049996725,-2.1730597e-09,1.9951543e-09,1.9995854e-09,0.00051549467,-0.00046551463,-4.9994116e-05,0.0,-9.921098e-14,0.00023393979,-0.0006839104,0.0004500009,0.0,-7.995687e-15,0.00079995993,-0.00019999439,-0.00059999584,0.0,-1.3714973e-15,0.0003074248,-0.0007484073,0.00044099675,0.0,-7.649562e-16,0.00057185313,-0.0004308602,-0.00014099898,-5.9999703e-09,-2.8e-09,1.1627931e-06,-9.786686e-07,1.7149558e-17
0.0370010048457508,5.0,-5.0,0.0,0.99515426,-5.4542547e-06,0.9992207,-2.9999592,-0.00018594794,2.0,2.9999754,8.21184e-06,-1.4099898,-9.279013e-07,0.5982812,-4.0383335e-07,-4.9999895,-1.4,-6.082816e-13,0.00011108487,-0.00014998866,0.0001000093,0.00029999673,0.00029999673,-0.00029999763,-0.00029999763,0.00014099895,2.991408e-05,9.024684e-09,4.997034e-05,-0.002929801,0.003029636,0.0,-1.9903086e-09,-0.000100009296,2.8e-09,0.0,-1.09085096e-14,0.00049997284,-0.0004999639,-9.024623e-09,1.9903086e-09,1.9984414e-09,0.000515489,-0.00046553076,-4.9972336e-05,0.0,-3.7189587e-13,0.00023393982,-0.0006839009,0.0004499914,0.0,1.6423681e-14,0.00079995836,-0.00019999433,-0.0005999944,0.0,-1.8558026e-15,0.00030742487,-0.0007484072,0.00044099658,0.0,-8.076667e-16,0.00057185313,-0.0004308602,-0.00014099895,-5.9999183e-09,-2.8e-09,1.1627931e-06,-9.786686e-07,-1.5198947e-17
0.03700100969153857,5.0,-5.0,0.0,0.99030846,-4.5373667e-06,0.9972549,-2.999783,-0.00063315657,2.0,2.9999511,8.410849e-05,-1.4099874,-7.03385e-06,0.59828115,-4.040593e-07,-4.9999895,-1.4,-6.0828155e-13,0.00011108462,-0.00014995749,0.00010003166,0.0002999867,0.0002999867,-0.00029999582,-0.00029999582,0.0001409987,2.9914076e-05,3.143096e-08,4.9894403e-05,-0.0029298014,0.0030296587,0.0,-1.980617e-09,-0.000100031655,2.8e-09,0.0,-9.074733e-15,0.0004999841,-0.00049995264,-3.1429757e-08,1.980617e-09,1.99451e-09,0.0005154801,-0.00046559772,-4.98964e-05,0.0,-1.2663132e-12,0.00023394833,-0.00068386825,0.00044995022,0.0,1.6821698e-13,0.0007999476,-0.00019999538,-0.00059998257,0.0,-1.4067701e-14,0.0003074254,-0.00074840564,0.0004409945,0.0,-8.0811867e-16,0.000571853,-0.00043086032,-0.0001409987,-5.999566e-09,-2.8e-09,1.1627928e-06,-9.786688e-07,-1.3508058e-18
0.03700101938311411,5.0,-5.0,0.0,0.98061687,-3.6403833e-06,0.99121684,-2.9987383,-0.0018812498,2.0,2.9996848,0.000473265,-1.409949,-6.6028704e-05,0.5982808,1.223265e-07,-4.9999895,-1.4,-6.082807e-13,0.00011108087,-0.00014984285,0.00010009406,0.00029992114,0.00029992114,-0.00029997507,-0.00029997507,0.0001409949,2.9914032e-05,9.3880466e-08,4.9654904e-05,-0.002929831,0.0030297507,0.0,-1.9612338e-09,-0.00010009405,2.8e-09,0.0,-7.2807666e-15,0.00050001533,-0.0004999214,-9.38672e-08,1.9612338e-09,1.9824338e-09,0.00051546504,-0.00046582203,-4.9656934e-05,0.0,-3.7625e-12,0.00023402473,-0.00068376446,0.00044977004,0.0,9.4653e-13,0.0007998802,-0.00020001427,-0.00059989624,0.0,-1.3205741e-13,0.00030743206,-0.00074838777,0.00044097,0.0,2.44653e-16,0.0005718508,-0.00043086195,-0.0001409949,-5.9974763e-09,-2.8e-09,1.1627918e-06,-9.786698e-07,2.8362898e-17
0.0370010387662652,5.0,-5.0,0.0,0.96123374,-2.9798239e-06,0.9751574,-2.9936223,-0.0046169464,2.0,2.9975183,0.0019478821,-1.4094634,-0.0004285002,0.59827495,5.3543686e-06,-4.9999895,-1.4,-6.082696e-13,0.000111033405,-0.00014945026,0.00010023085,0.00029955702,0.00029955705,-0.00029979466,-0.00029979466,0.00014094688,2.991348e-05,2.3069833e-07,4.8988717e-05,-0.002929986,0.0030300422,0.0,-1.9224675e-09,-0.00010023079,2.8e-09,0.0,-5.959648e-15,0.00050008367,-0.00049985305,-2.3064358e-07,1.9224675e-09,1.9503148e-09,0.00051542465,-0.00046644747,-4.899088e-05,0.0,-9.233893e-12,0.00023446885,-0.00068345206,0.00044901346,0.0,3.8957644e-12,0.0007995203,-0.00020019879,-0.0005993518,0.0,-8.570004e-13,0.00030750223,-0.00074822956,0.0004407416,0.0,1.0708737e-14,0.00057182345,-0.00043088262,-0.00014094688,-5.9872445e-09,-2.8e-09,1.1627867e-06,-9.78675e-07,4.240014e-17
0.037001077532567365,5.0,-5.0,0.0,0.9224674,-2.2254362e-06,0.9381711,-2.9738278,-0.008914673,2.0,2.9851148,0.005643386,-1.4055781,-0.0017511658,0.59821165,3.1260264e-05,-4.9999895,-1.4,-6.0818017e-13,0.000110652036,-0.00014824566,0.00010044573,0.00029794715,0.00029794715,-0.0002986866,-0.0002986866,0.00014056094,2.990902e-05,4.456224e-07,4.735429e-05,-0.0029305392,0.0030308103,0.0,-1.8449349e-09,-0.0001004457,2.8e-09,0.0,-4.4508727e-15,0.0005001912,-0.0004997456,-4.455878e-07,1.8449349e-09,1.8763422e-09,0.0005152724,-0.0004679289,-4.7356607e-05,0.0,-1.7829346e-11,0.00023634426,-0.0006825138,0.00044619964,0.0,1.1286772e-11,0.00079795637,-0.00020135198,-0.0005966346,0.0,-3.5023317e-12,0.00030800834,-0.00074724207,0.00043924793,0.0,6.2520525e-14,0.0005716041,-0.00043104912,-0.00014056104,-5.9476557e-09,-2.8e-09,1.1627669e-06,-9.786947e-07,8.141271e-17
0.0370011550651717,5.0,-5.0,0.0,0.8449348,-1.0647617e-06,0.86100197,-2.9140751,-0.013268401,2.0,2.9363105,0.011117641,-1.3864865,-0.004367751,0.59782684,9.640275e-05,-4.9999895,-1.4,-6.077298e-13,0.000108772074,-0.00014504034,0.00010066342,0.00029251928,0.00029251928,-0.00029406784,-0.00029406784,0.0001386583,2.988652e-05,6.633668e-07,4.371352e-05,-0.0029320181,0.0030325064,0.0,-1.6898697e-09,-0.000100663536,2.8e-09,0.0,-2.1295234e-15,0.0005003002,-0.00049963675,-6.634815e-07,1.6898697e-09,1.722004e-09,0.00051473634,-0.0004710327,-4.371568e-05,0.0,-2.6536802e-11,0.00024226328,-0.00067980116,0.0004375673,0.0,2.2235283e-11,0.0007926591,-0.00020609975,-0.0005865891,0.0,-8.735502e-12,0.00031037047,-0.00074308354,0.00043272716,0.0,1.928055e-13,0.0005705262,-0.00043187366,-0.00013865856,-5.8281504e-09,-2.8e-09,1.1627071e-06,-9.787545e-07,5.6877276e-17
0.037001310130380376,5.0,-5.0,0.0,0.68986964,-1.5554564e-07,0.7059259,-2.7689183,-0.015747987,2.0,2.799589,0.0153352255,-1.3259995,-0.0069337673,0.59641504,0.00018014642,-4.9999895,-1.4,-6.062345e-13,0.00010280639,-0.00013765851,0.0001007874,0.00027842534,0.0002784254,-0.00028065228,-0.0002806523,0.00013261798,2.9811745e-05,7.873915e-07,3.6083693e-05,-0.002935068,0.0030356785,0.0,-1.3797392e-09,-0.000100787496,2.8e-09,0.0,-3.1109127e-16,0.00050036225,-0.00049957476,-7.8748735e-07,1.3797392e-09,1.4118517e-09,0.00051312,-0.00047704464,-3.6085254e-05,0.0,-3.1495972e-11,0.00025684055,-0.00067290297,0.00041609042,0.0,3.0670452e-11,0.00077873847,-0.00021968802,-0.00055907876,0.0,-1.3867535e-11,0.00031772352,-0.00073098094,0.00041327084,0.0,3.6029285e-13,0.00056712056,-0.00043450843,-0.00013261812,-5.537837e-09,-2.8e-09,1.1625621e-06,-9.788996e-07,-6.074804e-17
0.03700154160351065,5.0,-5.0,0.0,0.4583965,2.2063904e-09,0.47445595,-2.539115,-0.016164565,2.0,2.5715086,0.016196739,-1.219766,-0.0075897165,0.59366906,0.00022349808,-4.9999895,-1.4,-6.034454e-13,9.232669e-05,-0.00012614751,0.000100808225,0.00025553117,0.0002555312,-0.00025790982,-0.00025790985,0.00012199895,2.9672276e-05,8.0822844e-07,2.4531026e-05,-0.0029390352,0.0030396648,0.0,-9.16793e-10,-0.000100808225,2.8e-09,0.0,4.412781e-18,0.00050037267,-0.0004995644,-8.082286e-07,9.16793e-10,9.48912e-10,0.0005099487,-0.00048542334,-2.4531975e-05,0.0,-3.2329132e-11,0.0002797768,-0.0006614349,0.00038168376,0.0,3.239348e-11,0.00075594586,-0.00024253085,-0.00051344105,0.0,-1.5179432e-11,0.0003306603,-0.00071055675,0.00037990883,0.0,4.4699615e-13,0.0005611686,-0.0004391756,-0.00012199896,-5.07823e-09,-2.8e-09,1.1623322e-06,-9.791295e-07,-6.2739155e-17
0.037002,5.0,-5.0,0.0,7.346346e-13,7.821185e-10,0.01606024,-2.0805888,-0.016131992,2.0,2.1129029,0.01615685,-1.0042038,-0.007577803,0.5870268,0.00028215128,-4.9999895,-1.4,-5.967446e-13,7.111137e-05,-0.00010322285,0.0001008066,0.00020967457,0.0002096746,-0.00021204806,-0.00021204808,0.0001004486,2.933723e-05,8.065996e-07,1.6096116e-06,-0.0029435265,0.0030441512,0.0,-1.4690728e-21,-0.0001008066,2.8e-09,0.0,1.5642366e-18,0.0005003718,-0.0004995652,-8.065996e-07,1.4690728e-21,3.212048e-11,0.0005007705,-0.0004991611,-1.6096436e-06,0.0,-3.2263983e-11,0.0003240322,-0.00063691277,0.00031290157,0.0,3.2313704e-11,0.000710219,-0.0002885177,-0.00042172268,0.0,-1.5155606e-11,0.00035770691,-0.0006701934,0.00031249668,0.0,5.643025e-13,0.000549264,-0.00044882135,-0.0001004486,-4.1611776e-09,-2.8e-09,1.161873e-06,-9.795903e-07,1.1192249e-16
0.03700200736824766,5.0,-5.0,0.0,0.0,4.3680012e-07,0.011523006,-2.073576,-0.015513011,2.0,2.1056097,0.016016638,-1.0007495,-0.0075597186,0.58690375,0.0002830988,-4.9999895,-1.4,-5.966206e-13,7.077222e-05,-0.000102903155,0.00010077565,0.00020895927,0.0002089593,-0.00021131695,-0.00021131695,0.00010010325,2.9331033e-05,7.756724e-07,1.3518008e-06,-0.0029435882,0.003044182,0.0,-4.896909e-22,-0.00010077562,2.8e-09,0.0,8.7360024e-16,0.0005003563,-0.0004995807,-7.756471e-07,4.896909e-22,2.3046011e-11,0.00050064275,-0.000499291,-1.351914e-06,0.0,-3.1026022e-11,0.0003246975,-0.0006365432,0.00031186664,0.0,3.2033275e-11,0.000709504,-0.00028924906,-0.00042027628,0.0,-1.5119437e-11,0.00035815017,-0.0006695602,0.0003114202,0.0,5.661976e-13,0.0005490755,-0.00044897816,-0.00010010325,-4.147152e-09,-2.8e-09,1.161866e-06,-9.795975e-07,2.4283834e-17
0.037002022104742974,5.0,-5.0,0.0,0.0,1.2873968e-06,0.0057153273,-2.0608435,-0.013781584,2.0,2.0915565,0.015356403,-0.99395156,-0.0074284556,0.5866578,0.0002831529,-4.9999895,-1.4,-5.963747e-13,7.010473e-05,-0.00010235309,0.00010068908,0.00020761999,0.00020762002,-0.0002098985,-0.00020989851,9.9423465e-05,2.9318735e-05,6.891436e-07,9.748455e-07,-0.0029437293,0.0030442365,0.0,0.0,-0.00010068906,2.8e-09,0.0,2.5747936e-15,0.00050031306,-0.0004996239,-6.8912607e-07,0.0,1.1430654e-11,0.0005004553,-0.00049948046,-9.749211e-07,0.0,-2.7563167e-11,0.00032591948,-0.0006358759,0.00030997724,0.0,3.0712807e-11,0.0007081568,-0.00029065937,-0.00041751855,0.0,-1.485691e-11,0.00035901816,-0.00066833006,0.000309322,0.0,5.6630585e-13,0.00054870464,-0.00044928706,-9.9423465e-05,-4.121687e-09,-2.8e-09,1.1618531e-06,-9.796107e-07,-5.78473e-17
0.0370020515777336,5.0,-5.0,0.0,0.0,2.0686916e-06,0.0014242529,-2.0415506,-0.010030982,2.0,2.0674555,0.012952355,-0.9815726,-0.0067131864,0.5861885,0.00026889474,-4.9999895,-1.4,-5.959196e-13,6.888817e-05,-0.000101575984,0.00010050155,0.0002054503,0.00020545033,-0.00020741689,-0.0002074169,9.818415e-05,2.929598e-05,5.0165255e-07,5.7276173e-07,-0.0029439915,0.0030443112,0.0,0.0,-0.000100501544,2.8e-09,0.0,4.1373833e-15,0.0005002193,-0.0004997176,-5.01652e-07,0.0,2.8485057e-12,0.0005002547,-0.000499682,-5.727681e-07,0.0,-2.0061964e-11,0.00032781842,-0.0006348282,0.00030703036,0.0,2.5904709e-11,0.0007059325,-0.00029308614,-0.0004128672,0.0,-1.3426373e-11,0.0003605753,-0.0006661664,0.00030560105,0.0,5.377895e-13,0.00054802943,-0.0004498512,-9.818415e-05,-4.0831014e-09,-2.8e-09,1.1618336e-06,-9.796313e-07,-6.651181e-17
0.03700211052371485,5.0,-5.0,0.0,0.0,1.6677376e-06,3.607533e-05,-2.0200453,-0.00500182,2.0,2.0358622,0.0079084225,-0.9636715,-0.0046368884,0.5854514,0.00020411478,-4.9999895,-1.4,-5.952473e-13,6.71252e-05,-0.00010075217,0.000100250094,0.00020279536,0.00020279539,-0.00020404991,-0.00020404992,9.6387565e-05,2.9262364e-05,2.5017442e-07,2.518948e-07,-0.0029443048,0.0030443731,0.0,0.0,-0.000100250094,2.8e-09,0.0,3.3354754e-15,0.0005000935,-0.00049984327,-2.5017442e-07,0.0,7.215065e-14,0.0005000943,-0.00049984246,-2.5189485e-07,0.0,-1.0003641e-11,0.00033001386,-0.00063354505,0.00030355158,0.0,1.5816844e-11,0.00070311484,-0.0002962901,-0.0004068453,0.0,-9.273777e-12,0.00036277386,-0.0006632016,0.0003004375,0.0,4.0822955e-13,0.0005470528,-0.00045067116,-9.6387565e-05,-4.0400905e-09,-2.8e-09,1.1618112e-06,-9.796559e-07,-1.119594e-17
0.03700222841567735,5.0,-5.0,0.0,0.0,5.0412643e-07,-5.2225464e-06,-2.0050383,-0.0012607193,2.0,2.0099702,0.002465922,-0.9472038,-0.0017128291,0.58470184,8.6311426e-05,-4.9999895,-1.4,-5.9461556e-13,6.5498236e-05,-0.000100188874,0.00010006304,0.00020075041,0.00020075042,-0.0002011683,-0.0002011683,9.472902e-05,2.9230778e-05,6.306117e-08,6.277484e-08,-0.00294451,0.0030443915,0.0,0.0,-0.00010006304,2.8e-09,0.0,1.0082529e-15,0.0004999999,-0.0004999368,-6.306117e-08,0.0,-1.0445091e-14,0.00049999973,-0.000499937,-6.277483e-08,0.0,-2.5214386e-12,0.00033160983,-0.0006325329,0.0003009433,0.0,4.931844e-12,0.00070084195,-0.00029894355,-0.00040191872,0.0,-3.4256582e-12,0.00036474352,-0.0006606312,0.0002958973,0.0,1.7262285e-13,0.00054615334,-0.0004514302,-9.472902e-05,-4.0100763e-09,-2.8e-09,1.1617944e-06,-9.796775e-07,1.32891355e-17
0.03700246419960236,5.0,-5.0,0.0,0.0,4.36087e-09,7.906196e-07,-2.0000842,-2.0838384e-05,2.0,2.0001833,4.9545477e-05,-0.94015944,-4.9869483e-05,0.5843433,2.922376e-06,-4.9999895,-1.4,-5.9434033e-13,6.479922e-05,-0.00010000317,0.00010000104,0.00020001337,0.00020001337,-0.0002000233,-0.0002000233,9.4016235e-05,2.921702e-05,1.0421373e-09,1.0814503e-09,-0.002944566,0.0030443855,0.0,0.0,-0.00010000104,2.8e-09,0.0,8.72173e-18,0.0004999689,-0.00049996783,-1.042132e-09,0.0,1.5812394e-15,0.0004999689,-0.0004999678,-1.0814464e-09,0.0,-4.1676772e-14,0.00033215742,-0.0006321578,0.00030002053,0.0,9.9090956e-14,0.00069997704,-0.00029996055,-0.0004000367,0.0,-9.973897e-14,0.00036556437,-0.00065959437,0.00029403955,0.0,5.8447522e-15,0.0005457677,-0.0004517574,-9.4016235e-05,-4.000168e-09,-2.8e-09,1.1617865e-06,-9.796937e-07,-2.554666e-17
0.03700274221645637,5.0,-5.0,0.0,0.0,2.5716342e-09,-1.0770638e-06,-1.999959,9.97443e-06,2.0,1.9999125,-2.3289818e-05,-0.9399163,2.8946659e-05,0.584328,-2.8000964e-06,-4.9999895,-1.4,-5.943306e-13,6.477482e-05,-9.999845e-05,9.99995e-05,0.00019999358,0.00019999358,-0.00019998835,-0.00019998835,9.399135e-05,2.921654e-05,-4.9859294e-10,-5.5257476e-10,-0.0029445668,0.0030443848,0.0,0.0,-9.99995e-05,2.8e-09,0.0,5.1432606e-18,0.0004999681,-0.0004999686,4.986044e-10,0.0,-2.1541268e-15,0.00049996807,-0.00049996865,5.5258853e-10,0.0,1.9948863e-14,0.00033217165,-0.0006321475,0.00029999603,0.0,-4.657963e-14,0.0006999514,-0.0002999896,-0.00039998192,0.0,5.7893326e-14,0.00036559158,-0.0006595618,0.0002939797,0.0,-5.6001922e-15,0.00054575433,-0.00045176886,-9.3991344e-05,-3.999918e-09,-2.8e-09,1.1617839e-06,-9.79703e-07,-7.741617e-17
0.037003265744397384,5.0,-5.0,0.0,0.0,-1.8665567e-09,4.9114334e-07,-1.9999992,3.392189e-07,2.0,2.000006,3.3927147e-06,-0.94001436,-7.8691255e-06,0.5843349,1.4761174e-07,-4.9999895,-1.4,-5.943346e-13,6.478472e-05,-9.9999976e-05,9.999998e-05,0.00020000026,0.00020000026,-0.00020000138,-0.00020000138,9.400145e-05,2.9216739e-05,-1.705426e-11,7.596211e-12,-0.0029445668,0.003044385,0.0,0.0,-9.999998e-05,2.8e-09,0.0,-3.733117e-18,0.00049996836,-0.00049996836,1.7061833e-11,0.0,9.82288e-16,0.00049996836,-0.00049996836,-7.589818e-12,0.0,6.7843787e-16,0.00033216696,-0.00063215103,0.00030000423,0.0,6.7854297e-15,0.00069996074,-0.0002999793,-0.00040000162,0.0,-1.5738243e-14,0.00036558087,-0.0006595742,0.00029400282,0.0,2.9522346e-16,0.00054575974,-0.0004517642,-9.400145e-05,-3.9999986e-09,-2.8e-09,1.1617816e-06,-9.797121e-07,-7.6634214e-17
0.03700640691204346,5.0,-5.0,0.0,0.0,-4.4899195e-10,1.04512615e-07,-1.9999928,1.8149166e-06,2.0,1.9999903,-1.2286127e-06,-0.9399963,-5.5160854e-07,0.5843334,-4.6077085e-07,-4.9999895,-1.4,-5.943338e-13,6.4782886e-05,-9.9999736e-05,9.999991e-05,0.00019999917,0.00019999917,-0.0001999991,-0.0001999991,9.399959e-05,2.9216695e-05,-9.0768275e-11,-8.5520174e-11,-0.0029445668,0.003044385,0.0,0.0,-9.999991e-05,2.8e-09,0.0,-8.979785e-19,0.0004999683,-0.0004999684,9.076836e-11,0.0,2.0902571e-16,0.0004999683,-0.0004999684,8.552009e-11,0.0,3.629833e-15,0.00033216772,-0.00063215045,0.0003000029,0.0,-2.457228e-15,0.0006999591,-0.00029998104,-0.00039999824,0.0,-1.1032164e-15,0.00036558282,-0.00065957196,0.00029399866,0.0,-9.215417e-16,0.00054575875,-0.00045176505,-9.399959e-05,-3.9999857e-09,-2.8e-09,1.1617791e-06,-9.79721e-07,-1.5726932e-18
0.039951546182829124,5.0,-5.0,0.0,0.0,1.04136554e-10,-2.2653845e-08,-1.9999918,2.0387695e-06,2.0,1.9999876,-2.1356652e-06,-0.93999237,1.2119781e-06,0.58433306,-6.118985e-07,-4.9999895,-1.4,-5.9433366e-13,6.478249e-05,-9.999969e-05,9.99999e-05,0.00019999896,0.00019999896,-0.00019999863,-0.00019999863,9.399917e-05,2.9216684e-05,-1.0193327e-10,-1.0307117e-10,-0.0029445668,0.003044385,0.0,0.0,-9.99999e-05,2.8e-09,0.0,2.0827415e-19,0.0004999683,-0.0004999684,1.0193327e-10,0.0,-4.5308074e-17,0.0004999683,-0.0004999684,1.0307121e-10,0.0,4.0775387e-15,0.00033216784,-0.00063215033,0.00030000266,0.0,-4.2713297e-15,0.00069995876,-0.00029998136,-0.0003999976,0.0,2.4239576e-15,0.00036558323,-0.0006595715,0.00029399781,0.0,-1.223797e-15,0.0005457585,-0.00045176526,-9.399917e-05,-3.9999835e-09,-2.8e-09,1.1617791e-06,-9.797212e-07,-7.582463e-18
0.039999,5.0,-5.0,0.0,0.0,7.709903e-10,-1.6161424e-07,-1.9999919,1.9943218e-06,2.0,1.9999872,-2.3255022e-06,-0.93999106,2.0040718e-06,0.58433294,-6.788018e-07,-4.9999895,-1.4,-5.943336e-13,6.4782354e-05,-9.999969e-05,9.99999e-05,0.00019999895,0.00019999895,-0.00019999853,-0.00019999853,9.3999035e-05,2.921668e-05,-9.967755e-11,-1.0779682e-10,-0.0029445668,0.003044385,0.0,0.0,-9.99999e-05,2.8e-09,0.0,1.5419809e-18,0.0004999683,-0.0004999684,9.9677544e-11,0.0,-3.2322894e-16,0.0004999683,-0.0004999684,1.0779713e-10,0.0,3.988644e-15,0.00033216784,-0.00063215033,0.00030000263,0.0,-4.6510046e-15,0.0006999587,-0.00029998142,-0.00039999746,0.0,4.008146e-15,0.00036558337,-0.0006595714,0.00029399755,0.0,-1.3576037e-15,0.00054575846,-0.0004517653,-9.3999035e-05,-3.999984e-09,-2.8e-09,1.1617791e-06,-9.797212e-07,1.9778777e-17
0.04,5.0,-5.0,0.0,0.0,2.2836176e-08,-5.1993775e-06,-1.9999931,4.3915523e-07,2.0,1.9999799,-6.611131e-06,-0.9399631,1.8653436e-05,0.5843307,-1.7940974e-06,-4.9999895,-1.4,-5.9433247e-13,6.477951e-05,-9.999968e-05,9.9999976e-05,0.00019999864,0.00019999864,-0.00019999612,-0.00019999612,9.399613e-05,2.9216624e-05,-2.0815953e-11,-2.8192665e-10,-0.0029445663,0.0030443848,0.0,0.0,-9.9999976e-05,2.8e-09,0.0,4.567235e-17,0.00049996836,-0.00049996836,2.081591e-11,0.0,-1.0398755e-14,0.0004999682,-0.0004999685,2.81937e-10,0.0,8.783105e-16,0.00033216787,-0.00063215004,0.0003000023,0.0,-1.3222262e-14,0.0006999572,-0.00029998264,-0.00039999475,0.0,3.7306875e-14,0.00036558608,-0.0006595688,0.00029399226,0.0,-3.588195e-15,0.0005457569,-0.00045176665,-9.399613e-05,-3.999986e-09,-2.8e-09,1.1617791e-06,-9.797212e-07,3.801611e-17
0.040000100000000004,5.0,-5.0,0.1,0.0,0.09015506,-1.2718974e-06,-2.0616748,0.0071197012,2.0,2.0498471,-0.0059137163,-0.9598879,0.0024083226,0.58499813,-8.6320826e-05,-4.9999895,-1.4,-5.9508095e-13,6.672548e-05,-0.00010343972,9.9644014e-05,0.0002055761,0.00020557609,-0.00020474389,-0.00020474388,9.598016e-05,2.925422e-05,4.151768e-06,-3.5604864e-07,-0.002944511,0.003043974,-2e-10,0.0,-9.9643956e-05,2.8e-09,2e-10,1.8031011e-10,0.0005018872,-0.0004977373,-4.1511425e-06,0.0,-2.543795e-15,0.00049979036,-0.0005001465,3.5610364e-07,0.0,1.4239402e-11,0.00032660563,-0.00063560205,0.00030901717,0.0,-1.1827432e-11,0.0007053463,-0.0002950505,-0.00041031645,0.0,4.8166458e-12,0.00036288248,-0.0006635945,0.00030072176,0.0,-1.7264165e-13,0.0005468372,-0.00045086362,-9.597953e-05,-4.123349e-09,-2.8e-09,1.1618423e-06,-9.796549e-07,1.1965717e-17
0.0400003,5.0,-5.0,0.3,0.0,0.28407276,4.7347802e-07,-2.2264402,0.01440811,2.0,2.1995559,-0.01344205,-1.0250648,0.005936338,0.5871478,-0.00020755496,-4.9999895,-1.4,-5.973532e-13,7.3117684e-05,-0.00011204241,9.92796e-05,0.00022129982,0.0002212998,-0.00021936194,-0.00021936193,0.00010248572,2.9367764e-05,1.3483232e-05,-7.203818e-07,-0.0029432783,0.0030423787,-6e-10,0.0,-9.927956e-05,2.8e-09,6e-10,5.6814553e-10,0.00050567836,-0.0004921991,-1.3483313e-05,0.0,9.46956e-16,0.0004996083,-0.0005003287,7.2041445e-07,0.0,2.881622e-11,0.00031120854,-0.0006445311,0.000333345,0.0,-2.6884097e-11,0.0007208302,-0.0002801928,-0.0004406596,0.0,1.18726765e-11,0.00035439114,-0.00067622704,0.00032184628,0.0,-4.151099e-13,0.00055039977,-0.00044792035,-0.00010248534,-4.4528803e-09,-2.8e-09,1.1620095e-06,-9.794802e-07,-1.2606074e-17
0.040000600000000004,5.0,-5.0,0.6,0.0,0.5838888,-1.9281742e-08,-2.5183897,0.016374588,2.0,2.4855692,-0.016410159,-1.1569484,0.0076659624,0.5912188,-0.00024655636,-4.9999895,-1.4,-6.014654e-13,8.609692e-05,-0.00012673822,9.918127e-05,0.00025019795,0.00025019792,-0.0002477903,-0.0002477903,0.00011567019,2.9573268e-05,2.837571e-05,-8.187303e-07,-0.0029391996,0.0030382038,-1.2e-09,0.0,-9.918127e-05,2.8e-09,1.2e-09,1.1677777e-09,0.0005103893,-0.00048202064,-2.8376877e-05,0.0,-3.8563468e-17,0.00049955916,-0.0005003779,8.1873026e-07,0.0,3.2749175e-11,0.00028288164,-0.00065979746,0.0003769412,0.0,-3.282032e-11,0.0007496755,-0.00025171234,-0.00049798825,0.0,1.5331925e-11,0.0003378467,-0.0007012955,0.00036346048,0.0,-4.9311277e-13,0.000557685,-0.00044202074,-0.000115670184,-5.0367794e-09,-2.8e-09,1.1623048e-06,-9.791755e-07,2.449642e-17
0.040001,5.0,-5.0,1.0,0.0,0.9828354,8.3330673e-07,-2.9181204,0.016178815,2.0,2.8872535,-0.015433215,-1.3466953,0.007016236,0.5965999,-0.00017846574,-4.9999895,-1.4,-6.0677835e-13,0.00010481276,-0.00014671496,9.919106e-05,0.0002902687,0.00029026868,-0.00028802373,-0.00028802373,0.00013465168,2.9838917e-05,4.8332833e-05,-8.08899e-07,-0.0029316319,0.003030649,-2e-09,0.0,-9.919106e-05,2.8e-09,2e-09,1.965671e-09,0.0005150267,-0.0004667057,-4.8334798e-05,0.0,1.6666135e-15,0.00049956405,-0.00050037296,8.08899e-07,0.0,3.2357627e-11,0.0002430499,-0.00068001,0.0004369895,0.0,-3.0866427e-11,0.0007899013,-0.00021163803,-0.0005782924,0.0,1.4032472e-11,0.00031466252,-0.0007373243,0.0004226754,0.0,-3.569315e-13,0.0005682647,-0.00043361902,-0.00013465168,-5.836241e-09,-2.8e-09,1.1627079e-06,-9.787627e-07,-7.278342e-18
0.04000104,5.0,-5.0,1.0,0.0,0.9922132,-6.4615807e-07,-2.944275,0.011984295,2.0,2.9180532,-0.0131107485,-1.3621268,0.0063660806,0.5969815,-0.00016836733,-4.9999895,-1.4,-6.0714964e-13,0.00010633802,-0.00014781296,9.9400786e-05,0.0002931164,0.0002931164,-0.00029116872,-0.0002911687,0.00013619584,2.9857492e-05,4.9011447e-05,-5.992471e-07,-0.0029309914,0.0030302184,-2e-09,0.0,-9.94009e-05,2.8e-09,2e-09,1.9844266e-09,0.00051516434,-0.00046616618,-4.9012095e-05,0.0,-1.2923162e-15,0.0004996689,-0.000500268,5.9912566e-07,0.0,2.396859e-11,0.00024023218,-0.0006811351,0.0004409326,0.0,-2.6221497e-11,0.00079277094,-0.00020851789,-0.0005842825,0.0,1.2732162e-11,0.0003128556,-0.000740205,0.00042736315,0.0,-3.3673465e-13,0.0005691368,-0.00043294733,-0.00013619551,-5.8885496e-09,-2.8e-09,1.1627343e-06,-9.787359e-07,-4.823069e-17
0.04000112,5.0,-5.0,1.0,0.0,0.9992148,-1.3468841e-06,-2.976152,0.0057653403,2.0,2.9601502,-0.008000798,-1.3848143,0.0043920004,0.5975658,-0.00012384747,-4.9999895,-1.4,-6.076895e-13,0.00010858434,-0.00014909587,9.971173e-05,0.00029681512,0.00029681512,-0.00029557582,-0.0002955758,0.00013846904,2.9884483e-05,4.967248e-05,-2.8833435e-07,-0.0029302603,0.003029798,-2e-09,0.0,-9.971182e-05,2.8e-09,2e-09,1.9984299e-09,0.0005153478,-0.00046568827,-4.9673585e-05,0.0,-2.6937683e-15,0.00049982424,-0.00050011254,2.8825343e-07,0.0,1.1530681e-11,0.00023670902,-0.00068259414,0.00044591515,0.0,-1.6001596e-11,0.00079655333,-0.00020419406,-0.0005923892,0.0,8.7840004e-12,0.00031024107,-0.00074427103,0.00043404393,0.0,-2.4769493e-13,0.00057042204,-0.00043195926,-0.00013846882,-5.9523035e-09,-2.8e-09,1.1627665e-06,-9.787027e-07,-3.109585e-17
0.04000128,5.0,-5.0,1.0,0.0,1.000147,-4.1978873e-07,-2.9967191,0.0008568491,2.0,2.9931242,-0.0017974521,-1.4049326,0.0012488173,0.5981229,-4.0165425e-05,-4.9999895,-1.4,-6.0816304e-13,0.000110581095,-0.0001498788,9.995716e-05,0.00029949218,0.00029949218,-0.00029918755,-0.00029918755,0.00014048924,2.9908153e-05,4.996451e-05,-4.286344e-08,-0.0029298542,0.003029637,-2e-09,0.0,-9.995716e-05,2.8e-09,2e-09,2.0002942e-09,0.00051547936,-0.00046552691,-4.996651e-05,0.0,-8.3957747e-16,0.00049994694,-0.0004999898,4.286344e-08,0.0,1.7136981e-12,0.0002343394,-0.0006836861,0.00044937697,0.0,-3.5949045e-12,0.00079938374,-0.00020073427,-0.0005986797,0.0,2.4976345e-12,0.00030797708,-0.0007476396,0.00043967678,0.0,-8.033085e-14,0.00057156495,-0.00043108175,-0.00014048924,-5.9934386e-09,-2.8e-09,1.1627876e-06,-9.786799e-07,2.1094656e-17
0.04000152293652777,5.0,-5.0,1.0,0.0,0.9999693,3.9994703e-08,-3.0001745,-5.1246596e-05,2.0,3.0004046,0.00011516721,-1.4102889,-6.717396e-05,0.5982896,1.119355e-06,-4.9999895,-1.4,-6.082885e-13,0.00011111458,-0.00015000616,0.00010000256,0.00030002894,0.00030002894,-0.0003000472,-0.0003000472,0.00014102901,2.9914425e-05,5.000103e-05,2.56433e-09,-0.0029298086,0.0030296366,-2e-09,0.0,-0.00010000256,2.8e-09,2e-09,1.9999387e-09,0.00051550276,-0.00046551376,-5.0003047e-05,0.0,7.998944e-17,0.00049996964,-0.0004999671,-2.5608742e-09,0.0,-1.0249321e-13,0.00023391703,-0.00068392785,0.00045004112,0.0,2.303344e-13,0.00079999404,-0.00019994822,-0.00060007616,0.0,-1.3434792e-13,0.000307392,-0.00074845395,0.0004410762,0.0,2.2387104e-15,0.0005718701,-0.00043084717,-0.00014102901,-6.000349e-09,-2.8e-09,1.1627918e-06,-9.786739e-07,4.447543e-17
0.04000178614812194,5.0,-5.0,1.0,0.0,1.0000525,-3.6166803e-08,-2.9998949,3.9391416e-05,2.0,2.99977,-6.238123e-05,-1.4098711,1.4153618e-05,0.5982785,-3.4349551e-07,-4.9999895,-1.4,-6.0827884e-13,0.00011107313,-0.00014999672,9.999803e-05,0.00029998325,0.00029998325,-0.0002999756,-0.0002999756,0.00014098709,2.9913945e-05,5.0000654e-05,-1.971379e-09,-0.0029298125,0.003029636,-2e-09,0.0,-9.9998026e-05,2.8e-09,2e-09,2.000105e-09,0.0005155006,-0.00046551198,-5.000267e-05,0.0,-7.2333596e-17,0.00049996737,-0.00049996935,1.976323e-09,0.0,7.8782846e-14,0.00023395213,-0.0006839078,0.00044998596,0.0,-1.2476246e-13,0.00079994486,-0.00020001638,-0.0005999588,0.0,2.8307238e-14,0.0003074383,-0.0007483867,0.00044096264,0.0,-6.869914e-16,0.0005718464,-0.00043086533,-0.00014098707,-5.99979e-09,-2.8e-09,1.162792e-06,-9.786723e-07,4.8126523e-17
0.040002238205355437,5.0,-5.0,1.0,0.0,0.9999699,1.4728702e-08,-3.0000143,-1.1056659e-05,2.0,3.00004,1.294089e-05,-1.410011,5.2465425e-06,0.598281,-1.0243134e-06,-4.9999895,-1.4,-6.0828203e-13,0.00011108689,-0.00015000015,0.00010000056,0.00030000272,0.00030000272,-0.00030000348,-0.00030000348,0.00014100102,2.9914103e-05,4.999905e-05,5.535699e-10,-0.0029298104,0.0030296366,-2e-09,0.0,-0.00010000055,2.8e-09,2e-09,1.99994e-09,0.0005155017,-0.00046551472,-5.000104e-05,0.0,2.945741e-17,0.00049996865,-0.00049996807,-5.5366484e-10,0.0,-2.2113325e-14,0.00023393698,-0.0006839155,0.00045000884,0.0,2.588178e-14,0.0007999637,-0.00019998793,-0.00060000614,0.0,1.0493085e-14,0.0003074222,-0.0007484124,0.00044100446,0.0,-2.0486273e-15,0.0005718543,-0.00043085933,-0.00014100099,-6.0000285e-09,-2.8e-09,1.1627926e-06,-9.786706e-07,5.5704487e-17
0.040003142319822424,5.0,-5.0,1.0,0.0,1.0000119,-5.6559677e-09,-2.9999776,8.619478e-06,2.0,2.9999619,-7.905527e-06,-1.4099841,-1.505466e-06,0.598281,-3.9448688e-07,-4.9999895,-1.4,-6.0828144e-13,0.000111084315,-0.00014999931,9.999957e-05,0.00029999696,0.00029999696,-0.00029999632,-0.00029999632,0.00014099838,2.9914074e-05,5.000017e-05,-4.3125636e-10,-0.0029298111,0.0030296366,-2e-09,0.0,-9.999957e-05,2.8e-09,2e-09,2.0000241e-09,0.0005155013,-0.0004655132,-5.0002167e-05,0.0,-1.1311934e-17,0.0004999681,-0.0004999686,4.3015072e-10,0.0,1.7238942e-14,0.00023394162,-0.00068391365,0.0004500023,0.0,-1.5811054e-14,0.00079995894,-0.00019999596,-0.0005999933,0.0,-3.0109379e-15,0.00030742557,-0.000748406,0.0004409947,0.0,-7.889741e-16,0.0005718528,-0.00043086044,-0.00014099838,-5.999955e-09,-2.8e-09,1.1627928e-06,-9.786693e-07,5.9548607e-17
0.04196005898532535,5.0,-5.0,1.0,0.0,1.0000001,-3.65412e-10,-2.9999864,3.459577e-06,2.0,2.9999797,-3.209334e-06,-1.409989,1.0545506e-06,0.598281,-5.8517185e-07,-4.9999895,-1.4,-6.0828155e-13,0.00011108476,-0.00014999948,9.999983e-05,0.0002999983,0.0002999983,-0.0002999979,-0.0002999979,0.00014099885,2.9914077e-05,4.9999835e-05,-1.7299688e-10,-0.002929811,0.0030296366,-2e-09,0.0,-9.999982e-05,2.8e-09,2e-09,2.0000004e-09,0.0005155014,-0.00046551364,-5.0001832e-05,0.0,-7.30824e-19,0.00049996824,-0.0004999684,1.7293929e-10,0.0,6.9191568e-15,0.00023394052,-0.000683914,0.0004500038,0.0,-6.4186666e-15,0.00079996,-0.00019999412,-0.0005999962,0.0,2.109112e-15,0.00030742493,-0.0007484074,0.00044099672,0.0,-1.1703438e-15,0.0005718531,-0.00043086027,-0.00014099885,-5.9999725e-09,-2.8e-09,1.1627931e-06,-9.786686e-07,9.145027e-18
0.04199405898532536,5.0,-5.0,1.0,0.0,0.9999993,2.522744e-11,-2.9999871,3.0639605e-06,2.0,2.9999812,-2.9799062e-06,-1.4099891,1.3799596e-06,0.59828097,-6.0368643e-07,-4.9999895,-1.4,-6.0828155e-13,0.00011108476,-0.00014999951,9.9999845e-05,0.0002999984,0.0002999984,-0.00029999798,-0.00029999798,0.00014099885,2.991408e-05,4.9999813e-05,-1.5319673e-10,-0.002929811,0.0030296366,-2e-09,0.0,-9.9999845e-05,2.8e-09,2e-09,1.9999986e-09,0.0005155014,-0.00046551367,-5.0001803e-05,0.0,5.0455717e-20,0.0004999683,-0.0004999684,1.5266871e-10,0.0,6.1279145e-15,0.00023394043,-0.00068391406,0.0004500039,0.0,-5.9598136e-15,0.00079996,-0.00019999401,-0.00059999636,0.0,2.7599192e-15,0.0003074249,-0.0007484074,0.00044099678,0.0,-1.2073729e-15,0.0005718531,-0.00043086027,-0.00014099885,-5.9999743e-09,-2.8e-09,1.1627931e-06,-9.786686e-07,-7.871554e-17
0.041996000000000006,5.0,-5.0,1.0,0.0,0.9999114,1.1451305e-08,-3.0000205,-2.7291244e-05,2.0,3.0000048,-7.96437e-06,-1.4099547,3.2360138e-05,0.598279,-1.7553472e-06,-4.9999895,-1.4,-6.0828073e-13,0.00011108125,-0.00014999966,0.000100001365,0.00030000127,0.00030000127,-0.00029999722,-0.00029999722,0.00014099528,2.9914037e-05,4.9996932e-05,1.3651349e-09,-0.0029298097,0.003029637,-2e-09,0.0,-0.000100001365,2.8e-09,2e-09,1.9998228e-09,0.000515502,-0.0004655171,-4.9998936e-05,0.0,2.2902608e-17,0.00049996906,-0.00049996766,-1.3650603e-09,0.0,-5.4582495e-14,0.00023393653,-0.0006839132,0.00045000692,0.0,-1.5928736e-14,0.0007999605,-0.00019999236,-0.0005999985,0.0,6.4720276e-14,0.00030742786,-0.0007484061,0.0004409925,0.0,-3.5106943e-15,0.00057185104,-0.00043086184,-0.00014099528,-6.000041e-09,-2.8e-09,1.1627931e-06,-9.786686e-07,2.3254067e-17
0.041996353911952104,5.0,-5.0,1.0,0.0,1.0000149,6.180194e-10,-2.9999816,8.307349e-06,2.0,2.9999816,-3.9456307e-08,-1.4099969,-3.7925827e-06,0.59828126,-4.68184e-07,-4.9999895,-1.4,-6.0828176e-13,0.00011108556,-0.0001499995,9.999958e-05,0.00029999815,0.00029999815,-0.00029999853,-0.00029999853,0.00014099965,2.9914088e-05,5.000033e-05,-4.1533663e-10,-0.0029298111,0.0030296363,-2e-09,0.0,-9.999958e-05,2.8e-09,2e-09,2.00003e-09,0.00051550136,-0.00046551306,-5.000233e-05,0.0,1.2360394e-18,0.0004999682,-0.00049996853,4.1564538e-10,0.0,1.6614695e-14,0.000233941,-0.0006839144,0.00045000366,0.0,-7.8911846e-17,0.00079996017,-0.0001999938,-0.0005999967,0.0,-7.585166e-15,0.00030742414,-0.000748408,0.00044099818,0.0,-9.363679e-16,0.0005718535,-0.00043085992,-0.00014099965,-5.999963e-09,-2.8e-09,1.1627931e-06,-9.786686e-07,2.8134798e-17
0.04199817695597605,5.0,-5.0,1.0,0.0,0.99997866,-1.22083454e-08,-2.9999936,-3.727266e-06,2.0,2.9999762,-8.725472e-06,-1.4099841,3.221146e-06,0.5982809,-5.5335715e-07,-4.9999895,-1.4,-6.0828144e-13,0.00011108428,-0.0001499995,0.00010000019,0.00029999847,0.00029999847,-0.0002999973,-0.0002999973,0.00014099835,2.9914072e-05,4.9999122e-05,1.8575287e-10,-0.002929811,0.0030296368,-2e-09,0.0,-0.00010000019,2.8e-09,2e-09,1.9999573e-09,0.00051550154,-0.0004655145,-5.000112e-05,0.0,-2.4416693e-17,0.0004999684,-0.00049996824,-1.8572827e-10,0.0,-7.4545345e-15,0.00023393978,-0.0006839135,0.00045000398,0.0,-1.7450945e-14,0.0007999601,-0.00019999464,-0.0005999958,0.0,6.4422925e-15,0.00030742542,-0.0007484068,0.00044099565,0.0,-1.1067143e-15,0.0005718528,-0.00043086047,-0.00014099835,-5.999987e-09,-2.8e-09,1.1627931e-06,-9.786686e-07,1.9865715e-17
0.042,5.0,-5.0,1.0,0.0,1.0000648,5.9622856e-08,-2.999965,2.4977382e-05,2.0,2.9999998,1.7415863e-05,-1.4099951,3.3085107e-06,0.59828067,-1.0298394e-06,-4.9999895,-1.4,-6.082817e-13,0.00011108532,-0.0001499995,9.999875e-05,0.00029999824,0.00029999824,-0.00029999967,-0.00029999967,0.0001409994,2.9914085e-05,5.0001996e-05,-1.245888e-09,-0.002929811,0.0030296354,-2e-09,0.0,-9.999875e-05,2.8e-09,2e-09,2.0001298e-09,0.000515501,-0.00046551108,-5.0003997e-05,0.0,1.1924572e-16,0.0004999677,-0.000499969,1.2458843e-09,0.0,4.9954764e-14,0.00023394251,-0.000683916,0.00045000375,0.0,3.4831726e-14,0.0007999593,-0.00019999174,-0.0005999979,0.0,6.6170214e-15,0.0003074241,-0.0007484089,0.00044099905,0.0,-2.0596788e-15,0.00057185336,-0.00043086003,-0.0001409994,-5.99993e-09,-2.8e-09,1.1627931e-06,-9.786686e-07,-1.4515604e-17
0.04200005965784909,5.0,-5.0,1.0,0.05965785,1.0000275,0.050341874,-3.0280468,0.0055805817,2.0,3.0198956,-0.004075539,-1.417153,0.0014952215,0.5984127,-3.1733598e-05,-4.9999895,-1.4,-6.084443e-13,0.000111789705,-0.00015168136,9.972097e-05,0.00030239712,0.00030239712,-0.00030184005,-0.00030184005,0.00014171212,2.9922221e-05,4.972235e-05,2.2380646e-06,-0.002929886,0.0030294335,-2e-09,-1.193157e-10,-9.9721e-05,2.8e-09,2e-09,2.0000552e-09,0.00051535503,-0.0004656447,-4.9724375e-05,1.193157e-10,1.0068375e-10,0.00050103804,-0.0004988011,-2.2376676e-06,0.0,1.1161164e-11,0.00023122855,-0.00068528135,0.00045408338,0.0,-8.151078e-12,0.0008023116,-0.00019810625,-0.00060423586,0.0,2.990443e-12,0.00030653138,-0.00075006846,0.0004435514,0.0,-6.3467196e-14,0.0005722587,-0.00043055287,-0.00014171192,-6.0560934e-09,-2.8e-09,1.1628211e-06,-9.786405e-07,-1.0812022e-17
0.042000178973547256,5.0,-5.0,1.0,0.17897354,1.0000017,0.16332722,-3.1137798,0.01238713,2.0,3.092572,-0.010603875,-1.4471064,0.0043553426,0.5990078,-9.6195414e-05,-4.9999895,-1.4,-6.0910386e-13,0.00011474569,-0.00015630835,9.9380646e-05,0.0003103176,0.00031031758,-0.00030882165,-0.00030882165,0.00014470101,2.9955198e-05,4.9380727e-05,7.547004e-06,-0.0029292693,0.0030284773,-2e-09,-3.579471e-10,-9.938066e-05,2.8e-09,2e-09,2.0000033e-09,0.00051517616,-0.0004658075,-4.9382747e-05,3.579471e-10,3.2665443e-10,0.00050336384,-0.0004958192,-7.546997e-06,0.0,2.4774263e-11,0.00022251693,-0.0006891169,0.00046663138,0.0,-2.1207749e-11,0.00081013644,-0.00019102932,-0.00061913836,0.0,8.710685e-12,0.000302949,-0.0007564565,0.00045352217,0.0,-1.9239082e-13,0.000573964,-0.0004292692,-0.00014470088,-6.2275594e-09,-2.8e-09,1.1629069e-06,-9.785548e-07,1.2447855e-18
0.0420004176049436,5.0,-5.0,1.0,0.41760495,0.999999,0.40152648,-3.336829,0.016173994,2.0,3.3047683,-0.016030109,-1.5424109,0.007367475,0.60095006,-0.00016612848,-4.9999895,-1.4,-6.111162e-13,0.00012416866,-0.00016765014,9.9191304e-05,0.00033207986,0.00033207983,-0.00032974008,-0.00032974005,0.00015422447,3.005581e-05,4.9191247e-05,1.9267623e-05,-0.002926179,0.0030251993,-2e-09,-8.352099e-10,-9.9191304e-05,2.8e-09,2e-09,1.999998e-09,0.00051507674,-0.00046589752,-4.9193248e-05,8.352099e-10,8.0305296e-10,0.00050784554,-0.00048858277,-1.9268426e-05,0.0,3.234799e-11,0.00019896564,-0.00069866865,0.0004997367,0.0,-3.206022e-11,0.000831815,-0.00017002848,-0.0006618199,0.0,1.4734951e-11,0.00029189192,-0.0007758409,0.0004839645,0.0,-3.3225695e-13,0.00057942094,-0.00042520254,-0.00015422447,-6.6736576e-09,-2.8e-09,1.1631299e-06,-9.783317e-07,3.09083e-17
0.04200064113040013,5.0,-5.0,1.0,0.6411304,0.99999744,0.6246238,-3.5601947,0.01610648,2.0,3.5284598,-0.015867274,-1.6475198,0.0073851943,0.60307896,-0.00015747153,-4.9999895,-1.4,-6.132364e-13,0.00013457441,-0.00017881505,9.919467e-05,0.00035443273,0.0003544327,-0.00035210745,-0.00035210745,0.00016473624,3.0161822e-05,4.9194547e-05,3.0425866e-05,-0.002922185,0.0030212104,-2e-09,-1.2822609e-09,-9.919468e-05,2.8e-09,2e-09,1.9999948e-09,0.0005150785,-0.00046589598,-4.919655e-05,1.2822609e-09,1.2492476e-09,0.00051149185,-0.00048107357,-3.04271e-05,0.0,3.221296e-11,0.00017480124,-0.0007080202,0.00053325493,0.0,-3.173455e-11,0.0008542231,-0.00014771862,-0.00070654013,0.0,1.4770388e-11,0.00027995362,-0.00079678063,0.00051684363,0.0,-3.1494306e-13,0.00058547343,-0.0004207433,-0.00016473624,-7.1203896e-09,-2.8e-09,1.1633533e-06,-9.781083e-07,-1.66213e-17
0.04200067534246867,5.0,-5.0,1.0,0.67534244,0.99999774,0.65892345,-3.5943727,0.016136963,2.0,3.5626495,-0.015861401,-1.6636566,0.007339251,0.6033926,-0.00015422261,-4.9999895,-1.4,-6.135468e-13,0.00013617288,-0.00018052549,9.919315e-05,0.00035785112,0.0003578511,-0.00035553102,-0.00035553102,0.00016635023,3.0177342e-05,4.919304e-05,3.2139324e-05,-0.0029214544,0.0030204786,-2e-09,-1.3506849e-09,-9.919316e-05,2.8e-09,2e-09,1.9999957e-09,0.0005150777,-0.0004658967,-4.9195045e-05,1.3506849e-09,1.3178469e-09,0.0005119579,-0.0004798266,-3.2140608e-05,0.0,3.2273927e-11,0.00017104577,-0.00070939324,0.0005383837,0.0,-3.17228e-11,0.0008576555,-0.00014430947,-0.00071338203,0.0,1.4678503e-11,0.00027814638,-0.00080001075,0.0005218812,0.0,-3.0844522e-13,0.0005864078,-0.00042006365,-0.00016635022,-7.1887456e-09,-2.8e-09,1.1633874e-06,-9.780742e-07,-2.4463759e-17
0.04200074376660575,5.0,-5.0,1.0,0.7437666,0.99999905,0.72771096,-3.662556,0.016288392,2.0,3.630163,-0.016196243,-1.6952013,0.0074661667,0.6039762,-0.00015350993,-4.9999895,-1.4,-6.141297e-13,0.00013929827,-0.00018394222,9.918558e-05,0.00036463595,0.00036463593,-0.00036226967,-0.00036226967,0.00016950478,3.0206485e-05,4.9185535e-05,3.5571127e-05,-0.0029197962,0.0030188132,-2e-09,-1.4875332e-09,-9.9185585e-05,2.8e-09,2e-09,1.9999982e-09,0.0005150737,-0.00046590023,-4.918754e-05,1.4875332e-09,1.455422e-09,0.0005127446,-0.00047718233,-3.5572528e-05,0.0,3.257678e-11,0.00016346583,-0.0007120142,0.0005485854,0.0,-3.2392485e-11,0.0008644586,-0.00013758983,-0.00072690553,0.0,1.4932333e-11,0.00027464732,-0.00080640457,0.00053177436,0.0,-3.0701987e-13,0.00058824255,-0.0004187439,-0.00016950477,-7.3251116e-09,-2.8e-09,1.1634556e-06,-9.78006e-07,-2.8759231e-18
0.04200086315172585,5.0,-5.0,1.0,0.8631517,0.999999,0.8470878,-3.7817714,0.016328683,2.0,3.7490702,-0.016350456,-1.7509407,0.0075661824,0.6049797,-0.00015080627,-4.9999895,-1.4,-6.151305e-13,0.00014482245,-0.00018990501,9.918357e-05,0.0003765421,0.00037654207,-0.0003741504,-0.0003741504,0.00017507898,3.0256526e-05,4.9183516e-05,4.1537958e-05,-0.002916613,0.0030156288,-2e-09,-1.7263034e-09,-9.918357e-05,2.8e-09,2e-09,1.999998e-09,0.00051507266,-0.00046590122,-4.918552e-05,1.7263034e-09,1.6941757e-09,0.0005139079,-0.0004723802,-4.1539628e-05,0.0,3.2657363e-11,0.00015005685,-0.00071647327,0.00056645466,0.0,-3.2700908e-11,0.0008763951,-0.0001257406,-0.00075069244,0.0,1.5132366e-11,0.00026852055,-0.0008177322,0.0005492293,0.0,-3.0161255e-13,0.00059149624,-0.0004164234,-0.00017507898,-7.563543e-09,-2.8e-09,1.1635749e-06,-9.778868e-07,1.3327256e-17
0.042001000000000004,5.0,-5.0,1.0,1.0,0.9999989,0.9839299,-3.918428,0.016375052,2.0,3.8856277,-0.016399903,-1.8151338,0.007558682,0.6061087,-0.00014494748,-4.9999895,-1.4,-6.1625363e-13,0.00015118624,-0.00019674015,9.918125e-05,0.0003902028,0.00039020277,-0.0003878069,-0.0003878069,0.00018149888,3.0312684e-05,4.9181195e-05,4.837774e-05,-0.0029126701,0.0030116849,-2e-09,-2e-09,-9.9181256e-05,2.8e-09,2e-09,1.999998e-09,0.00051507144,-0.0004659023,-4.9183203e-05,2e-09,1.9678599e-09,0.0005150249,-0.00046665902,-4.8379716e-05,0.0,3.27501e-11,0.00013453516,-0.0007214465,0.0005869509,0.0,-3.2799808e-11,0.0008900972,-0.00011212668,-0.0007780098,0.0,1.5117364e-11,0.00026152222,-0.00083080976,0.0005693059,0.0,-2.8989495e-13,0.0005952556,-0.00041376278,-0.00018149891,-7.836856e-09,-2.8e-09,1.1637115e-06,-9.777501e-07,-4.1949307e-19
0.04200101368482742,5.0,-5.0,1.0,1.0,0.99999815,0.9902108,-3.9305274,0.014920231,2.0,3.8987522,-0.015887488,-1.8214436,0.0074625295,0.6062166,-0.00014362515,-4.9999895,-1.4,-6.1636026e-13,0.00015181198,-0.00019727238,9.9253986e-05,0.00039146398,0.00039146395,-0.00038912895,-0.00038912895,0.00018213,3.0318013e-05,4.9253897e-05,4.8764527e-05,-0.0029122625,0.0030113498,-2e-09,-2e-09,-9.925405e-05,2.8e-09,2e-09,1.9999964e-09,0.0005151097,-0.00046586775,-4.925596e-05,2e-09,1.9804216e-09,0.0005150817,-0.00046632937,-4.8766262e-05,0.0,2.9840463e-11,0.00013308498,-0.00072178926,0.00058874406,0.0,-3.1774975e-11,0.00089135213,-0.00011079878,-0.00078059285,0.0,1.492506e-11,0.0002608435,-0.000832084,0.00057125895,0.0,-2.8725029e-13,0.00059562677,-0.0004135029,-0.00018213,-7.861055e-09,-2.8e-09,1.1637236e-06,-9.77738e-07,1.5525408e-19
0.042001041054482255,5.0,-5.0,1.0,1.0,0.9999972,0.9968153,-3.950402,0.011602518,2.0,3.9223375,-0.014032108,-1.8332803,0.006951195,0.60642284,-0.0001362926,-4.9999895,-1.4,-6.165591e-13,0.00015298644,-0.00019810023,9.941987e-05,0.000393637,0.00039363696,-0.00039153863,-0.00039153863,0.0001833144,3.0327956e-05,4.9419734e-05,4.926064e-05,-0.002911608,0.003010861,-2e-09,-2e-09,-9.94199e-05,2.8e-09,2e-09,1.9999944e-09,0.00051519676,-0.00046578905,-4.942176e-05,2e-09,1.9936308e-09,0.00051518786,-0.00046593932,-4.926252e-05,0.0,2.3205035e-11,0.00013064935,-0.0007223544,0.000591745,0.0,-2.8064216e-11,0.0008935084,-0.000108372624,-0.0007851755,0.0,1.39023905e-11,0.00025957808,-0.0008344125,0.000574853,0.0,-2.7258518e-13,0.0005963238,-0.0004130155,-0.00018331439,-7.9008045e-09,-2.8e-09,1.1637435e-06,-9.777182e-07,1.577733e-17
0.042001095793791916,5.0,-5.0,1.0,1.0,0.99999714,0.99984664,-3.9744487,0.0063487217,2.0,3.9556503,-0.00939902,-1.8515279,0.005188947,0.6067561,-0.00010720789,-4.9999895,-1.4,-6.168633e-13,0.00015479891,-0.00019903987,9.968256e-05,0.00039650497,0.00039650494,-0.00039504614,-0.00039504614,0.00018514207,3.0343164e-05,4.968242e-05,4.9674898e-05,-0.002910863,0.0030103787,-2e-09,-2e-09,-9.968255e-05,2.8e-09,2e-09,1.9999944e-09,0.0005153347,-0.00046566437,-4.9684408e-05,2e-09,1.9996933e-09,0.0005153343,-0.00046567142,-4.967694e-05,0.0,1.2697443e-11,0.00012761477,-0.00072312733,0.0005955528,0.0,-1.879804e-11,0.00089636724,-0.00010485622,-0.0007915511,0.0,1.0377895e-11,0.00025764795,-0.00083781744,0.00058018824,0.0,-2.1441578e-13,0.00059740024,-0.00041226431,-0.00018514207,-7.948897e-09,-2.8e-09,1.1637676e-06,-9.776941e-07,4.698739e-17
0.04200120527241124,5.0,-5.0,1.0,1.0,0.99999833,1.0000144,-3.993453,0.0016399354,2.0,3.9872243,-0.0031142836,-1.8709862,0.0020471036,0.6071382,-4.7071266e-05,-4.9999895,-1.4,-6.171853e-13,0.00015673465,-0.00019975465,9.9918005e-05,0.00039903386,0.00039903386,-0.0003985177,-0.0003985177,0.00018709392,3.0359264e-05,4.9917922e-05,4.9918726e-05,-0.0029103407,0.0030100918,-2e-09,-2e-09,-9.9918005e-05,2.8e-09,2e-09,1.9999966e-09,0.0005154584,-0.00046555256,-4.991992e-05,2e-09,2.0000288e-09,0.00051545847,-0.0004655518,-4.9920727e-05,0.0,3.279871e-12,0.00012515194,-0.000723908,0.0005987965,0.0,-6.228567e-12,0.0008989435,-0.000101432364,-0.0007975516,0.0,4.0942076e-12,0.000255614,-0.0008412067,0.0005856116,0.0,-9.414253e-14,0.0005985505,-0.00041146274,-0.00018709392,-7.986906e-09,-2.8e-09,1.1637866e-06,-9.776751e-07,1.6554955e-17
0.0420013629043422,5.0,-5.0,1.0,1.0,0.999999,0.99999493,-3.9995944,9.988196e-05,2.0,3.999149,-0.0002226512,-1.8793209,0.00019000158,0.6073168,-5.768402e-06,-4.9999895,-1.4,-6.1732255e-13,0.00015756537,-0.00019998472,9.9995006e-05,0.00039993718,0.00039993718,-0.00039989591,-0.00039989591,0.0001879315,3.0366129e-05,4.9994953e-05,4.9994753e-05,-0.0029102026,0.0030100308,-2e-09,-2e-09,-9.9995006e-05,2.8e-09,2e-09,1.999998e-09,0.00051549886,-0.000465516,-4.9996954e-05,2e-09,1.99999e-09,0.00051549886,-0.00046551618,-4.9996754e-05,0.0,1.9976393e-13,0.0001243414,-0.0007242308,0.0005999299,0.0,-4.4530243e-13,0.0008999038,-0.00010011129,-0.0007998331,0.0,3.8000316e-13,0.00025475177,-0.00084256014,0.0005878274,0.0,-1.1536802e-14,0.0005990442,-0.00041111882,-0.00018793151,-7.999189e-09,-2.8e-09,1.1637926e-06,-9.776691e-07,-4.8452912e-17
0.04200154332756237,5.0,-5.0,1.0,1.0,0.999999,1.0000024,-4.000016,-3.703852e-06,2.0,4.000066,2.4850906e-05,-1.8800808,-3.39176e-05,0.60733557,4.7166972e-07,-4.9999895,-1.4,-6.1733507e-13,0.00015764139,-0.00020000062,0.00010000019,0.0004000041,0.0004000041,-0.00040000997,-0.00040000997,0.00018800813,3.0366757e-05,5.0000133e-05,5.0000304e-05,-0.0029101968,0.0030100301,-2e-09,-2e-09,-0.00010000019,2.8e-09,2e-09,1.999998e-09,0.0005155016,-0.00046551353,-5.0002134e-05,2e-09,2.0000048e-09,0.0005155016,-0.00046551335,-5.0002305e-05,0.0,-7.407704e-15,0.00012428506,-0.0007242573,0.0006000127,0.0,4.970181e-14,0.00089998136,-0.000100007834,-0.00080001407,0.0,-6.7835196e-14,0.000254674,-0.00084267306,0.0005880181,0.0,9.433395e-16,0.0005990893,-0.00041108733,-0.00018800814,-8.000033e-09,-2.8e-09,1.1637931e-06,-9.776686e-07,-6.6487256e-17
0.04200179646299475,5.0,-5.0,1.0,1.0,0.999999,0.9999964,-3.9999776,4.500054e-06,2.0,3.999953,-1.2167803e-05,-1.8799555,1.526331e-05,0.607332,-1.0068618e-06,-4.9999895,-1.4,-6.17333e-13,0.0001576288,-0.0001999991,9.999977e-05,0.00039999653,0.00039999653,-0.0003999938,-0.0003999938,0.00018799545,3.0366653e-05,4.9999726e-05,4.99996e-05,-0.0029101963,0.0030100292,-2e-09,-2e-09,-9.999977e-05,2.8e-09,2e-09,1.999998e-09,0.00051550136,-0.00046551373,-5.0001727e-05,2e-09,1.9999928e-09,0.00051550136,-0.00046551385,-5.0001596e-05,0.0,9.000107e-15,0.00012429038,-0.00072425354,0.00060000364,0.0,-2.4335607e-14,0.00089997076,-0.000100021025,-0.0007999903,0.0,3.052662e-14,0.00025468663,-0.0008426568,0.0005879892,0.0,-2.0137236e-15,0.00059908186,-0.00041109254,-0.00018799547,-7.9999545e-09,-2.8e-09,1.1637931e-06,-9.776686e-07,-4.7591605e-17
0.0420023027338595,5.0,-5.0,1.0,1.0,0.999999,1.0,-3.9999824,4.1586804e-06,2.0,3.9999785,-1.8316463e-06,-1.8799932,-2.1306096e-06,0.6073331,-4.9896244e-07,-4.9999895,-1.4,-6.173336e-13,0.00015763259,-0.00019999933,9.999979e-05,0.00039999804,0.00039999804,-0.0003999981,-0.0003999981,0.00018799926,3.036668e-05,4.999974e-05,4.999979e-05,-0.0029101968,0.0030100297,-2e-09,-2e-09,-9.999979e-05,2.8e-09,2e-09,1.999998e-09,0.00051550136,-0.0004655137,-5.000174e-05,2e-09,2.0000002e-09,0.00051550136,-0.00046551367,-5.0001792e-05,0.0,8.317361e-15,0.00012428965,-0.0007242545,0.0006000054,0.0,-3.6632926e-15,0.0008999735,-0.0001000179,-0.00079999614,0.0,-4.261218e-15,0.0002546829,-0.0008426612,0.0005879973,0.0,-9.979249e-16,0.0005990841,-0.00041109096,-0.00018799926,-7.999964e-09,-2.8e-09,1.1637931e-06,-9.776686e-07,3.2084901e-19
0.045,5.0,-5.0,1.0,1.0,0.99999905,0.99999905,-3.9999819,4.0525147e-06,2.0,3.9999738,-4.0295627e-06,-1.879985,1.8516739e-06,0.6073329,-6.1302507e-07,-4.9999895,-1.4,-6.1733344e-13,0.00015763176,-0.0001999993,9.99998e-05,0.00039999778,0.00039999778,-0.0003999972,-0.0003999972,0.00018799843,3.0366675e-05,4.9999748e-05,4.9999748e-05,-0.0029101965,0.0030100294,-2e-09,-2e-09,-9.99998e-05,2.8e-09,2e-09,1.999998e-09,0.0005155014,-0.0004655137,-5.000175e-05,2e-09,1.999998e-09,0.00051550136,-0.0004655137,-5.000175e-05,0.0,8.1050296e-15,0.00012428976,-0.00072425435,0.0006000051,0.0,-8.0591255e-15,0.000899973,-0.00010001852,-0.000799995,0.0,3.7033475e-15,0.00025468372,-0.00084266026,0.00058799563,0.0,-1.2260501e-15,0.0005990836,-0.0004110913,-0.00018799843,-7.999963e-09,-2.8e-09,1.1637931e-06,-9.776686e-07,3.4265447e-17
0.045001,5.0,-5.0,1.0,1.0,0.999999,1.0000125,-3.9999776,8.493985e-06,2.0,3.9999857,4.0964132e-06,-1.880008,-9.96571e-06,0.6073332,-6.569638e-07,-4.9999895,-1.4,-6.173338e-13,0.00015763403,-0.0001999993,9.9999575e-05,0.00039999816,0.00039999816,-0.00039999958,-0.00039999958,0.00018800073,3.0366693e-05,4.9999522e-05,5.0000202e-05,-0.0029101975,0.0030100304,-2e-09,-2e-09,-9.9999575e-05,2.8e-09,2e-09,1.999998e-09,0.0005155013,-0.00046551382,-5.0001523e-05,2e-09,2.000025e-09,0.0005155013,-0.00046551318,-5.0002203e-05,0.0,1.698797e-14,0.00012429044,-0.0007242554,0.00060000544,0.0,8.192826e-15,0.0008999744,-0.000100017176,-0.0007999977,0.0,-1.9931419e-14,0.00025468145,-0.0008426627,0.0005880003,0.0,-1.3139276e-15,0.00059908495,-0.00041109038,-0.00018800073,-7.999955e-09,-2.8e-09,1.1637931e-06,-9.776686e-07,3.4252954e-17
0.0450010889244968,5.0,-5.0,0.91107553,1.0,0.92082137,1.0000035,-3.9482582,-0.0068582697,2.0,3.9593701,0.005555911,-1.8641057,-0.0021780345,0.60710776,3.5305093e-05,-4.9999895,-1.4,-6.1707215e-13,0.00015606073,-0.00019707,0.00010034291,0.00039538142,0.00039538142,-0.00039615482,-0.00039615482,0.0001864141,3.0353625e-05,4.6383982e-05,5.034309e-05,-0.0029117588,0.0030119342,-1.822151e-09,-2e-09,-0.000100342855,2.8e-09,1.822151e-09,1.8416427e-09,0.00051505776,-0.00046868424,-4.638646e-05,2e-09,2.0000068e-09,0.00051568175,-0.00046535075,-5.0345032e-05,0.0,-1.3716539e-11,0.00012993501,-0.0007223556,0.00059246056,0.0,1.11118215e-11,0.0008953468,-0.00010384932,-0.0007915376,0.0,-4.356069e-12,0.00025642558,-0.00083897647,0.00058256974,0.0,7.061019e-14,0.00059814815,-0.00041173998,-0.00018641434,-7.896516e-09,-2.8e-09,1.1637413e-06,-9.777203e-07,3.425225e-17
0.045001266773490395,5.0,-5.0,0.73322654,1.0,0.7490728,0.99999845,-3.8048482,-0.013944101,2.0,3.8302946,0.012723108,-1.8082426,-0.005444946,0.6062086,9.848926e-05,-4.9999895,-1.4,-6.161099e-13,0.00015052878,-0.00018954522,0.00010069721,0.00038175713,0.00038175716,-0.00038357396,-0.000383574,0.0001808341,3.0305506e-05,3.8150843e-05,5.0697126e-05,-0.0029155314,0.0030160598,-1.4664531e-09,-2e-09,-0.000100697165,2.8e-09,1.4664531e-09,1.4981456e-09,0.00051342533,-0.00047528307,-3.815277e-05,2e-09,1.9999968e-09,0.00051586796,-0.00046518294,-5.069909e-05,0.0,-2.78882e-11,0.00014585319,-0.0007171255,0.0005713108,0.0,2.5446213e-11,0.0008817747,-0.00011648152,-0.000765332,0.0,-1.0889891e-11,0.00026257394,-0.0008269643,0.00056440866,0.0,1.9697853e-13,0.00059487263,-0.00041404454,-0.00018083428,-7.609697e-09,-2.8e-09,1.163598e-06,-9.778637e-07,3.423658e-17
0.045001622471477584,5.0,-5.0,0.37752852,1.0,0.3930757,0.9999997,-3.4573104,-0.016058609,2.0,3.4908738,0.016781475,-1.6525974,-0.008086219,0.6035063,0.00017194952,-4.9999895,-1.4,-6.133344e-13,0.00013511024,-0.00017206259,0.00010080293,0.0003474092,0.00034740922,-0.000349896,-0.00034989603,0.00016527694,3.016672e-05,2.0456715e-05,5.0802915e-05,-0.0029234497,0.003024081,-7.550571e-10,-2e-09,-0.00010080292,2.8e-09,7.550571e-10,7.8615137e-10,0.00050865766,-0.0004882056,-2.0457528e-05,2e-09,1.9999995e-09,0.0005159236,-0.00046513273,-5.0804912e-05,0.0,-3.211722e-11,0.00018454123,-0.00070398505,0.00051947875,0.0,3.3562948e-11,0.0008475983,-0.00015032833,-0.0006973053,0.0,-1.6172437e-11,0.00027978362,-0.0007949399,0.0005151731,0.0,3.4389904e-13,0.00058578205,-0.00042051118,-0.00016527697,-6.914621e-09,-2.8e-09,1.1632503e-06,-9.782112e-07,-3.977095e-18
0.045001666944399575,5.0,-5.0,0.3330556,1.0,0.3487376,0.9999995,-3.4127593,-0.016005417,2.0,3.4459505,0.016595323,-1.6313285,-0.007980761,0.60310817,0.00017214876,-4.9999895,-1.4,-6.1293597e-13,0.00013300331,-0.0001698377,0.00010080027,0.00034293547,0.0003429355,-0.0003453931,-0.00034539314,0.00016315005,3.0146799e-05,1.8237151e-05,5.080025e-05,-0.002924276,0.0030249045,-6.661112e-10,-2e-09,-0.00010080026,2.8e-09,6.661112e-10,6.974752e-10,0.00050791586,-0.00048968283,-1.8237928e-05,2e-09,1.999999e-09,0.0005159222,-0.000465134,-5.0802235e-05,0.0,-3.201083e-11,0.00018943616,-0.00070218183,0.00051278016,0.0,3.3190645e-11,0.00084313244,-0.00015483849,-0.0006883289,0.0,-1.596152e-11,0.00028215948,-0.0007906863,0.0005085434,0.0,3.442975e-13,0.0005845468,-0.00042140277,-0.00016315012,-6.825519e-09,-2.8e-09,1.1632058e-06,-9.782558e-07,-2.3072084e-17
0.04500175589024356,5.0,-5.0,0.24410975,1.0,0.26017052,0.9999989,-3.3247328,-0.016140651,2.0,3.3570485,0.016157655,-1.5889142,-0.007551955,0.6022696,0.00016520607,-4.9999895,-1.4,-6.1210433e-13,0.0001288028,-0.0001654296,0.00010080703,0.00033408904,0.00033408907,-0.00033646004,-0.00033646004,0.00015890793,3.0105219e-05,1.3815558e-05,5.0806982e-05,-0.0029255769,0.0030262114,-4.882195e-10,-2e-09,-0.00010080701,2.8e-09,4.882195e-10,5.2034105e-10,0.00050620467,-0.0004923921,-1.3816243e-05,2e-09,1.999998e-09,0.00051592576,-0.00046513084,-5.0808954e-05,0.0,-3.22813e-11,0.00019894517,-0.00069843716,0.00049952563,0.0,3.231531e-11,0.0008342854,-0.00016376982,-0.0006705496,0.0,-1.510391e-11,0.00028695606,-0.0007823082,0.0004953683,0.0,3.3041213e-13,0.00058209687,-0.00042319493,-0.00015890803,-6.6494654e-09,-2.8e-09,1.1631178e-06,-9.783438e-07,-2.7336534e-17
0.04500182210831204,5.0,-5.0,0.17789169,1.0,0.19394352,0.999999,-3.2587836,-0.016210105,2.0,3.291201,0.016208623,-1.5579351,-0.0075309686,0.6016504,0.00016699215,-4.9999895,-1.4,-6.114834e-13,0.00012573607,-0.00016212868,0.0001008105,0.00032749923,0.00032749926,-0.0003298732,-0.00032987323,0.00015581022,3.007417e-05,1.05076815e-05,5.0810457e-05,-0.002926464,0.0030271015,-3.5578337e-10,-2e-09,-0.000100810495,2.8e-09,3.5578337e-10,3.8788703e-10,0.0005048489,-0.0004943435,-1.0508133e-05,2e-09,1.999998e-09,0.00051592756,-0.00046512918,-5.0812447e-05,0.0,-3.242021e-11,0.00020601365,-0.00069561525,0.0004896345,0.0,3.2417246e-11,0.00082771014,-0.0001703708,-0.00065737264,0.0,-1.5061938e-11,0.00029048856,-0.0007761563,0.00048568356,0.0,3.3398428e-13,0.0005803122,-0.00042450806,-0.00015581025,-6.517567e-09,-2.8e-09,1.1630518e-06,-9.784097e-07,1.6054424e-17
0.045002,5.0,-5.0,7.346346e-13,1.0,0.016060246,0.999999,-3.0808861,-0.016206557,2.0,3.1133735,0.016243555,-1.4744345,-0.0075842673,0.5999074,0.00017914127,-4.9999895,-1.4,-6.0972825e-13,0.000117474956,-0.00015323398,0.00010081033,0.00030971298,0.000309713,-0.00031209577,-0.0003120958,0.00014746137,2.9986411e-05,1.6133401e-06,5.081028e-05,-0.002928317,0.003028953,-1.4690728e-21,-2e-09,-0.00010081033,2.8e-09,1.4690728e-21,3.2120494e-11,0.0005007724,-0.0004991592,-1.6133722e-06,2e-09,1.999998e-09,0.0005159275,-0.00046512927,-5.081228e-05,0.0,-3.241311e-11,0.00022481706,-0.000687739,0.00046295312,0.0,3.248711e-11,0.0008099762,-0.00018819893,-0.0006218088,0.0,-1.5168535e-11,0.00030013325,-0.0007596755,0.00045955717,0.0,3.5828252e-13,0.0005755278,-0.00042807247,-0.00014746137,-6.1617724e-09,-2.8e-09,1.162874e-06,-9.785877e-07,2.9597872e-17
0.045002003588387726,5.0,-5.0,0.0,1.0,0.0132965995,0.99999917,-3.077349,-0.01601317,2.0,3.109789,0.016219763,-1.4727473,-0.0075826356,0.5998708,0.00017935237,-4.9999895,-1.4,-6.0969144e-13,0.0001173081,-0.0001530668,0.00010080066,0.0003093569,0.00030935692,-0.00031173715,-0.00031173718,0.00014729268,2.9984572e-05,1.4654885e-06,5.080062e-05,-0.0029283578,0.003028984,-4.896909e-22,-2e-09,-0.00010080065,2.8e-09,4.896909e-22,2.65932e-11,0.0005006992,-0.00049923384,-1.4655332e-06,2e-09,1.9999984e-09,0.0005159224,-0.00046513384,-5.080261e-05,0.0,-3.202634e-11,0.00022519082,-0.0006875896,0.00046242986,0.0,3.2439527e-11,0.0008096211,-0.00018855852,-0.0006210941,0.0,-1.5165272e-11,0.00030032988,-0.00075934484,0.00045902983,0.0,3.5870474e-13,0.0005754315,-0.00042814488,-0.00014729268,-6.154698e-09,-2.8e-09,1.1628705e-06,-9.785912e-07,1.4244553e-17
0.045002010765163185,5.0,-5.0,0.0,1.0,0.009052623,0.99999964,-3.070516,-0.015365854,2.0,3.1026752,0.016079335,-1.4693798,-0.0075662397,0.59979755,0.00017968929,-4.9999895,-1.4,-6.096178e-13,0.00011697506,-0.00015275752,0.000100768295,0.00030865957,0.0003086596,-0.00031102414,-0.00031102417,0.00014695595,2.9980893e-05,1.2209239e-06,5.0768274e-05,-0.0029284544,0.0030290484,0.0,-2e-09,-0.00010076829,2.8e-09,0.0,1.8105246e-11,0.00050057785,-0.000499357,-1.2209556e-06,2e-09,1.9999993e-09,0.0005159054,-0.00046514918,-5.077027e-05,0.0,-3.073171e-11,0.00022592003,-0.0006873122,0.00046142325,0.0,3.2158668e-11,0.0008089269,-0.00018927449,-0.00061968376,0.0,-1.513248e-11,0.00030072217,-0.0007586874,0.00045798012,0.0,3.5937857e-13,0.0005752393,-0.00042828947,-0.00014695595,-6.1410326e-09,-2.8e-09,1.1628636e-06,-9.785981e-07,-2.9557145e-17
0.0450020251187141,5.0,-5.0,0.0,1.0,0.004376583,1.0000005,-3.0583572,-0.013494873,2.0,3.0890481,0.015345376,-1.4627651,-0.0074233944,0.5996514,0.0001789341,-4.9999895,-1.4,-6.0947243e-13,0.00011632078,-0.00015224311,0.00010067475,0.00030737024,0.00030737027,-0.00030964715,-0.00030964718,0.0001462944,2.9973624e-05,8.935728e-07,5.067477e-05,-0.0029286703,0.0030291707,0.0,-2e-09,-0.00010067475,2.8e-09,0.0,8.753166e-12,0.00050041487,-0.0004995213,-8.935842e-07,2e-09,2.000001e-09,0.0005158562,-0.00046519347,-5.0676772e-05,0.0,-2.6989747e-11,0.00022724149,-0.0006868301,0.00045961948,0.0,3.0690752e-11,0.00080764294,-0.00019065676,-0.00061701745,0.0,-1.4846789e-11,0.00030148984,-0.0007574166,0.00045594157,0.0,3.578682e-13,0.00057486206,-0.00042857375,-0.0001462944,-6.1167142e-09,-2.8e-09,1.1628514e-06,-9.786103e-07,-4.5434636e-17
0.04500205382581593,5.0,-5.0,0.0,1.0,0.001129965,1.0000012,-3.0401163,-0.0097461995,2.0,3.0658212,0.012852215,-1.4507595,-0.006682746,0.5993744,0.00016832088,-4.9999895,-1.4,-6.092061e-13,0.00011513248,-0.00015151851,0.00010048731,0.00030529685,0.00030529688,-0.0003072504,-0.0003072504,0.0001450928,2.9960305e-05,5.438082e-07,5.048737e-05,-0.0029290402,0.0030293532,0.0,-2e-09,-0.00010048731,2.8e-09,0.0,2.2599299e-12,0.00050024025,-0.00049969647,-5.4381167e-07,2e-09,2.0000024e-09,0.00051575765,-0.00046528236,-5.048937e-05,0.0,-1.9492399e-11,0.00022927237,-0.0006860631,0.00045682146,0.0,2.570443e-11,0.00080556015,-0.00019304392,-0.0006125473,0.0,-1.3365492e-11,0.00030286927,-0.0007551978,0.0004523432,0.0,3.3664174e-13,0.0005741777,-0.00042909096,-0.0001450928,-6.0802328e-09,-2.8e-09,1.1628332e-06,-9.786285e-07,-5.6014996e-18
0.045002111240019585,5.0,-5.0,0.0,1.0,3.8074726e-05,1.0000007,-3.0196888,-0.0049124556,2.0,3.0353875,0.00784932,-1.4334108,-0.0046112523,0.5989426,0.00012629617,-4.9999895,-1.4,-6.0881633e-13,0.00011341289,-0.00015073882,0.00010024563,0.00030275382,0.00030275385,-0.00030399987,-0.0003039999,0.00014335371,2.9940815e-05,2.4752651e-07,5.0245657e-05,-0.002929461,0.0030295323,0.0,-2e-09,-0.00010024563,2.8e-09,0.0,7.6149455e-14,0.0005000921,-0.0004998446,-2.475266e-07,2e-09,2.0000013e-09,0.00051563064,-0.000465397,-5.0247658e-05,0.0,-9.824911e-12,0.00023160949,-0.0006850776,0.00045349865,0.0,1.569864e-11,0.0008029448,-0.00019622181,-0.0006067537,0.0,-9.222505e-12,0.00030483224,-0.0007521713,0.0004473536,0.0,2.5259233e-13,0.0005731888,-0.00042984117,-0.00014335371,-6.0393774e-09,-2.8e-09,1.1628127e-06,-9.786489e-07,1.1644938e-18
0.0450022260684269,5.0,-5.0,0.0,1.0,-4.916934e-06,0.9999995,-3.0049844,-0.001247411,2.0,3.0098443,0.002430035,-1.4170972,-0.0016805135,0.59849685,5.1792915e-05,-4.9999895,-1.4,-6.084451e-13,0.00011179265,-0.00015018684,0.00010006237,0.00030074143,0.00030074143,-0.00030115247,-0.0003011525,0.0001417149,2.9922254e-05,6.2124705e-08,5.0062346e-05,-0.002929736,0.003029624,0.0,-2e-09,-0.00010006237,2.8e-09,0.0,-9.833868e-15,0.00049999944,-0.0004999373,-6.212469e-08,2e-09,1.999999e-09,0.0005155343,-0.000465484,-5.0064347e-05,0.0,-2.4948218e-12,0.0002333384,-0.00068424235,0.00045093428,0.0,4.8600702e-12,0.00080079515,-0.00019893162,-0.00060189393,0.0,-3.361027e-12,0.00030664715,-0.0007495002,0.0004428674,0.0,1.0358582e-13,0.0005722587,-0.00043054987,-0.0001417149,-6.0099685e-09,-2.8e-09,1.1627981e-06,-9.786636e-07,-4.3931863e-17
0.04500243344720755,5.0,-5.0,0.0,1.0,8.269965e-07,0.999999,-3.0001264,-3.164981e-05,2.0,3.0002744,7.3937525e-05,-1.4102292,-6.820011e-05,0.5982893,2.1381618e-06,-4.9999895,-1.4,-6.0828713e-13,0.00011110877,-0.00015000474,0.00010000158,0.00030002004,0.00030002004,-0.00030003424,-0.00030003424,0.00014102313,2.991436e-05,1.6238404e-09,5.0001534e-05,-0.0029298095,0.0030296368,0.0,-2e-09,-0.00010000158,2.8e-09,0.0,1.6539927e-15,0.0004999692,-0.00049996754,-1.6238285e-09,2e-09,1.999998e-09,0.00051550235,-0.00046551286,-5.0003535e-05,0.0,-6.3299626e-14,0.0002339234,-0.0006839239,0.00045003078,0.0,1.4787505e-13,0.0007999859,-0.00019996197,-0.0006000543,0.0,-1.364002e-13,0.00030739902,-0.00074844214,0.00044105737,0.0,4.2763233e-15,0.0005718668,-0.0004308497,-0.00014102313,-6.0002527e-09,-2.8e-09,1.1627932e-06,-9.786685e-07,-7.028169e-17
0.04500266981648937,5.0,-5.0,0.0,1.0,-1.1261768e-06,0.999999,-2.9999478,1.251803e-05,2.0,2.999891,-2.8410892e-05,-1.4099023,3.158998e-05,0.5982776,-1.9635602e-06,-4.9999895,-1.4,-6.0827954e-13,0.00011107606,-0.00014999801,9.999938e-05,0.00029999195,0.00029999195,-0.00029998593,-0.00029998593,0.00014099004,2.9913981e-05,-6.822104e-10,4.9999326e-05,-0.002929811,0.003029636,0.0,-2e-09,-9.999938e-05,2.8e-09,0.0,-2.2523536e-15,0.000499968,-0.0004999687,6.822425e-10,2e-09,1.999998e-09,0.0005155012,-0.0004655139,-5.0001323e-05,0.0,2.503606e-14,0.0002339453,-0.00068391097,0.00044999595,0.0,-5.682178e-14,0.0007999516,-0.00020000405,-0.00059997785,0.0,6.317997e-14,0.00030743406,-0.00074839575,0.00044097597,0.0,-3.927121e-15,0.00057184807,-0.00043086408,-0.00014099004,-5.9998952e-09,-2.8e-09,1.162793e-06,-9.786686e-07,-7.6724383e-17
0.045003091260815135,5.0,-5.0,0.0,1.0,5.488587e-07,0.999999,-2.9999943,1.3056466e-06,2.0,3.0000002,2.9122054e-06,-1.4100112,-7.5205767e-06,0.598282,-1.7309424e-07,-4.9999895,-1.4,-6.082821e-13,0.00011108699,-0.00014999977,9.999994e-05,0.00029999972,0.00029999972,-0.00030000077,-0.00030000077,0.0001410011,2.9914108e-05,-3.78394e-11,4.9999886e-05,-0.002929811,0.0030296366,0.0,-2e-09,-9.999994e-05,2.8e-09,0.0,1.0977177e-15,0.00049996836,-0.00049996836,3.7858744e-11,2e-09,1.999998e-09,0.0005155015,-0.00046551364,-5.0001883e-05,0.0,2.6112935e-15,0.00023393949,-0.0006839147,0.00045000552,0.0,5.8244167e-15,0.00079996197,-0.00019999182,-0.0006000005,0.0,-1.5041149e-14,0.0003074226,-0.0007484102,0.00044100184,0.0,-3.4618837e-16,0.0005718543,-0.00043085928,-0.0001410011,-5.9999885e-09,-2.8e-09,1.1627931e-06,-9.786686e-07,-2.8661795e-17
0.0450056199267697,5.0,-5.0,0.0,1.0,1.12304555e-07,0.999999,-2.9999876,2.8601878e-06,2.0,2.999983,-2.2600987e-06,-1.409992,5.3781452e-08,0.5982811,-5.3652496e-07,-4.9999895,-1.4,-6.0828165e-13,0.000111085064,-0.00014999953,9.999986e-05,0.00029999856,0.00029999856,-0.0002999983,-0.0002999983,0.00014099914,2.9914081e-05,-1.3739415e-10,4.9999806e-05,-0.002929811,0.0030296366,0.0,-2e-09,-9.999986e-05,2.8e-09,0.0,2.2460998e-16,0.0004999683,-0.0004999684,1.3739408e-10,2e-09,1.999998e-09,0.0005155014,-0.00046551367,-5.0001807e-05,0.0,5.720376e-15,0.00023394034,-0.0006839141,0.00045000407,0.0,-4.520197e-15,0.0007999603,-0.00019999375,-0.0005999969,0.0,1.0755963e-16,0.00030742458,-0.0007484078,0.00044099745,0.0,-1.0730501e-15,0.00057185325,-0.00043086015,-0.00014099914,-5.999975e-09,-2.8e-09,1.1627931e-06,-9.786686e-07,8.39692e-19
0.047,5.0,-5.0,0.0,1.0,-6.9862836e-09,0.999999,-2.999987,3.0365036e-06,2.0,2.9999807,-3.0781216e-06,-1.4099886,1.5180904e-06,0.5982809,-6.089922e-07,-4.9999895,-1.4,-6.0828155e-13,0.00011108473,-0.0001499995,9.9999845e-05,0.00029999838,0.00029999838,-0.00029999792,-0.00029999792,0.0001409988,2.9914077e-05,-1.521745e-10,4.99998e-05,-0.002929811,0.0030296366,0.0,-2e-09,-9.9999845e-05,2.8e-09,0.0,-1.3972655e-17,0.0004999683,-0.0004999684,1.5217451e-10,2e-09,1.999998e-09,0.0005155014,-0.00046551367,-5.00018e-05,0.0,6.073007e-15,0.00023394045,-0.00068391406,0.00045000386,0.0,-6.156243e-15,0.00079996,-0.00019999404,-0.0005999963,0.0,3.0361803e-15,0.00030742493,-0.0007484074,0.00044099672,0.0,-1.2179845e-15,0.000571853,-0.00043086027,-0.0001409988,-5.999974e-09,-2.8e-09,1.1627931e-06,-9.786686e-07,7.103176e-17
0.047001,5.0,-5.0,0.0,1.0,-6.4293718e-06,0.999999,-2.9999871,1.3379969e-06,2.0,2.9999654,-1.0897178e-05,-1.4099482,2.4205483e-05,0.59827906,-1.5624196e-06,-4.9999895,-1.4,-6.082806e-13,0.00011108063,-0.00014999943,9.999993e-05,0.00029999763,0.00029999763,-0.00029999414,-0.00029999414,0.00014099466,2.991403e-05,-3.8836842e-10,4.9999882e-05,-0.0029298102,0.0030296359,0.0,-2e-09,-9.999993e-05,2.8e-09,0.0,-1.2858743e-14,0.0004999682,-0.00049996853,3.8838127e-10,2e-09,1.999998e-09,0.0005155015,-0.00046551364,-5.0001883e-05,0.0,2.6759937e-15,0.00023394058,-0.00068391336,0.00045000305,0.0,-2.1794356e-14,0.0007999576,-0.00019999617,-0.00059999176,0.0,4.8410965e-14,0.0003074289,-0.0007484034,0.00044098878,0.0,-3.1248392e-15,0.0005718507,-0.0004308621,-0.00014099466,-5.9999743e-09,-2.8e-09,1.1627931e-06,-9.786686e-07,7.0716875e-17
0.047001100000000004,5.0,-5.0,0.0,0.9,-3.2128114e-06,0.90984595,-2.938374,-0.007132776,2.0,2.9502063,0.0059159906,-1.390104,-0.002385812,0.5978699,5.4368338e-05,-4.9999895,-1.4,-6.078145e-13,0.0001091257,-0.00014656207,0.00010035664,0.00029442902,0.00029442902,-0.0002952592,-0.0002952592,0.00013901584,2.9890774e-05,3.5647813e-07,4.5848938e-05,-0.0029313653,0.003031547,0.0,-1.8e-09,-0.000100356665,2.8e-09,0.0,-6.425623e-15,0.0005001467,-0.0004997901,-3.565039e-07,1.8e-09,1.819692e-09,0.0005149629,-0.00046912415,-4.5851524e-05,0.0,-1.4265551e-11,0.00024000143,-0.00068097113,0.00044099937,0.0,1.1831982e-11,0.0007944936,-0.0002048322,-0.0005896912,0.0,-4.7716245e-12,0.0003098685,-0.00074413145,0.00043427703,0.0,1.08736676e-13,0.0005707295,-0.00043171915,-0.00013901643,-5.8767484e-09,-2.8e-09,1.1627315e-06,-9.787302e-07,1.7209592e-17
0.0470013,5.0,-5.0,0.0,0.7,-5.614961e-07,0.7159281,-2.7736514,-0.014430841,2.0,2.8005831,0.013465754,-1.3249955,-0.005932865,0.5963443,0.00015357014,-4.9999895,-1.4,-6.061901e-13,0.00010270575,-0.00013796103,0.00010072155,0.00027871173,0.00027871176,-0.0002806516,-0.00028065164,0.0001325149,2.9809535e-05,7.2151397e-07,3.6517948e-05,-0.0029348307,0.0030353758,0.0,-1.4e-09,-0.000100721554,2.8e-09,0.0,-1.1229924e-15,0.00050032925,-0.00049960776,-7.215291e-07,1.4e-09,1.4318562e-09,0.000513086,-0.00047657616,-3.6519847e-05,0.0,-2.8861682e-11,0.00025638292,-0.00067303464,0.00041667974,0.0,2.6931507e-11,0.0007789765,-0.00021963968,-0.00055936514,0.0,-1.1865731e-11,0.00031782666,-0.000730981,0.00041316773,0.0,3.071403e-13,0.00056706695,-0.0004345577,-0.00013251526,-5.547303e-09,-2.8e-09,1.1625667e-06,-9.78895e-07,-4.3763227e-18
0.047001600000000004,5.0,-5.0,0.0,0.4,5.538513e-08,0.41610953,-2.481611,-0.016375221,2.0,2.514449,0.016418794,-1.1930649,-0.007669214,0.592762,0.00023267095,-4.9999895,-1.4,-6.0252926e-13,8.9703295e-05,-0.0001232618,0.00010081876,0.00024980298,0.00024980304,-0.00025221182,-0.00025221184,0.00011932975,2.9626464e-05,8.187638e-07,2.1624239e-05,-0.0029393348,0.0030399747,0.0,-8e-10,-0.00010081876,2.8e-09,0.0,1.10770264e-16,0.0005003779,-0.00049955916,-8.1876374e-07,8e-10,8.3221907e-10,0.0005085722,-0.00048695292,-2.1625074e-05,0.0,-3.275044e-11,0.00028519405,-0.0006582387,0.00037306975,0.0,3.2837587e-11,0.00075023726,-0.00024824784,-0.0005020149,0.0,-1.5338428e-11,0.000334083,-0.00070561253,0.0003715416,0.0,4.653419e-13,0.0005597082,-0.00044038444,-0.00011932976,-4.9632223e-09,-2.8e-09,1.1622744e-06,-9.791879e-07,-2.4266285e-17
0.047002,5.0,-5.0,0.0,7.346346e-13,-3.3996287e-08,0.017159281,-2.0816712,-0.01612785,2.0,2.1124372,0.015382807,-1.0031606,-0.007017059,0.5869689,0.00026231087,-4.9999895,-1.4,-5.967066e-13,7.1006965e-05,-0.00010327717,0.00010080639,0.00020970541,0.00020970544,-0.00021194543,-0.00021194544,0.000100342295,2.933533e-05,8.0639086e-07,1.6643565e-06,-0.0029435125,0.003044137,0.0,-1.4690728e-21,-0.00010080639,2.8e-09,0.0,-6.799257e-17,0.00050037174,-0.0004995653,-8.0639086e-07,1.4690728e-21,3.4318562e-11,0.0005007976,-0.00049913337,-1.6643909e-06,0.0,-3.22557e-11,0.00032395663,-0.00063692237,0.00031298675,0.0,3.0765616e-11,0.0007102078,-0.00028857827,-0.00042165088,0.0,-1.4034118e-11,0.00035781064,-0.0006700882,0.00031228774,0.0,5.2462174e-13,0.00054920634,-0.00044886995,-0.000100342295,-4.1633426e-09,-2.8e-09,1.1618736e-06,-9.795915e-07,8.6039066e-17
0.04700204,5.0,-5.0,0.0,0.0,1.0094541e-06,0.007818083,-2.0555599,-0.011935093,2.0,2.0816674,0.013053648,-0.98773456,-0.0063610803,0.58639044,0.00024754214,-4.9999895,-1.4,-5.9614287e-13,6.949107e-05,-0.00010218124,0.00010059676,0.00020686135,0.00020686138,-0.00020880286,-0.00020880287,9.879821e-05,2.9307144e-05,5.9680514e-07,9.876588e-07,-0.0029438287,0.0030442434,0.0,-4.896909e-22,-0.00010059676,2.8e-09,0.0,2.0189081e-15,0.00050026685,-0.00049967004,-5.968052e-07,4.896909e-22,1.5636166e-11,0.0005004611,-0.0004994735,-9.876745e-07,0.0,-2.3870187e-11,0.00032649603,-0.00063552195,0.0003090467,0.0,2.6107297e-11,0.00070731563,-0.00029167242,-0.00041566425,0.0,-1.272216e-11,0.00035976243,-0.0006673535,0.0003076011,0.0,4.950842e-13,0.0005483647,-0.00044957243,-9.879821e-05,-4.11112e-09,-2.8e-09,1.1618471e-06,-9.796191e-07,9.292322e-17
0.04700212,5.0,-5.0,0.0,0.0,1.3812012e-06,0.00081596075,-2.0237427,-0.0057312828,2.0,2.039642,0.007949637,-0.9650729,-0.0043816376,0.58548313,0.00018652125,-4.9999895,-1.4,-5.9529665e-13,6.7261106e-05,-0.00010090057,0.00010028657,0.00020316924,0.00020316926,-0.00020440237,-0.00020440239,9.652594e-05,2.9264833e-05,2.866332e-07,3.273622e-07,-0.0029442473,0.0030443524,0.0,0.0,-0.00010028657,2.8e-09,0.0,2.7624023e-15,0.00050011167,-0.00049982505,-2.8663322e-07,0.0,1.6319215e-12,0.0005001319,-0.0004998046,-3.273638e-07,0.0,-1.1462565e-11,0.00032966395,-0.0006337174,0.00030407385,0.0,1.5899275e-11,0.00070346973,-0.00029591867,-0.0004075716,0.0,-8.763275e-12,0.00036257962,-0.0006634982,0.0003009283,0.0,3.730425e-13,0.0005471287,-0.0004506086,-9.652594e-05,-4.0474855e-09,-2.8e-09,1.1618142e-06,-9.796547e-07,6.10349e-17
0.04700228,5.0,-5.0,0.0,0.0,4.7745533e-07,-0.0001901961,-2.0036619,-0.0009628646,2.0,2.0076954,0.0020167776,-0.94566673,-0.0013944955,0.5846244,6.960507e-05,-4.9999895,-1.4,-5.945548e-13,6.53459e-05,-0.000100134945,0.00010004814,0.00020056785,0.00020056785,-0.00020090898,-0.000200909,9.457363e-05,2.922774e-05,4.8167102e-08,3.8633424e-08,-0.0029445253,0.003044392,0.0,0.0,-0.00010004814,2.8e-09,0.0,9.549106e-16,0.00049999246,-0.00049994426,-4.8167106e-08,0.0,-3.803922e-13,0.0004999876,-0.00049994903,-3.8633043e-08,0.0,-1.925729e-12,0.00033175416,-0.00063244073,0.0003007068,0.0,4.0335556e-12,0.00070063473,-0.00029917815,-0.00040147683,0.0,-2.7889908e-12,0.00036492528,-0.0006603984,0.00029548263,0.0,1.3921015e-13,0.00054606935,-0.00045150158,-9.457363e-05,-4.007324e-09,-2.8e-09,1.1617919e-06,-9.796828e-07,2.382386e-17
0.0470026,5.0,-5.0,0.0,0.0,-1.5793537e-08,4.072513e-06,-1.9998932,2.7706974e-05,2.0,1.9997667,-6.3284475e-05,-0.9398269,4.3147917e-05,0.58432454,-2.6194598e-06,-4.9999895,-1.4,-5.943271e-13,6.476607e-05,-9.999605e-05,9.9998615e-05,0.000199983,0.000199983,-0.00019997236,-0.00019997236,9.3982424e-05,2.921636e-05,-1.3861382e-09,-1.1817246e-09,-0.0029445677,0.0030443848,0.0,0.0,-9.9998615e-05,2.8e-09,0.0,-3.158708e-17,0.00049996766,-0.00049996906,1.3830347e-09,0.0,8.144969e-15,0.0004999678,-0.00049996894,1.197208e-09,0.0,5.5413925e-14,0.00033217916,-0.000632142,0.00029998302,0.0,-1.2656892e-13,0.00069993956,-0.00030000438,-0.00039995532,0.0,8.6295825e-14,0.00036560238,-0.00065954763,0.00029395477,0.0,-5.2389187e-15,0.0005457495,-0.00045177294,-9.3982424e-05,-3.9997867e-09,-2.8e-09,1.1617847e-06,-9.796997e-07,3.9701162e-18
0.04700289770215942,5.0,-5.0,0.0,0.0,3.9805688e-08,-5.7630765e-05,-2.000115,-4.3131397e-05,2.0,2.000267,7.61227e-05,-0.94015896,-2.2710328e-05,0.58433956,-7.652546e-07,-4.9999895,-1.4,-5.9434017e-13,6.4798805e-05,-0.00010000359,0.00010000216,0.0002000191,0.0002000191,-0.000200029,-0.000200029,9.401582e-05,2.9217017e-05,2.1585598e-09,-7.249697e-10,-0.0029445642,0.003044385,0.0,0.0,-0.000100002166,2.8e-09,0.0,7.9611376e-17,0.00049996946,-0.00049996725,-2.1645512e-09,0.0,-1.1526155e-13,0.00049996795,-0.0004999687,7.5500023e-10,0.0,-8.6262804e-14,0.00033215358,-0.00063216005,0.00030002667,0.0,1.522454e-13,0.000699981,-0.0002999531,-0.00040004807,0.0,-4.5420658e-14,0.000365563,-0.00065959827,0.0002940448,0.0,-1.5305072e-15,0.0005457676,-0.00045175763,-9.401582e-05,-4.00023e-09,-2.8e-09,1.1617828e-06,-9.797074e-07,-8.1844914e-18
0.04700349310647827,5.0,-5.0,0.0,0.0,-1.2814888e-08,2.4710249e-05,-1.9999617,1.5733298e-05,2.0,1.99992,-2.0867703e-05,-0.9399604,1.3580284e-06,0.5843324,-8.164807e-08,-4.9999895,-1.4,-5.9433247e-13,6.477941e-05,-9.999888e-05,9.999922e-05,0.00019999409,0.00019999409,-0.00019999186,-0.00019999186,9.399604e-05,2.9216626e-05,-7.8730594e-10,4.4884688e-10,-0.0029445675,0.0030443852,0.0,0.0,-9.999922e-05,2.8e-09,0.0,-2.5629778e-17,0.00049996795,-0.00049996877,7.8331225e-10,0.0,4.9420483e-14,0.00049996853,-0.0004999681,-4.2895257e-10,0.0,3.14666e-14,0.0003321713,-0.00063214806,0.00029999693,0.0,-4.1735407e-14,0.00069995376,-0.00029998802,-0.00039998593,0.0,2.716062e-15,0.00036558736,-0.00065956573,0.0002939879,0.0,-1.6329383e-16,0.00054575683,-0.00045176668,-9.399603e-05,-3.9999235e-09,-2.8e-09,1.1617808e-06,-9.797149e-07,-1.5053152e-17
0.04700468391511597,5.0,-5.0,0.0,0.0,5.191138e-09,-1.0990082e-05,-2.000003,-3.5495516e-06,2.0,2.0000124,4.5879287e-06,-0.94000286,2.013175e-06,0.5843332,-8.670286e-07,-4.9999895,-1.4,-5.943341e-13,6.47835e-05,-9.999998e-05,0.00010000018,0.00020000078,0.00020000078,-0.00020000104,-0.00020000104,9.40002e-05,2.9216704e-05,1.7773723e-10,-3.7202627e-10,-0.0029445663,0.003044385,0.0,0.0,-0.00010000018,2.8e-09,0.0,1.03822756e-17,0.0004999684,-0.00049996824,-1.7773678e-10,0.0,-2.1980175e-14,0.0004999682,-0.00049996853,3.7204848e-10,0.0,-7.099103e-15,0.00033216653,-0.0006321511,0.00030000476,0.0,9.175858e-15,0.00069996057,-0.00029997894,-0.00040000182,0.0,4.026352e-15,0.00036558183,-0.00065957353,0.00029400125,0.0,-1.7340555e-15,0.0005457591,-0.0004517648,-9.40002e-05,-4.0000065e-09,-2.8e-09,1.1617796e-06,-9.797196e-07,-7.873701e-18
0.04700706553239136,5.0,-5.0,0.0,0.0,-2.3372329e-09,5.2429095e-06,-1.9999871,4.550811e-06,2.0,1.9999776,-4.784976e-06,-0.9399891,2.0995503e-07,0.58433306,-4.4849062e-07,-4.9999895,-1.4,-5.9433356e-13,6.478219e-05,-9.999958e-05,9.999977e-05,0.00019999822,0.00019999822,-0.00019999772,-0.00019999772,9.399887e-05,2.9216679e-05,-2.2765716e-10,3.46058e-11,-0.002944567,0.003044385,0.0,0.0,-9.999977e-05,2.8e-09,0.0,-4.6744663e-18,0.00049996824,-0.0004999685,2.2765745e-10,0.0,1.04858435e-14,0.00049996836,-0.00049996836,-3.4615866e-11,0.0,9.101624e-15,0.00033216836,-0.00063215,0.0003000018,0.0,-9.569952e-15,0.00069995807,-0.00029998232,-0.00039999594,0.0,4.1990698e-16,0.0003655837,-0.0006595708,0.0002939966,0.0,-8.969803e-16,0.00054575835,-0.0004517654,-9.399887e-05,-3.999974e-09,-2.8e-09,1.1617791e-06,-9.797212e-07,-2.0331896e-17
0.049973346415917455,5.0,-5.0,0.0,0.0,6.822704e-10,-1.2291615e-06,-1.9999937,1.2717404e-06,2.0,1.999991,-1.3362636e-06,-0.93999386,1.3190729e-06,0.5843331,-6.398174e-07,-4.9999895,-1.4,-5.943337e-13,6.478261e-05,-9.999975e-05,9.999993e-05,0.00019999922,0.00019999922,-0.00019999896,-0.00019999896,9.399932e-05,2.9216688e-05,-6.355242e-11,-1.2504457e-10,-0.0029445668,0.003044385,0.0,0.0,-9.999994e-05,2.8e-09,0.0,1.364542e-18,0.00049996836,-0.00049996836,6.2232e-11,0.0,-2.45832e-15,0.0004999683,-0.0004999684,1.4906061e-10,0.0,2.543466e-15,0.00033216766,-0.0006321504,0.00030000292,0.0,-2.6725268e-15,0.000699959,-0.00029998107,-0.00039999813,0.0,2.6381485e-15,0.00036558305,-0.0006595718,0.00029399822,0.0,-1.2796359e-15,0.00054575864,-0.0004517652,-9.39993e-05,-3.9999875e-09,-2.8e-09,1.1617791e-06,-9.797211e-07,2.8318287e-17
0.04998733782592972,5.0,-5.0,0.0,0.0,4.1565484e-09,-1.1685188e-05,-1.9999995,-2.7761416e-06,2.0,2.0000033,1.9469123e-06,-0.93999636,3.539147e-06,0.58433294,-9.127122e-07,-4.9999895,-1.4,-5.943338e-13,6.478288e-05,-9.999983e-05,0.000100000136,0.00020000013,0.00020000013,-0.00019999998,-0.00019999998,9.3999544e-05,2.9216691e-05,1.3901502e-10,-4.4545226e-10,-0.0029445665,0.003044385,0.0,0.0,-0.000100000136,2.8e-09,0.0,8.3130965e-18,0.0004999684,-0.0004999683,-1.3723067e-10,0.0,-2.3370393e-14,0.0004999682,-0.00049996853,4.1248782e-10,0.0,-5.552294e-15,0.00033216694,-0.0006321508,0.00030000406,0.0,3.893824e-15,0.00069995987,-0.00029997982,-0.00040000022,0.0,7.0783e-15,0.00036558256,-0.00065957266,0.0002939996,0.0,-1.8254246e-15,0.00054575875,-0.00045176508,-9.399957e-05,-3.999999e-09,-2.8e-09,1.1617791e-06,-9.797212e-07,1.9565897e-17
0.04999333782592972,5.0,-5.0,0.0,0.0,-4.5869086e-09,1.4885101e-05,-1.9999835,7.839345e-06,2.0,1.9999726,-5.4352445e-06,-0.939992,-3.321121e-06,0.58433354,-1.4963662e-07,-4.9999895,-1.4,-5.9433366e-13,6.4782485e-05,-9.999957e-05,9.999961e-05,0.00019999781,0.00019999781,-0.0001999976,-0.0001999976,9.399919e-05,2.9216684e-05,-3.9219666e-10,3.522878e-10,-0.0029445672,0.0030443852,0.0,0.0,-9.999961e-05,2.8e-09,0.0,-9.173822e-18,0.0004999682,-0.00049996853,3.9119757e-10,0.0,2.977022e-14,0.00049996853,-0.0004999682,-3.3236666e-10,0.0,1.567868e-14,0.00033216877,-0.00063214987,0.00030000132,0.0,-1.0870487e-14,0.0006999579,-0.00029998276,-0.00039999533,0.0,-6.642229e-15,0.00036558355,-0.0006595708,0.00029399674,0.0,-2.9927268e-16,0.0005457585,-0.00045176526,-9.399917e-05,-3.999967e-09,-2.8e-09,1.1617791e-06,-9.797212e-07,-8.2509056e-17
0.04999633782592972,5.0,-5.0,0.0,0.0,-2.3177087e-09,9.073711e-06,-1.9999877,5.334526e-06,2.0,1.999981,-3.32971e-06,-0.9399939,-1.8967452e-06,0.5843334,-3.280076e-07,-4.9999895,-1.4,-5.943337e-13,6.478265e-05,-9.9999656e-05,9.9999736e-05,0.00019999844,0.00019999844,-0.00019999829,-0.00019999829,9.3999355e-05,2.9216688e-05,-2.6684224e-10,1.8696038e-10,-0.002944567,0.0030443852,0.0,0.0,-9.9999736e-05,2.8e-09,0.0,-4.635424e-18,0.0004999682,-0.0004999685,2.6567473e-10,0.0,1.8147484e-14,0.0004999684,-0.0004999683,-1.6691122e-10,0.0,1.0669055e-14,0.0003321683,-0.00063215016,0.00030000205,0.0,-6.659424e-15,0.0006999584,-0.00029998194,-0.00039999667,0.0,-3.7934968e-15,0.00036558323,-0.0006595713,0.0002939976,0.0,-6.560143e-16,0.00054575864,-0.00045176517,-9.399934e-05,-3.9999755e-09,-2.8e-09,1.1617791e-06,-9.797212e-07,-3.720769e-18
0.04999733782592972,5.0,-5.0,0.0,0.0,1.6321404e-09,-7.5574503e-06,-1.9999956,-8.007826e-07,2.0,1.9999926,-1.5022703e-06,-0.9399911,3.6980618e-06,0.5843328,-8.1577974e-07,-4.9999895,-1.4,-5.943336e-13,6.478234e-05,-9.999974e-05,0.00010000004,0.00019999941,0.00019999941,-0.00019999889,-0.00019999889,9.399903e-05,2.921668e-05,4.0120726e-11,-3.3783334e-10,-0.0029445665,0.003044385,0.0,0.0,-0.00010000004,2.8e-09,0.0,3.2642751e-18,0.00049996836,-0.00049996836,-4.060591e-11,0.0,-1.5114859e-14,0.0004999682,-0.00049996853,3.4596345e-10,0.0,-1.6015529e-15,0.00033216746,-0.00063215045,0.00030000313,0.0,-3.0045461e-15,0.00069995906,-0.00029998095,-0.00039999827,0.0,7.39612e-15,0.00036558326,-0.00065957167,0.0002939979,0.0,-1.6315588e-15,0.00054575846,-0.0004517653,-9.399902e-05,-3.9999914e-09,-2.8e-09,1.1617791e-06,-9.797212e-07,1.1208246e-17
0.049998,5.0,-5.0,0.0,0.0,8.140764e-10,-1.5781291e-06,-1.9999931,1.3137225e-06,2.0,1.9999907,-1.2529443e-06,-0.9399936,1.3370011e-06,0.58433306,-6.459909e-07,-4.9999895,-1.4,-5.943337e-13,6.478262e-05,-9.999973e-05,9.999993e-05,0.00019999918,0.00019999918,-0.00019999893,-0.00019999893,9.39993e-05,2.9216686e-05,-6.564543e-11,-1.4459327e-10,-0.0029445668,0.003044385,0.0,0.0,-9.999993e-05,2.8e-09,0.0,1.6281491e-18,0.0004999683,-0.0004999684,6.5668304e-11,0.0,-3.1562542e-15,0.0004999683,-0.0004999684,1.4421657e-10,0.0,2.6274551e-15,0.00033216766,-0.00063215045,0.00030000292,0.0,-2.505891e-15,0.000699959,-0.00029998107,-0.00039999813,0.0,2.6740006e-15,0.00036558305,-0.0006595718,0.00029399825,0.0,-1.2919813e-15,0.0005457586,-0.0004517652,-9.3999304e-05,-3.9999866e-09,-2.8e-09,1.1617791e-06,-9.797211e-07,1.7985138e-17
0.04999867565185945,5.0,-5.0,0.0,0.0,2.4335625e-09,-1.9597785e-05,-1.9999996,-4.827312e-06,2.0,1.9999946,-2.5454697e-06,-0.9399856,8.066016e-06,0.5843323,-1.101266e-06,-4.9999895,-1.4,-5.943334e-13,6.478179e-05,-9.999974e-05,0.000100000245,0.00019999972,0.00019999972,-0.00019999866,-0.00019999866,9.399845e-05,2.921667e-05,2.414874e-10,-7.3852413e-10,-0.0029445663,0.0030443848,0.0,0.0,-0.000100000245,2.8e-09,0.0,4.867122e-18,0.0004999685,-0.00049996824,-2.413422e-10,0.0,-3.919559e-14,0.000499968,-0.0004999687,7.3664036e-10,0.0,-9.65463e-15,0.00033216708,-0.0006321504,0.00030000348,0.0,-5.0909403e-15,0.00069995906,-0.00029998086,-0.00039999836,0.0,1.6132032e-14,0.00036558372,-0.0006595713,0.00029399712,0.0,-2.202532e-15,0.0005457582,-0.0004517656,-9.399845e-05,-3.9999994e-09,-2.8e-09,1.1617791e-06,-9.797211e-07,1.515758e-17
0.049999351303718895,5.0,-5.0,0.0,0.0,-1.2791583e-09,1.4547469e-05,-1.9999864,7.046142e-06,2.0,1.999984,-1.1430077e-06,-0.93999887,-4.317814e-06,0.5843337,-2.3069904e-07,-4.9999895,-1.4,-5.9433394e-13,6.478316e-05,-9.999967e-05,9.999965e-05,0.00019999853,0.00019999853,-0.00019999883,-0.00019999883,9.3999864e-05,2.9216697e-05,-3.5237083e-10,3.750666e-10,-0.002944567,0.003044385,0.0,0.0,-9.999965e-05,2.8e-09,0.0,-2.5583232e-18,0.0004999682,-0.00049996853,3.5240447e-10,0.0,2.9094924e-14,0.00049996853,-0.0004999682,-3.7517506e-10,0.0,1.4092282e-14,0.0003321683,-0.00063215033,0.0003000022,0.0,-2.286012e-15,0.0006999587,-0.00029998156,-0.00039999737,0.0,-8.6356305e-15,0.0003655827,-0.0006595719,0.0002939987,0.0,-4.613981e-16,0.0005457589,-0.00045176494,-9.3999864e-05,-3.999973e-09,-2.8e-09,1.1617791e-06,-9.797212e-07,6.8256434e-18
0.05,5.0,-5.0,0.0,0.0,1.0625491e-07,0.00027287516,-1.9998997,9.331816e-05,2.0,2.000023,6.164476e-05,-0.94008565,-5.0897263e-05,0.5843383,9.3987245e-07,-4.9999895,-1.4,-5.943374e-13,6.4791784e-05,-9.999965e-05,9.999533e-05,0.00019999614,0.00019999614,-0.00020000739,-0.00020000739,9.4008654e-05,2.921687e-05,-4.6605955e-09,8.9778505e-09,-0.0029445728,0.0030443864,0.0,0.0,-9.999533e-05,2.8e-09,0.0,2.125098e-16,0.00049996603,-0.0004999707,4.6601785e-09,0.0,5.4575035e-13,0.00049997284,-0.0004999639,-8.973196e-09,0.0,1.8663632e-13,0.00033217444,-0.00063215406,0.00029999978,0.0,1.2328952e-13,0.0006999599,-0.00029997661,-0.0004000035,0.0,-1.0179453e-13,0.0003655741,-0.00065958063,0.00029401603,0.0,1.8797448e-15,0.00054576364,-0.0004517609,-9.4008654e-05,-3.9997996e-09,-2.8e-09,1.161779e-06,-9.797213e-07,-2.1876955e-17
0.050000064869628116,5.0,-5.0,0.06486963,0.0,0.055451248,0.0001133731,-2.0321157,0.005862181,2.0,2.0234115,-0.004351999,-0.9486282,0.0016158413,0.5846088,-5.555682e-05,-4.9999895,-1.4,-5.9466375e-13,6.562383e-05,-0.00010189889,9.9706886e-05,0.00020277637,0.00020277635,-0.00020217957,-0.00020217957,9.4857256e-05,2.9233217e-05,2.4794533e-06,-2.874404e-07,-0.0029446688,0.0030441943,-1.2973926e-10,0.0,-9.970691e-05,2.8e-09,1.2973926e-10,1.10902496e-10,0.0005011483,-0.00049867004,-2.479025e-06,0.0,2.2674621e-13,0.00049982464,-0.0005001121,2.8741985e-07,0.0,1.1724363e-11,0.0003293296,-0.00063398713,0.00030467802,0.0,-8.7039985e-12,0.0007026042,-0.0002976702,-0.00040495445,0.0,3.2316825e-12,0.00036437466,-0.000661401,0.00029703593,0.0,-1.1111363e-13,0.00054622546,-0.0004513743,-9.485702e-05,-4.064231e-09,-2.8e-09,1.1618117e-06,-9.796872e-07,-3.6956577e-17
0.05000019460888434,5.0,-5.0,0.19460888,0.0,0.1789099,6.8286945e-06,-2.1281645,0.012687939,2.0,2.1060941,-0.011035087,-0.98308986,0.004608377,0.5857465,-0.00016223552,-4.9999895,-1.4,-5.9590836e-13,6.8997186e-05,-0.00010704262,9.93656e-05,0.00021171293,0.00021171292,-0.00021014857,-0.00021014856,9.829276e-05,2.9295437e-05,8.311098e-06,-6.3405554e-07,-0.0029442054,0.0030433908,-3.8921777e-10,0.0,-9.9365614e-05,2.8e-09,3.8921777e-10,3.578198e-10,0.00050367176,-0.00049536314,-8.311094e-06,0.0,1.3657388e-14,0.0004996514,-0.0005002855,6.340407e-07,0.0,2.5375878e-11,0.0003205027,-0.0006392402,0.00031875895,0.0,-2.2070174e-11,0.0007113215,-0.00028948227,-0.0004218605,0.0,9.216753e-12,0.0003597941,-0.0006682249,0.00030844074,0.0,-3.2447105e-13,0.00054810196,-0.0004498153,-9.829261e-05,-4.256329e-09,-2.8e-09,1.1619093e-06,-9.795858e-07,-2.7540323e-17
0.05000045408739678,5.0,-5.0,0.4540874,0.0,0.43821293,3.0187368e-06,-2.3733869,0.016207112,2.0,2.340442,-0.016472297,-1.0885566,0.0077898125,0.5892514,-0.00027003966,-4.9999895,-1.4,-5.9952125e-13,7.935235e-05,-0.0001194797,9.9189645e-05,0.00023569146,0.00023569142,-0.00023326521,-0.0002332652,0.00010882866,2.947607e-05,2.1100292e-05,-8.102047e-07,-0.0029418233,0.0030408346,-9.081748e-10,0.0,-9.918965e-05,2.8e-09,9.081748e-10,8.764259e-10,0.00050859543,-0.00048750057,-2.1101068e-05,0.0,6.0374717e-15,0.0004995634,-0.0005003736,8.1019846e-07,0.0,3.2414224e-11,0.0002972703,-0.00065242185,0.00035517546,0.0,-3.294459e-11,0.0007351205,-0.00026618835,-0.00046895575,0.0,1.5579624e-11,0.00034623442,-0.0006883165,0.00034209306,0.0,-5.400793e-13,0.000553877,-0.00044505452,-0.00010882842,-4.7467736e-09,-2.8e-09,1.1621578e-06,-9.793278e-07,-1.5304997e-17
0.05000055989428687,5.0,-5.0,0.55989426,0.0,0.5440359,3.1744235e-06,-2.4791758,0.01621568,2.0,2.4459746,-0.01660033,-1.1379511,0.007929881,0.5908115,-0.00026407506,-4.9999895,-1.4,-6.010746e-13,8.421444e-05,-0.00012476958,9.9189216e-05,0.00024625755,0.00024625752,-0.00024380448,-0.00024380448,0.00011376871,2.9553777e-05,2.6391013e-05,-8.106253e-07,-0.002940366,0.0030393777,-1.1197886e-09,0.0,-9.918923e-05,2.8e-09,1.1197886e-09,1.0880719e-09,0.0005102891,-0.00048390502,-2.6391774e-05,0.0,6.348846e-15,0.00049956323,-0.00050037383,8.106099e-07,0.0,3.243136e-11,0.0002869935,-0.00065799936,0.00037103088,0.0,-3.3200658e-11,0.0007457046,-0.0002556694,-0.0004900599,0.0,1.5859763e-11,0.00034005044,-0.0006976104,0.0003575714,0.0,-5.281501e-13,0.00055660284,-0.00044284062,-0.000113768176,-4.9583515e-09,-2.8e-09,1.1622649e-06,-9.792171e-07,-1.4626459e-17
0.050000771508067046,5.0,-5.0,0.77150804,0.0,0.7554407,-3.1879514e-07,-2.690812,0.016156923,2.0,2.6585093,-0.016151179,-1.2383823,0.0075625875,0.59369874,-0.00022353031,-4.9999895,-1.4,-6.039193e-13,9.411914e-05,-0.00013534845,9.9192155e-05,0.0002674661,0.00026746606,-0.00026509468,-0.00026509468,0.00012381589,2.9696113e-05,3.696419e-05,-8.078621e-07,-0.0029364943,0.0030355104,-1.5430162e-09,0.0,-9.919218e-05,2.8e-09,1.5430162e-09,1.5108814e-09,0.00051285716,-0.00047590284,-3.6965022e-05,0.0,-6.375905e-16,0.0004995646,-0.00050037244,8.0783764e-07,0.0,3.2313846e-11,0.0002659671,-0.0006687577,0.00040281774,0.0,-3.230236e-11,0.0007669995,-0.00023446901,-0.0005325573,0.0,1.5125177e-11,0.0003277482,-0.0007166436,0.0003889079,0.0,-4.4706063e-13,0.00056219514,-0.00043838605,-0.00012381512,-5.381624e-09,-2.8e-09,1.1624785e-06,-9.78998e-07,8.5416176e-18
0.050001000000000004,5.0,-5.0,1.0,0.0,0.9835017,-7.5938638e-06,-2.9193752,0.016029527,2.0,2.8869836,-0.016195647,-1.3456099,0.0076683075,0.5965491,-0.0002040091,-4.9999895,-1.4,-6.0675125e-13,0.000104702944,-0.00014677024,9.919852e-05,0.00029031796,0.00029031793,-0.00028793153,-0.00028793153,0.00013454059,2.9837656e-05,4.8373608e-05,-8.0185606e-07,-0.0029315816,0.003030606,-2e-09,0.0,-9.919853e-05,2.8e-09,2e-09,1.9670032e-09,0.0005150326,-0.00046667107,-4.837541e-05,0.0,-1.5187728e-14,0.0004995676,-0.00050036947,8.018543e-07,0.0,3.2059057e-11,0.000242939,-0.00068000314,0.0004370936,0.0,-3.2391295e-11,0.00078990974,-0.00021168993,-0.00057824893,0.0,1.5336616e-11,0.00031476744,-0.00073722564,0.00042247178,0.0,-4.080182e-13,0.00056820246,-0.00043366797,-0.0001345405,-5.838751e-09,-2.8e-09,1.1627088e-06,-9.787627e-07,6.1391466e-17
0.0500010228491933,5.0,-5.0,1.0,0.0,0.9913196,-4.9625914e-06,-2.9373314,0.013495656,2.0,2.907519,-0.014906026,-1.3558116,0.007294125,0.5968026,-0.00019616692,-4.9999895,-1.4,-6.0699807e-13,0.00010571155,-0.00014754134,9.932522e-05,0.00029224256,0.0002922425,-0.0002900225,-0.0002900225,0.00013556154,2.9849936e-05,4.8891197e-05,-6.7503095e-07,-0.002931133,0.003030284,-2e-09,0.0,-9.932529e-05,2.8e-09,2e-09,1.9826392e-09,0.0005151222,-0.00046624348,-4.889268e-05,0.0,-9.925182e-15,0.000499631,-0.00050030596,6.749574e-07,0.0,2.6991312e-11,0.00024101856,-0.00068077794,0.000439789,0.0,-2.9812052e-11,0.00079185003,-0.00020961504,-0.0005822643,0.0,1.458825e-11,0.00031356953,-0.0007391395,0.00042558368,0.0,-3.9233384e-13,0.0005687789,-0.00043322344,-0.00013556147,-5.874663e-09,-2.8e-09,1.1627269e-06,-9.787443e-07,-2.9314398e-18
0.05000106854757989,5.0,-5.0,1.0,0.0,0.9982419,-2.5399409e-06,-2.963341,0.0087245,2.0,2.940538,-0.011401372,-1.3731816,0.0060348143,0.5972463,-0.00016771657,-4.9999895,-1.4,-6.0741397e-13,0.00010743067,-0.00014860327,9.9563775e-05,0.00029519395,0.00029519395,-0.0002934503,-0.0002934503,0.0001373014,2.9870698e-05,4.947587e-05,-4.3635205e-07,-0.002930522,0.0030299115,-2e-09,0.0,-9.9563724e-05,2.8e-09,2e-09,1.9964839e-09,0.00051526737,-0.0004658034,-4.9478e-05,0.0,-5.0798815e-15,0.0004997502,-0.0005001866,4.3640307e-07,0.0,1.7449002e-11,0.00023816862,-0.00068194186,0.00044380315,0.0,-2.2802744e-11,0.0007948542,-0.00020623974,-0.0005886441,0.0,1.2069628e-11,0.00031155688,-0.0007422946,0.00043075162,0.0,-3.3543315e-13,0.000569762,-0.00043246668,-0.00013730137,-5.926682e-09,-2.8e-09,1.1627532e-06,-9.787174e-07,-3.966013e-17
0.05000115994435307,5.0,-5.0,1.0,0.0,1.000163,-1.087965e-06,-2.9873579,0.0032009638,2.0,2.9765666,-0.0053955903,-1.3941394,0.0032972011,0.5978115,-9.841547e-05,-4.9999895,-1.4,-6.079099e-13,0.00010950861,-0.00014952794,9.983995e-05,0.00029819622,0.00029819622,-0.00029732694,-0.00029732694,0.00013940409,2.9895495e-05,4.9848102e-05,-1.601026e-07,-0.0029300207,0.0030296864,-2e-09,0.0,-9.983987e-05,2.8e-09,2e-09,2.000326e-09,0.00051541784,-0.00046558143,-4.9850467e-05,0.0,-2.1759298e-15,0.00049988827,-0.00050004845,1.6018804e-07,0.0,6.401928e-12,0.00023544014,-0.0006831405,0.00044773048,0.0,-1.07911804e-11,0.0007979828,-0.00020248954,-0.00059552334,0.0,6.594402e-12,0.0003091778,-0.0007458948,0.0004367311,0.0,-1.9683093e-13,0.0005709511,-0.00043155302,-0.0001394041,-5.974716e-09,-2.8e-09,1.1627776e-06,-9.786918e-07,-5.7349424e-17
0.05000134273789944,5.0,-5.0,1.0,0.0,0.9999768,-1.046701e-07,-2.9989989,0.00024443862,2.0,2.9978898,-0.0005545145,-1.4083618,0.00043976147,0.59822774,-1.5794967e-05,-4.9999895,-1.4,-6.082435e-13,0.000110922425,-0.00014996217,9.9987774e-05,0.00029984443,0.00029984443,-0.000299745,-0.000299745,0.0001408346,2.9912175e-05,4.998662e-05,-1.2227164e-08,-0.0029298228,0.0030296363,-2e-09,0.0,-9.9987774e-05,2.8e-09,2e-09,1.9999535e-09,0.000515495,-0.00046552045,-4.998862e-05,0.0,-2.0934016e-16,0.00049996225,-0.00049997447,1.2227163e-08,0.0,4.888772e-13,0.00023406107,-0.0006838434,0.00044981262,0.0,-1.109029e-12,0.0007997803,-0.00020022114,-0.00059958943,0.0,8.795229e-13,0.00030760124,-0.00074816664,0.0004405796,0.0,-3.1589935e-14,0.00057176023,-0.00043093166,-0.0001408346,-5.997998e-09,-2.8e-09,1.1627899e-06,-9.786776e-07,-2.1024794e-17
0.05000155221917687,5.0,-5.0,1.0,0.0,1.000021,3.3541102e-08,-3.0001583,-3.4301174e-05,2.0,3.0003977,0.0001197662,-1.4103355,-0.00010110431,0.59829247,2.7925896e-06,-4.9999895,-1.4,-6.0828957e-13,0.00011111935,-0.00015000619,0.000100001715,0.00030002778,0.00030002778,-0.0003000499,-0.0003000499,0.00014103383,2.9914483e-05,5.0002764e-05,1.7167356e-09,-0.0029298095,0.0030296368,-2e-09,0.0,-0.000100001715,2.8e-09,2e-09,2.000042e-09,0.00051550247,-0.00046551175,-5.000476e-05,0.0,6.708222e-17,0.00049996923,-0.0004999675,-1.7167957e-09,0.0,-6.8602344e-14,0.00023391891,-0.0006839286,0.00045003998,0.0,2.3953238e-13,0.0007999955,-0.00019994819,-0.0006000776,0.0,-2.0220862e-13,0.00030738767,-0.0007484571,0.0004410837,0.0,5.5851794e-15,0.00057187286,-0.00043084507,-0.00014103383,-6.0003167e-09,-2.8e-09,1.1627917e-06,-9.786742e-07,1.5207108e-17
0.05000186082741217,5.0,-5.0,1.0,0.0,0.9999835,-1.768961e-08,-2.9999552,7.042723e-06,2.0,2.999877,-3.9173017e-05,-1.4098967,3.0901516e-05,0.5982781,-1.4577972e-06,-4.9999895,-1.4,-6.0827943e-13,0.00011107554,-0.00014999812,9.999965e-05,0.0002999916,0.0002999916,-0.0002999846,-0.0002999846,0.00014098952,2.9913977e-05,4.999882e-05,-3.530207e-10,-0.002929811,0.0030296363,-2e-09,0.0,-9.999965e-05,2.8e-09,2e-09,1.9999669e-09,0.00051550125,-0.00046551452,-5.0000817e-05,0.0,-3.5379216e-17,0.0004999682,-0.00049996853,3.52911e-10,0.0,1.4085449e-14,0.00023394471,-0.0006839101,0.0004499957,0.0,-7.834604e-14,0.0007999515,-0.00020000566,-0.00059997616,0.0,6.180304e-14,0.00030743473,-0.0007483946,0.0004409741,0.0,-2.9155943e-15,0.0005718478,-0.0004308643,-0.00014098952,-5.999911e-09,-2.8e-09,1.162792e-06,-9.786723e-07,1.6981846e-17
0.05000247804388277,5.0,-5.0,1.0,0.0,1.0000055,7.1641466e-09,-2.9999928,3.1260581e-06,2.0,3.0000083,7.66811e-06,-1.4100137,-6.6943176e-06,0.59828186,-4.0519072e-07,-4.9999895,-1.4,-6.0828214e-13,0.000111087225,-0.0001499998,9.9999845e-05,0.00030000007,0.00030000007,-0.0003000015,-0.0003000015,0.00014100134,2.9914112e-05,5.000012e-05,-1.5594466e-10,-0.002929811,0.0030296366,-2e-09,0.0,-9.9999845e-05,2.8e-09,2e-09,2.000011e-09,0.0005155014,-0.00046551338,-5.000212e-05,0.0,1.4328303e-17,0.0004999683,-0.0004999684,1.5593977e-10,0.0,6.252115e-15,0.00023393954,-0.0006839151,0.00045000587,0.0,1.5336224e-14,0.00079996214,-0.00019999093,-0.00060000154,0.0,-1.338863e-14,0.00030742228,-0.0007484108,0.00044100283,0.0,-8.103814e-16,0.00057185447,-0.0004308592,-0.00014100134,-5.999986e-09,-2.8e-09,1.1627926e-06,-9.786703e-07,1.09330075e-17
0.05000371247682397,5.0,-5.0,1.0,0.0,0.99999607,-3.286284e-09,-2.999985,2.7499093e-06,2.0,2.9999704,-7.2539915e-06,-1.4099796,4.4763547e-06,0.5982807,-6.688197e-07,-4.9999895,-1.4,-6.0828133e-13,0.00011108382,-0.00014999938,9.999987e-05,0.00029999777,0.00029999777,-0.00029999658,-0.00029999658,0.00014099789,2.9914068e-05,4.9999664e-05,-1.376597e-10,-0.002929811,0.0030296366,-2e-09,0.0,-9.999987e-05,2.8e-09,2e-09,1.9999922e-09,0.0005155014,-0.00046551382,-5.0001665e-05,0.0,-6.57257e-18,0.0004999683,-0.0004999684,1.3768946e-10,0.0,5.499812e-15,0.00023394074,-0.00068391365,0.00045000316,0.0,-1.4507994e-14,0.00079995923,-0.00019999518,-0.0005999944,0.0,8.9527105e-15,0.00030742591,-0.0007484061,0.0004409945,0.0,-1.3376394e-15,0.00057185255,-0.00043086067,-0.00014099789,-5.99997e-09,-2.8e-09,1.162793e-06,-9.786689e-07,-2.1812864e-17
0.05100079373841196,5.0,-5.0,1.0,0.0,0.99999976,8.511352e-10,-2.9999871,3.1475204e-06,2.0,2.9999828,-2.155474e-06,-1.4099907,8.591917e-07,0.59828097,-5.950877e-07,-4.9999895,-1.4,-6.082816e-13,0.000111084926,-0.00014999951,9.999984e-05,0.0002999985,0.0002999985,-0.0002999982,-0.0002999982,0.000140999,2.991408e-05,4.9999828e-05,-1.5733351e-10,-0.002929811,0.0030296366,-2e-09,0.0,-9.999984e-05,2.8e-09,2e-09,1.9999995e-09,0.0005155015,-0.00046551364,-5.000183e-05,0.0,1.7022769e-18,0.0004999683,-0.0004999684,1.5732615e-10,0.0,6.295041e-15,0.0002339404,-0.0006839141,0.00045000404,0.0,-4.3109437e-15,0.0007999602,-0.0001999938,-0.00059999665,0.0,1.7183828e-15,0.00030742472,-0.0007484077,0.00044099722,0.0,-1.1901755e-15,0.00057185313,-0.00043086018,-0.000140999,-5.9999743e-09,-2.8e-09,1.1627931e-06,-9.786686e-07,-5.0617054e-17
0.05199787499999996,5.0,-5.0,1.0,0.0,0.99999833,-8.7520546e-10,-2.9999871,2.8215209e-06,2.0,2.9999802,-3.4455452e-06,-1.4099884,1.5026712e-06,0.59828097,-5.971103e-07,-4.9999895,-1.4,-6.0828155e-13,0.00011108471,-0.0001499995,9.999986e-05,0.00029999836,0.00029999836,-0.00029999786,-0.00029999786,0.00014099879,2.9914077e-05,4.9999777e-05,-1.4111974e-10,-0.002929811,0.0030296366,-2e-09,0.0,-9.999986e-05,2.8e-09,2e-09,1.9999966e-09,0.0005155014,-0.0004655137,-5.0001778e-05,0.0,-1.7504097e-18,0.0004999683,-0.0004999684,1.411308e-10,0.0,5.6430402e-15,0.00023394043,-0.000683914,0.00045000386,0.0,-6.8910946e-15,0.00079996,-0.0001999941,-0.00059999625,0.0,3.0053432e-15,0.00030742495,-0.0007484073,0.00044099666,0.0,-1.1942205e-15,0.000571853,-0.00043086027,-0.00014099879,-5.9999743e-09,-2.8e-09,1.1627931e-06,-9.786686e-07,4.331503e-18
0.051999000000000004,5.0,-5.0,1.0,0.0,1.0000116,1.691967e-08,-2.9999838,6.9820126e-06,2.0,2.9999933,4.889342e-06,-1.409997,-1.3341075e-08,0.598281,-7.403429e-07,-4.9999895,-1.4,-6.0828176e-13,0.00011108553,-0.00014999954,9.9999656e-05,0.00029999885,0.00029999885,-0.00029999934,-0.00029999934,0.00014099962,2.9914087e-05,5.000023e-05,-3.4825462e-10,-0.002929811,0.0030296363,-2e-09,0.0,-9.9999656e-05,2.8e-09,2e-09,2.0000233e-09,0.00051550136,-0.0004655132,-5.000223e-05,0.0,3.3839334e-17,0.0004999682,-0.00049996853,3.4825196e-10,0.0,1.3964026e-14,0.00023394063,-0.00068391475,0.0004500044,0.0,9.778684e-15,0.00079996046,-0.0001999926,-0.0005999982,0.0,-2.6682102e-17,0.000307424,-0.0007484087,0.00044099896,0.0,-1.4806858e-15,0.0005718535,-0.00043085992,-0.00014099962,-5.999967e-09,-2.8e-09,1.1627931e-06,-9.786686e-07,-2.8991645e-17
0.05200000000591028,5.0,-5.0,1.0,5.910272e-06,1.0000337,7.386568e-08,-2.9999754,1.4600083e-05,2.0,2.999995,9.803165e-06,-1.4099815,1.0962691e-05,0.5982804,-9.921853e-07,-4.9999895,-1.4,-6.082814e-13,0.00011108398,-0.0001499995,9.999927e-05,0.0002999985,0.0002999985,-0.0002999984,-0.0002999984,0.00014099805,2.9914068e-05,5.0000956e-05,-7.2631084e-10,-0.0029298107,0.0030296356,-2e-09,-1.1820545e-14,-9.999927e-05,2.8e-09,2e-09,2.0000674e-09,0.0005155012,-0.00046551233,-5.0002953e-05,1.1820545e-14,1.4773136e-16,0.000499968,-0.0004999687,7.2631057e-10,0.0,2.9200167e-14,0.0002339415,-0.0006839152,0.000450004,0.0,1.9606331e-14,0.0007999592,-0.00019999256,-0.00059999694,0.0,2.1925383e-14,0.00030742545,-0.0007484076,0.00044099646,0.0,-1.9843706e-15,0.0005718526,-0.00043086061,-0.00014099805,-5.9999508e-09,-2.8e-09,1.1627931e-06,-9.786686e-07,1.0544282e-15
0.05200000302975279,5.0,-5.0,1.0,0.0030297528,1.0000278,0.0003114995,-2.9999864,8.823094e-05,2.0,2.9999933,3.4550028e-06,-1.4099832,9.348868e-06,0.59828043,-9.637811e-07,-4.9999895,-1.4,-6.0828144e-13,0.00011108415,-0.00015000373,9.999559e-05,0.000299999,0.000299999,-0.00029999838,-0.00029999838,0.00014099822,2.991407e-05,4.9996983e-05,1.1163428e-08,-0.0029298158,0.003029637,-2e-09,-6.0595053e-12,-9.999559e-05,2.8e-09,2e-09,2.0000557e-09,0.00051549927,-0.00046551434,-4.9998984e-05,6.0595053e-12,6.22999e-13,0.00049997395,-0.0004999628,-1.1164004e-08,0.0,1.7646189e-13,0.00023394176,-0.0006839202,0.00045000872,0.0,6.9100063e-15,0.0007999599,-0.00019999282,-0.00059999735,0.0,1.8697736e-14,0.0003074253,-0.0007484076,0.0004409966,0.0,-1.927562e-15,0.0005718527,-0.00043086053,-0.00014099822,-5.999973e-09,-2.8e-09,1.1627931e-06,-9.786686e-07,-5.072757e-16
0.052000006053595296,5.0,-5.0,1.0,0.0060535953,1.0000234,0.001177017,-3.0000346,0.00029146057,2.0,2.9999957,-1.9391187e-05,-1.4099846,9.1297525e-06,0.5982805,-9.3748406e-07,-4.9999895,-1.4,-6.0828144e-13,0.00011108429,-0.0001500163,9.9985424e-05,0.0003000015,0.0003000015,-0.00029999868,-0.00029999868,0.00014099837,2.9914072e-05,4.9986596e-05,4.427782e-08,-0.0029298288,0.00302964,-2e-09,-1.210719e-11,-9.9985424e-05,2.8e-09,2e-09,2.0000468e-09,0.0005154939,-0.00046551938,-4.9988597e-05,1.210719e-11,2.3540339e-12,0.00049999054,-0.0004999463,-4.4279695e-08,0.0,5.829212e-13,0.00023394085,-0.00068393437,0.0004500238,0.0,-3.8782376e-14,0.0007999628,-0.00019999294,-0.0006000002,0.0,1.8259504e-14,0.00030742513,-0.0007484079,0.000440997,0.0,-1.874968e-15,0.0005718528,-0.00043086047,-0.00014099837,-6.0000693e-09,-2.8e-09,1.1627931e-06,-9.786686e-07,-1.65392e-17
0.05200001210719203,5.0,-5.0,1.0,0.012107192,1.0000169,0.004036107,-3.0003538,0.00092478155,2.0,3.000048,-0.00015298848,-1.4099917,2.0933314e-05,0.5982806,-9.749974e-07,-4.9999895,-1.4,-6.082816e-13,0.000111085,-0.00015006393,9.995376e-05,0.0003000201,0.0003000201,-0.0003000027,-0.0003000027,0.00014099908,2.9914081e-05,4.9954608e-05,1.5556627e-07,-0.0029298682,0.003029648,-2e-09,-2.4214384e-11,-9.9953766e-05,2.8e-09,2e-09,2.000034e-09,0.00051547727,-0.00046553471,-4.995661e-05,2.4214384e-11,8.072214e-12,0.0005000462,-0.0004998907,-1.5556472e-07,0.0,1.8495633e-12,0.00023392228,-0.00068398204,0.00045009,0.0,-3.0597695e-13,0.00079998263,-0.0001999902,-0.0006000228,0.0,4.1866626e-14,0.00030742388,-0.0007484114,0.00044100176,0.0,-1.9499948e-15,0.0005718532,-0.00043086015,-0.00014099908,-6.000708e-09,-2.8e-09,1.1627935e-06,-9.786681e-07,-1.0199688e-18
0.0520000242143855,5.0,-5.0,1.0,0.024214385,1.0000098,0.012441317,-3.0021374,0.0025783842,2.0,3.0005865,-0.0007754872,-1.4100838,0.00013048525,0.59828156,-2.1374465e-06,-4.9999895,-1.4,-6.082837e-13,0.00011109398,-0.00015023579,9.987108e-05,0.0003001362,0.0003001362,-0.0003000456,-0.0003000456,0.00014100817,2.9914185e-05,4.9871567e-05,4.931466e-07,-0.0029299606,0.0030296578,-2e-09,-4.842877e-11,-9.9871104e-05,2.8e-09,2e-09,2.0000195e-09,0.00051543384,-0.0004655743,-4.987359e-05,4.842877e-11,2.4882632e-11,0.00050021335,-0.00049972045,-4.9308653e-07,0.0,5.1567687e-12,0.00023378262,-0.00068413024,0.00045037793,0.0,-1.5509744e-12,0.00080010056,-0.00019994914,-0.00060018175,0.0,2.609705e-13,0.0003074091,-0.0007484486,0.00044105377,0.0,-4.274893e-15,0.00057185837,-0.00043085625,-0.00014100817,-6.004275e-09,-2.8e-09,1.1627952e-06,-9.786664e-07,2.803859e-17
0.05200004842877244,5.0,-5.0,1.0,0.048428774,1.000004,0.033738133,-3.0102544,0.00587189,2.0,3.0045347,-0.0028598744,-1.4110829,0.00071317103,0.598295,-1.14816885e-05,-4.9999895,-1.4,-6.0830643e-13,0.0001111918,-0.00015080631,9.9706405e-05,0.00030073946,0.00030073946,-0.00030038215,-0.00030038215,0.00014110714,2.9915323e-05,4.970661e-05,1.3933121e-06,-0.0029300926,0.0030296252,-2e-09,-9.685754e-11,-9.970647e-05,2.8e-09,2e-09,2.0000082e-09,0.00051534735,-0.0004656527,-4.9708677e-05,9.685754e-11,6.747627e-11,0.0005006509,-0.0004992583,-1.3930932e-06,0.0,1.174378e-11,0.00023305281,-0.00068457396,0.00045155152,0.0,-5.719749e-12,0.00080069323,-0.00019960219,-0.0006011214,0.0,1.4263421e-12,0.00030727082,-0.00074874575,0.00044148922,0.0,-2.2963377e-14,0.0005719147,-0.00043081364,-0.00014110713,-6.020509e-09,-2.8e-09,1.1628033e-06,-9.786584e-07,2.8611115e-17
0.05200009685754632,5.0,-5.0,1.0,0.09685755,1.0000011,0.0809352,-3.03923,0.010426445,2.0,3.024578,-0.0073258686,-1.4179057,0.0024803544,0.5984131,-4.834744e-05,-4.9999895,-1.4,-6.0846087e-13,0.000111862384,-0.00015248283,9.947868e-05,0.00030319043,0.0003031904,-0.00030220978,-0.00030220978,0.00014178573,2.9923074e-05,4.947873e-05,3.525438e-06,-0.0029300689,0.003029374,-2e-09,-1.937151e-10,-9.9478624e-05,2.8e-09,2e-09,2.0000022e-09,0.0005152276,-0.000465761,-4.948068e-05,1.937151e-10,1.618704e-10,0.0005016504,-0.0004981265,-3.5250737e-06,0.0,2.0852889e-11,0.00023023528,-0.0006858822,0.0004556775,0.0,-1.4651738e-11,0.00080308295,-0.00019771545,-0.0006053981,0.0,4.960709e-12,0.00030640882,-0.0007503888,0.0004439943,0.0,-9.669488e-14,0.00057230087,-0.00043052147,-0.00014178542,-6.0784604e-09,-2.8e-09,1.1628323e-06,-9.786294e-07,3.0981994e-18
0.05200019371509408,5.0,-5.0,1.0,0.1937151,0.9999997,0.17765126,-3.1203403,0.014327524,2.0,3.0948114,-0.012764327,-1.4467857,0.005289577,0.59898406,-0.00011684492,-4.9999895,-1.4,-6.0909925e-13,0.00011471112,-0.00015673338,9.928362e-05,0.0003107576,0.00031075758,-0.00030895218,-0.00030895215,0.00014466688,2.9955047e-05,4.9283608e-05,8.166186e-06,-0.002929329,0.0030284396,-2e-09,-3.874302e-10,-9.928328e-05,2.8e-09,2e-09,1.9999993e-09,0.000515125,-0.0004658538,-4.928526e-05,3.874302e-10,3.553025e-10,0.000503672,-0.00049550855,-8.165963e-06,0.0,2.8655049e-11,0.00022193808,-0.0006893996,0.000467493,0.0,-2.5528656e-11,0.000810537,-0.00019086392,-0.00061970437,0.0,1.0579154e-11,0.00030295015,-0.00075655134,0.00045361585,0.0,-2.3368986e-13,0.0005739437,-0.00042928365,-0.00014466608,-6.240681e-09,-2.8e-09,1.1629135e-06,-9.785482e-07,-5.7571486e-17
0.0520003874301896,5.0,-5.0,1.0,0.3874302,0.99999905,0.3713711,-3.3069923,0.016094329,2.0,3.275025,-0.015983459,-1.5284286,0.0073694643,0.60066634,-0.00016827014,-4.9999895,-1.4,-6.1083376e-13,0.0001227838,-0.00016615432,9.9195284e-05,0.00032910088,0.00032910085,-0.00032676556,-0.00032676553,0.00015282603,3.004173e-05,4.9195234e-05,1.7763838e-05,-0.00292672,0.0030257439,-2e-09,-7.748604e-10,-9.919508e-05,2.8e-09,2e-09,1.9999982e-09,0.0005150787,-0.00046589572,-4.919703e-05,7.748604e-10,7.4274215e-10,0.0005073627,-0.00048960355,-1.7764367e-05,0.0,3.2188658e-11,0.00020219675,-0.00069742295,0.0004952596,0.0,-3.1966915e-11,0.0008288236,-0.00017299339,-0.0006558633,0.0,1.4738927e-11,0.00029347956,-0.0007730537,0.00047958957,0.0,-3.3654028e-13,0.0005786156,-0.00042579617,-0.00015282548,-6.6139845e-09,-2.8e-09,1.1631e-06,-9.783615e-07,-6.007523e-17
0.05200060868904402,5.0,-5.0,1.0,0.60868907,0.999999,0.5926354,-3.5276046,0.016257301,2.0,3.495136,-0.016234186,-1.6316651,0.0075161355,0.60277003,-0.00016091848,-4.9999895,-1.4,-6.129308e-13,0.00013300357,-0.0001771931,9.9187135e-05,0.00035113705,0.000351137,-0.00034876197,-0.00034876194,0.00016315041,3.0146546e-05,4.9187085e-05,2.8818906e-05,-0.00292287,0.0030218875,-2e-09,-1.2173781e-09,-9.918713e-05,2.8e-09,2e-09,1.999998e-09,0.0005150745,-0.0004658995,-4.9189075e-05,1.2173781e-09,1.1852708e-09,0.0005110416,-0.0004822299,-2.8820083e-05,0.0,3.25146e-11,0.00017838867,-0.00070668996,0.0005283369,0.0,-3.2468372e-11,0.00085091725,-0.00015105432,-0.0006998982,0.0,1.5032272e-11,0.00028172904,-0.00079362415,0.0005119116,0.0,-3.2183699e-13,0.00058455556,-0.00042141147,-0.00016315012,-7.0552093e-09,-2.8e-09,1.1633207e-06,-9.78141e-07,-6.738932e-17
0.05200080434452201,5.0,-5.0,1.0,0.8043445,0.999999,0.788281,-3.7230425,0.016309172,2.0,3.6903896,-0.016326325,-1.7233605,0.007566342,0.6044922,-0.00015341159,-4.9999895,-1.4,-6.146456e-13,0.00014208844,-0.00018696759,9.918454e-05,0.00037067162,0.0003706716,-0.00036828234,-0.00036828232,0.00017232072,3.0232279e-05,4.918449e-05,3.8598595e-05,-0.0029182823,0.0030172986,-2e-09,-1.6086891e-09,-9.9184545e-05,2.8e-09,2e-09,1.999998e-09,0.00051507313,-0.00046590075,-4.9186492e-05,1.6086891e-09,1.576562e-09,0.00051340985,-0.0004748208,-3.860017e-05,0.0,3.2618346e-11,0.00015671478,-0.00071432383,0.0005576467,0.0,-3.265265e-11,0.000870507,-0.00013159036,-0.00073895394,0.0,1.5132683e-11,0.0002715319,-0.0008121175,0.00054060307,0.0,-3.0682317e-13,0.00058988214,-0.0004175675,-0.00017232071,-7.4460855e-09,-2.8e-09,1.1635161e-06,-9.779454e-07,-2.0949477e-17
0.052001000000000006,5.0,-5.0,1.0,1.0,0.999999,0.9839346,-3.9184244,0.016377153,2.0,3.8856266,-0.016398706,-1.8151159,0.0075703715,0.60610795,-0.00014534182,-4.9999895,-1.4,-6.162533e-13,0.0001511844,-0.00019674007,9.918114e-05,0.00039020256,0.00039020253,-0.00038780563,-0.0003878056,0.00018149706,3.0312665e-05,4.9181093e-05,4.837787e-05,-0.0029126704,0.0030116849,-2e-09,-2e-09,-9.918115e-05,2.8e-09,2e-09,1.999998e-09,0.0005150714,-0.00046590235,-4.9183094e-05,2e-09,1.9678692e-09,0.0005150248,-0.00046665885,-4.837984e-05,0.0,3.2754306e-11,0.00013453579,-0.00072144665,0.0005869505,0.0,-3.279741e-11,0.0008900962,-0.00011212734,-0.0007780082,0.0,1.5140743e-11,0.00026152396,-0.0008308083,0.0005693027,0.0,-2.9068363e-13,0.00059525453,-0.00041376357,-0.00018149706,-7.8368485e-09,-2.8e-09,1.1637119e-06,-9.777506e-07,-8.532798e-18
0.05200100880932673,5.0,-5.0,1.0,1.0,0.99999845,0.98897016,-3.9266715,0.015574147,2.0,3.8942804,-0.016195247,-1.8192273,0.0075403918,0.60617805,-0.00014481042,-4.9999895,-1.4,-6.1632286e-13,0.00015159212,-0.00019711228,9.922129e-05,0.00039104762,0.0003910476,-0.00038867403,-0.000388674,0.00018190825,3.0316143e-05,4.9221217e-05,4.86698e-05,-0.0029123898,0.0030114444,-2e-09,-2e-09,-9.922133e-05,2.8e-09,2e-09,1.999997e-09,0.00051509246,-0.0004658833,-4.922325e-05,2e-09,1.9779403e-09,0.0005150609,-0.00046640323,-4.8671653e-05,0.0,3.1148296e-11,0.00013355649,-0.0007216845,0.0005881677,0.0,-3.2390497e-11,0.0008909389,-0.0001112568,-0.0007797216,0.0,1.5080784e-11,0.00026108092,-0.00083164475,0.0005705823,0.0,-2.8962084e-13,0.0005954963,-0.00041359416,-0.00018190825,-7.853343e-09,-2.8e-09,1.1637198e-06,-9.77742e-07,1.1276867e-17
0.05200102642798019,5.0,-5.0,1.0,1.0,0.9999975,0.99507403,-3.941308,0.013440756,2.0,3.910728,-0.015289906,-1.8272505,0.007341204,0.606316,-0.00014207426,-4.9999895,-1.4,-6.1645806e-13,0.00015238793,-0.00019773743,9.932796e-05,0.00039260183,0.00039260177,-0.00039033865,-0.00039033865,0.00018271084,3.0322903e-05,4.932784e-05,4.908166e-05,-0.0029119,0.003011061,-2e-09,-2e-09,-9.932795e-05,2.8e-09,2e-09,1.999995e-09,0.00051514845,-0.0004658327,-4.932982e-05,2e-09,1.990148e-09,0.00051513466,-0.00046606496,-4.9083712e-05,0.0,2.6881513e-11,0.00013178238,-0.00072208967,0.00059034716,0.0,-3.0579813e-11,0.00089248223,-0.00010958139,-0.0007829404,0.0,1.4682408e-11,0.00026021994,-0.00083325093,0.0005730495,0.0,-2.8414852e-13,0.00059596845,-0.00041326377,-0.00018271084,-7.8826154e-09,-2.8e-09,1.1637344e-06,-9.777273e-07,4.3400205e-17
0.05200106166528711,5.0,-5.0,1.0,1.0,0.99999684,0.99905,-3.9623415,0.009176269,2.0,3.9377627,-0.012289325,-1.8413637,0.006384155,0.60656655,-0.00012773096,-4.9999895,-1.4,-6.1669425e-13,0.00015378885,-0.00019857589,9.954119e-05,0.00039500522,0.0003950052,-0.00039313783,-0.00039313783,0.0001841236,3.0334715e-05,4.954103e-05,4.949369e-05,-0.002911226,0.0030106003,-2e-09,-2e-09,-9.954106e-05,2.8e-09,2e-09,1.9999937e-09,0.0005152604,-0.00046573154,-4.9542898e-05,2e-09,1.9981e-09,0.0005152578,-0.00046577572,-4.949614e-05,0.0,1.8352538e-11,0.00012915881,-0.00072270795,0.0005935892,0.0,-2.457865e-11,0.00089486595,-0.00010676291,-0.0007881429,0.0,1.2768309e-11,0.00025871888,-0.00083596155,0.0005772613,0.0,-2.554619e-13,0.00059680024,-0.0004126828,-0.00018412355,-7.924683e-09,-2.8e-09,1.1637554e-06,-9.777062e-07,1.6504366e-17
0.052001132139900944,5.0,-5.0,1.0,1.0,0.99999756,1.0000066,-3.9837694,0.0040586335,2.0,3.9703145,-0.0067274584,-1.8601878,0.0039863777,0.60692143,-8.566027e-05,-4.9999895,-1.4,-6.170069e-13,0.00015565977,-0.00019939139,9.979707e-05,0.0003977042,0.0003977042,-0.0003966328,-0.0003966328,0.0001860102,3.0350357e-05,4.9796945e-05,4.9797396e-05,-0.0029105945,0.0030102246,-2e-09,-2e-09,-9.979694e-05,2.8e-09,2e-09,1.999995e-09,0.00051539484,-0.00046561006,-4.979882e-05,2e-09,2.000013e-09,0.00051539484,-0.00046560916,-4.979975e-05,0.0,8.117266e-12,0.00012641458,-0.00072347774,0.00059710344,0.0,-1.3454917e-11,0.0008975754,-0.00010327911,-0.0007943365,0.0,7.972756e-12,0.00025673924,-0.000839363,0.0005826426,0.0,-1.7132053e-13,0.0005979117,-0.00041190773,-0.0001860101,-7.967539e-09,-2.8e-09,1.1637768e-06,-9.776849e-07,-5.165793e-17
0.05200127308912861,5.0,-5.0,1.0,1.0,0.99999875,0.9999937,-3.9975755,0.0006042389,2.0,3.9951227,-0.0012264095,-1.8764203,0.00087576755,0.60725325,-2.1666934e-05,-4.9999895,-1.4,-6.172748e-13,0.00015727607,-0.00019990899,9.996979e-05,0.0003996349,0.0003996349,-0.0003994247,-0.0003994247,0.00018763986,3.0363746e-05,4.9969727e-05,4.9969472e-05,-0.0029102452,0.003010048,-2e-09,-2e-09,-9.996976e-05,2.8e-09,2e-09,1.9999975e-09,0.00051548565,-0.000465528,-4.99717e-05,2e-09,1.9999875e-09,0.0005154856,-0.00046552817,-4.9971506e-05,0.0,1.2084778e-12,0.00012460872,-0.00072412,0.0005995518,0.0,-2.4528188e-12,0.00089957804,-0.00010055921,-0.0007990593,0.0,1.7515351e-12,0.0002550512,-0.0008420966,0.00058706437,0.0,-4.333387e-14,0.00059887226,-0.00041123858,-0.00018763982,-7.995151e-09,-2.8e-09,1.1637907e-06,-9.77671e-07,-7.45517e-17
0.05200141978352371,5.0,-5.0,1.0,1.0,0.99999905,1.0000023,-4.0000777,-1.9055136e-05,2.0,4.0001855,5.4015716e-05,-1.880131,-2.978469e-05,0.6073357,-1.893858e-07,-4.9999895,-1.4,-6.173358e-13,0.00015764628,-0.00020000292,0.00010000095,0.00040001317,0.00040001317,-0.00040002153,-0.00040002153,0.00018801309,3.0366793e-05,5.0000905e-05,5.0001065e-05,-0.0029101945,0.0030100287,-2e-09,-2e-09,-0.00010000095,2.8e-09,2e-09,1.999998e-09,0.000515502,-0.00046551318,-5.0002902e-05,2e-09,2.0000046e-09,0.000515502,-0.000465513,-5.0003066e-05,0.0,-3.8110276e-14,0.00012427695,-0.0007242605,0.00060002407,0.0,1.08031436e-13,0.0008999889,-9.999478e-05,-0.0008000347,0.0,-5.956938e-14,0.0002546686,-0.0008426842,0.0005880346,0.0,-3.787715e-16,0.0005990922,-0.00041108532,-0.00018801309,-8.000155e-09,-2.8e-09,1.1637932e-06,-9.776685e-07,-6.980753e-17
0.05200163412011872,5.0,-5.0,1.0,1.0,0.999999,0.99999756,-3.9999783,4.5510624e-06,2.0,3.999961,-8.728361e-06,-1.8799803,8.4374665e-07,0.60733294,-4.5837095e-07,-4.9999895,-1.4,-6.173334e-13,0.00015763132,-0.00019999914,9.999977e-05,0.00039999696,0.00039999696,-0.000399996,-0.000399996,0.000187998,3.036667e-05,4.9999722e-05,4.999965e-05,-0.0029101968,0.0030100297,-2e-09,-2e-09,-9.999977e-05,2.8e-09,2e-09,1.999998e-09,0.00051550136,-0.00046551373,-5.0001723e-05,2e-09,1.9999953e-09,0.00051550136,-0.0004655138,-5.000165e-05,0.0,9.102124e-15,0.00012429024,-0.0007242539,0.0006000041,0.0,-1.7456722e-14,0.0008999724,-0.00010001998,-0.00079999294,0.0,1.6874941e-15,0.0002546842,-0.0008426592,0.000587994,0.0,-9.167417e-16,0.0005990833,-0.0004110915,-0.000187998,-7.999956e-09,-2.8e-09,1.1637931e-06,-9.776686e-07,-6.473167e-17
0.055,5.0,-5.0,1.0,1.0,0.99999905,0.999999,-3.9999819,4.046259e-06,2.0,3.9999738,-4.06618e-06,-1.8799849,1.8851438e-06,0.6073328,-6.1335015e-07,-4.9999895,-1.4,-6.173335e-13,0.00015763176,-0.00019999928,9.99998e-05,0.00039999775,0.00039999775,-0.00039999717,-0.00039999717,0.00018799843,3.0366673e-05,4.9999748e-05,4.9999748e-05,-0.0029101965,0.0030100294,-2e-09,-2e-09,-9.99998e-05,2.8e-09,2e-09,1.999998e-09,0.00051550136,-0.00046551373,-5.000175e-05,2e-09,1.999998e-09,0.0005155014,-0.00046551373,-5.000175e-05,0.0,8.092519e-15,0.00012428974,-0.0007242543,0.0006000051,0.0,-8.13236e-15,0.0008999729,-0.00010001853,-0.0007999949,0.0,3.7702864e-15,0.00025468372,-0.0008426603,0.00058799563,0.0,-1.2267003e-15,0.0005990836,-0.0004110913,-0.00018799843,-7.999963e-09,-2.8e-09,1.1637931e-06,-9.776686e-07,1.2826567e-17
0.055001,5.0,-5.0,1.0,1.0,0.999999,0.999991,-3.9999843,1.4017095e-06,2.0,3.9999678,-8.223913e-06,-1.879999,-9.637472e-06,0.6073335,-2.00934e-07,-4.9999895,-1.4,-6.173337e-13,0.0001576332,-0.00019999928,9.999993e-05,0.0003999976,0.0003999976,-0.00039999775,-0.00039999775,0.00018799989,3.0366686e-05,4.999988e-05,4.999948e-05,-0.002910197,0.0030100301,-2e-09,-2e-09,-9.999993e-05,2.8e-09,2e-09,1.999998e-09,0.0005155015,-0.00046551364,-5.000188e-05,2e-09,1.999982e-09,0.0005155014,-0.00046551402,-5.000148e-05,0.0,2.803419e-15,0.00012428952,-0.00072425394,0.0006000049,0.0,-1.6447826e-14,0.0008999741,-0.00010001925,-0.0007999954,0.0,-1.9274946e-14,0.00025468238,-0.00084266096,0.00058799767,0.0,-4.01868e-16,0.0005990845,-0.0004110907,-0.00018799989,-7.999969e-09,-2.8e-09,1.1637931e-06,-9.776686e-07,3.4711622e-17
0.0550010889119304,5.0,-5.0,0.91108805,1.0,0.9208338,0.99999505,-3.9482718,-0.006860621,2.0,3.9593723,0.005550266,-1.8641055,-0.0021772035,0.60710794,3.5471217e-05,-4.9999895,-1.4,-6.170722e-13,0.00015606072,-0.00019707055,0.00010034303,0.0003953822,0.0003953822,-0.00039615494,-0.00039615494,0.0001864141,3.0353625e-05,4.638472e-05,5.0342784e-05,-0.0029117584,0.0030119338,-1.8221762e-09,-2e-09,-0.00010034297,2.8e-09,1.8221762e-09,1.8416676e-09,0.000515058,-0.0004686837,-4.6387202e-05,2e-09,1.99999e-09,0.00051568175,-0.0004653511,-5.0344726e-05,0.0,-1.3721241e-11,0.00012993344,-0.0007223554,0.00059246196,0.0,1.1100531e-11,0.0008953476,-0.00010384927,-0.0007915385,0.0,-4.3544066e-12,0.00025642558,-0.0008389766,0.00058256986,0.0,7.094243e-14,0.00059814815,-0.00041173998,-0.00018641434,-7.896543e-09,-2.8e-09,1.1637413e-06,-9.777203e-07,9.159687e-17
0.05500126673579121,5.0,-5.0,0.7332642,1.0,0.7491104,0.9999982,-3.8048842,-0.013943747,2.0,3.8303287,0.0127221625,-1.8082578,-0.0054443455,0.6062089,9.8481134e-05,-4.9999895,-1.4,-6.161102e-13,0.00015053028,-0.00018954702,0.00010069719,0.00038176065,0.00038176065,-0.0003835773,-0.0003835773,0.00018083563,3.030552e-05,3.815271e-05,5.0697097e-05,-0.0029155307,0.0030160588,-1.4665285e-09,-2e-09,-0.00010069714,2.8e-09,1.4665285e-09,1.4982209e-09,0.0005134258,-0.00047528167,-3.8154634e-05,2e-09,1.9999964e-09,0.00051586796,-0.00046518297,-5.069906e-05,0.0,-2.7887493e-11,0.00014584919,-0.0007171268,0.0005713161,0.0,2.5444324e-11,0.0008817782,-0.00011647815,-0.0007653389,0.0,-1.0888691e-11,0.00026257228,-0.0008269675,0.0005644135,0.0,1.9696227e-13,0.00059487356,-0.0004140439,-0.00018083579,-7.609768e-09,-2.8e-09,1.163598e-06,-9.778637e-07,1.0571109e-16
0.05500162238351283,5.0,-5.0,0.3776165,1.0,0.39316413,0.99999905,-3.4574003,-0.016059158,2.0,3.4909627,0.01678094,-1.6526388,-0.008085923,0.6035071,0.00017195502,-4.9999895,-1.4,-6.133351e-13,0.00013511434,-0.00017206706,0.000100802965,0.00034741813,0.00034741816,-0.00034990485,-0.00034990485,0.00016528108,3.0166759e-05,2.0461164e-05,5.080291e-05,-0.002923448,0.0030240794,-7.55233e-10,-2e-09,-0.00010080296,2.8e-09,7.55233e-10,7.863282e-10,0.0005086591,-0.00048820267,-2.0461977e-05,2e-09,1.9999982e-09,0.0005159236,-0.00046513276,-5.0804905e-05,0.0,-3.2118315e-11,0.00018453137,-0.0007039886,0.0005194922,0.0,3.3561882e-11,0.0008476072,-0.00015031942,-0.0006973231,0.0,-1.6171845e-11,0.000279779,-0.00079494825,0.000515186,0.0,3.4391004e-13,0.00058578444,-0.00042050946,-0.0001652811,-6.9148007e-09,-2.8e-09,1.1632505e-06,-9.782111e-07,7.917053e-19
0.0550016669119032,5.0,-5.0,0.3330881,1.0,0.3487704,0.999999,-3.4127934,-0.016005866,2.0,3.4459836,0.016594922,-1.6313437,-0.007980494,0.60310847,0.00017215274,-4.9999895,-1.4,-6.1293624e-13,0.00013300483,-0.00016983938,0.000100800295,0.00034293885,0.00034293887,-0.00034539643,-0.00034539643,0.00016315159,3.0146814e-05,1.8238814e-05,5.0800245e-05,-0.0029242756,0.003024904,-6.6617617e-10,-2e-09,-0.00010080028,2.8e-09,6.6617617e-10,6.975408e-10,0.00050791644,-0.0004896817,-1.8239592e-05,2e-09,1.999998e-09,0.0005159222,-0.00046513404,-5.080223e-05,0.0,-3.2011734e-11,0.00018943244,-0.00070218317,0.0005127852,0.0,3.3189847e-11,0.0008431358,-0.00015483516,-0.0006883355,0.0,-1.596099e-11,0.00028215777,-0.00079068943,0.0005085482,0.0,3.4430548e-13,0.0005845477,-0.00042140213,-0.00016315165,-6.825587e-09,-2.8e-09,1.1632059e-06,-9.782558e-07,-2.3087824e-17
0.055001755968683945,5.0,-5.0,0.24403131,1.0,0.26009184,0.9999989,-3.324656,-0.016141143,2.0,3.3569715,0.016157618,-1.5888774,-0.007551535,0.6022689,0.00016519308,-4.9999895,-1.4,-6.1210363e-13,0.00012879918,-0.00016542574,0.000100807054,0.00033408136,0.00033408141,-0.0003364523,-0.00033645233,0.00015890427,3.0105182e-05,1.3811649e-05,5.0807004e-05,-0.0029255783,0.0030262128,-4.8806265e-10,-2e-09,-0.00010080703,2.8e-09,4.8806265e-10,5.201837e-10,0.0005062032,-0.0004923945,-1.3812334e-05,2e-09,1.999998e-09,0.00051592576,-0.0004651308,-5.080898e-05,0.0,-3.2282284e-11,0.00019895346,-0.00069843396,0.0004995141,0.0,3.2315237e-11,0.00083427766,-0.00016377753,-0.00067053415,0.0,-1.510307e-11,0.00028696022,-0.000782301,0.0004953569,0.0,3.3038616e-13,0.00058209477,-0.00042319647,-0.00015890435,-6.649312e-09,-2.8e-09,1.1631178e-06,-9.783439e-07,-2.7227993e-17
0.05500182188643852,5.0,-5.0,0.17811356,1.0,0.19416487,0.999999,-3.2590055,-0.016210254,2.0,3.291422,0.016208058,-1.5580384,-0.0075305547,0.60165244,0.00016697292,-4.9999895,-1.4,-6.1148547e-13,0.00012574629,-0.00016213977,0.00010081051,0.00032752135,0.00032752138,-0.00032989524,-0.00032989527,0.00015582053,3.0074272e-05,1.0518756e-05,5.081046e-05,-0.0029264612,0.0030270985,-3.5622713e-10,-2e-09,-0.0001008105,2.8e-09,3.5622713e-10,3.8832976e-10,0.0005048535,-0.00049433694,-1.0519209e-05,2e-09,1.999998e-09,0.00051592756,-0.00046512918,-5.0812454e-05,0.0,-3.2420507e-11,0.00020598984,-0.0006956247,0.00048966776,0.0,3.241612e-11,0.0008277322,-0.00017034869,-0.0006574168,0.0,-1.5061109e-11,0.0002904768,-0.0007761769,0.00048571592,0.0,3.3394584e-13,0.00058031816,-0.0004245037,-0.00015582057,-6.518011e-09,-2.8e-09,1.163052e-06,-9.784095e-07,-9.408145e-18
0.055002,5.0,-5.0,7.346346e-13,1.0,0.016060239,0.999999,-3.0808864,-0.016206596,2.0,3.1133738,0.016243609,-1.4744346,-0.0075842943,0.5999074,0.00017913566,-4.9999895,-1.4,-6.0972825e-13,0.00011747497,-0.00015323398,0.00010081033,0.00030971298,0.000309713,-0.0003120958,-0.00031209583,0.00014746138,2.9986411e-05,1.6133417e-06,5.081028e-05,-0.0029283157,0.0030289516,-1.4690728e-21,-2e-09,-0.00010081033,2.8e-09,1.4690728e-21,3.2120476e-11,0.0005007724,-0.0004991592,-1.6133739e-06,2e-09,1.999998e-09,0.0005159275,-0.00046512927,-5.081228e-05,0.0,-3.241319e-11,0.00022481642,-0.0006877384,0.00046295315,0.0,3.2487218e-11,0.0008099753,-0.00018819803,-0.0006218088,0.0,-1.5168589e-11,0.00030013325,-0.0007596755,0.0004595572,0.0,3.5827133e-13,0.0005755278,-0.00042807247,-0.00014746138,-6.1617724e-09,-2.8e-09,1.162874e-06,-9.785877e-07,2.8367345e-17
0.055002005056421756,5.0,-5.0,0.0,1.0,0.012509477,0.9999993,-3.0759614,-0.01586299,2.0,3.108335,0.016186662,-1.4720585,-0.007578976,0.5998558,0.00017940736,-4.9999895,-1.4,-6.0967637e-13,0.00011723998,-0.00015300492,0.00010079315,0.00030921478,0.00030921484,-0.0003115914,-0.0003115914,0.00014722381,2.998382e-05,1.4186234e-06,5.0793114e-05,-0.0029283783,0.003028997,-4.896909e-22,-2e-09,-0.000100793135,2.8e-09,4.896909e-22,2.5018954e-11,0.000500676,-0.00049925747,-1.418689e-06,2e-09,1.9999984e-09,0.0005159185,-0.00046513742,-5.07951e-05,0.0,-3.172598e-11,0.00022533922,-0.00068753405,0.0004622259,0.0,3.2373326e-11,0.00080947945,-0.00018870467,-0.00062080624,0.0,-1.5157951e-11,0.00030041012,-0.00075921044,0.0004588152,0.0,3.588147e-13,0.00057539216,-0.00042817445,-0.00014722381,-6.1519225e-09,-2.8e-09,1.162869e-06,-9.785927e-07,-2.9079346e-17
0.05500201516926526,5.0,-5.0,0.0,1.0,0.007472037,0.99999994,-3.0666647,-0.014798008,2.0,3.0984273,0.015881147,-1.4673337,-0.0075324983,0.59975255,0.00017961426,-4.9999895,-1.4,-6.0957294e-13,0.00011677268,-0.00015259333,0.0001007399,0.00030825456,0.00030825462,-0.00031059596,-0.000310596,0.00014675132,2.9978648e-05,1.1135023e-06,5.0739898e-05,-0.0029285215,0.003029087,0.0,-2e-09,-0.0001007399,2.8e-09,0.0,1.4944074e-11,0.0005005244,-0.00049941096,-1.113533e-06,2e-09,2e-09,0.0005158905,-0.00046516262,-5.074189e-05,0.0,-2.9596017e-11,0.00022633748,-0.00068716053,0.00046085406,0.0,3.1762294e-11,0.0008085239,-0.00018970465,-0.0006188506,0.0,-1.5064996e-11,0.00030095992,-0.0007582924,0.0004573473,0.0,3.5922852e-13,0.00057512266,-0.00042837736,-0.00014675132,-6.133329e-09,-2.8e-09,1.1628597e-06,-9.786019e-07,-5.8515895e-17
0.05500203539495228,5.0,-5.0,0.0,1.0,0.0027977412,1.000001,-3.051137,-0.012084508,2.0,3.080174,0.014518298,-1.4582714,-0.00720377,0.5995493,0.00017625975,-4.9999895,-1.4,-6.0937307e-13,0.000115876115,-0.00015195263,0.00010060422,0.00030656555,0.00030656555,-0.00030873777,-0.0003087378,0.00014584477,2.9968653e-05,7.4411247e-07,5.060427e-05,-0.002928814,0.003029244,0.0,-2e-09,-0.00010060424,2.8e-09,0.0,5.595482e-12,0.00050034025,-0.00049959624,-7.440788e-07,2e-09,2.0000017e-09,0.0005158191,-0.00046522688,-5.0606282e-05,0.0,-2.4169016e-11,0.00022804039,-0.00068653387,0.00045852427,0.0,2.9036596e-11,0.0008068377,-0.00019156546,-0.0006153034,0.0,-1.4407539e-11,0.00030200786,-0.00075657567,0.00045458256,0.0,3.525195e-13,0.0005746059,-0.00042876718,-0.00014584477,-6.1022742e-09,-2.8e-09,1.1628442e-06,-9.786174e-07,-4.6130437e-17
0.055002075846326305,5.0,-5.0,0.0,1.0,0.00040643782,1.0000012,-3.030527,-0.0075298,2.0,3.0521014,0.010787019,-1.4431543,-0.0058957012,0.5991896,0.00015353279,-4.9999895,-1.4,-6.090358e-13,0.000114378985,-0.00015114987,0.00010037649,0.0003041314,0.00030413142,-0.0003057997,-0.0003057997,0.00014433078,2.9951801e-05,3.9681186e-07,5.0376548e-05,-0.0029292395,0.0030294417,0.0,-2e-09,-0.00010037649,2.8e-09,0.0,8.128757e-13,0.0005001668,-0.00049977,-3.9676738e-07,2e-09,2.0000024e-09,0.0005156994,-0.00046533492,-5.0378545e-05,0.0,-1.50596e-11,0.00023036197,-0.00068561855,0.0004552872,0.0,2.1574038e-11,0.0008043708,-0.00019447067,-0.000609931,0.0,-1.1791401e-11,0.00030373357,-0.0007538494,0.00045013044,0.0,3.070656e-13,0.0005737442,-0.00042941948,-0.00014433077,-6.061054e-09,-2.8e-09,1.1628235e-06,-9.78638e-07,-2.242322e-17
0.05500215674907436,5.0,-5.0,0.0,1.0,-2.5609745e-05,1.0000001,-3.0115857,-0.002902747,2.0,3.0217848,0.0050995923,-1.424967,-0.0032164091,0.598718,9.260791e-05,-4.9999895,-1.4,-6.086247e-13,0.00011257468,-0.00015043415,0.00010014514,0.0003016685,0.00030166854,-0.00030250012,-0.00030250015,0.00014250597,2.9931269e-05,1.4385685e-07,5.0145143e-05,-0.0029296181,0.0030295888,0.0,-2e-09,-0.0001001451,2.8e-09,0.0,-5.1219483e-14,0.00050004025,-0.0004998965,-1.4380376e-07,2e-09,2.0000002e-09,0.0005155778,-0.00046544473,-5.0147108e-05,0.0,-5.805494e-12,0.00023255667,-0.00068463455,0.00045210827,0.0,1.0199185e-11,0.0008017974,-0.00019765973,-0.00060416816,0.0,-6.432818e-12,0.0003057756,-0.00075076707,0.00044500586,0.0,1.8521582e-13,0.00057270745,-0.00043020758,-0.00014250592,-6.0231713e-09,-2.8e-09,1.1628047e-06,-9.78657e-07,-3.372398e-17
0.055002318554570474,5.0,-5.0,0.0,1.0,4.508163e-06,0.99999917,-3.0013995,-0.00034893857,2.0,3.0028737,0.00073710684,-1.4121773,-0.00056244433,0.59835094,1.8497407e-05,-4.9999895,-1.4,-6.0833207e-13,0.00011130296,-0.00015005252,0.000100017445,0.00030021367,0.00030021367,-0.0003003436,-0.0003003436,0.0001412196,2.9916624e-05,1.7672336e-08,5.0017403e-05,-0.0029297923,0.0030296354,0.0,-2e-09,-0.00010001742,2.8e-09,0.0,9.016326e-15,0.00049997715,-0.0004999595,-1.7642098e-08,2e-09,1.9999982e-09,0.0005155107,-0.00046550535,-5.0019382e-05,0.0,-6.978772e-13,0.0002337692,-0.00068401085,0.00045027194,0.0,1.4742135e-12,0.0008002074,-0.00019968077,-0.000600557,0.0,-1.1248886e-12,0.000307187,-0.00074873574,0.00044156305,0.0,3.6994814e-14,0.000571978,-0.00043076448,-0.00014121957,-6.0027987e-09,-2.8e-09,1.1627944e-06,-9.786672e-07,-1.8716148e-17
0.055002533226122446,5.0,-5.0,0.0,1.0,-2.1660987e-06,0.999999,-2.999863,3.348783e-05,2.0,2.9997072,-7.77552e-05,-1.4097731,6.0718256e-05,0.59827405,-2.536758e-06,-4.9999895,-1.4,-6.0827656e-13,0.00011106324,-0.00014999483,9.9998324e-05,0.0002999785,0.0002999785,-0.00029996465,-0.00029996465,0.00014097708,2.9913828e-05,-1.7826965e-09,4.9998274e-05,-0.0029298123,0.0030296363,0.0,-2e-09,-9.9998324e-05,2.8e-09,0.0,-4.332196e-15,0.0004999675,-0.00049996923,1.7827003e-09,2e-09,1.999998e-09,0.0005155006,-0.0004655144,-5.0000275e-05,0.0,6.697566e-14,0.00023395572,-0.0006839048,0.00044997933,0.0,-1.5551038e-13,0.00079993665,-0.00020002383,-0.0005999432,0.0,1.2143651e-13,0.00030744824,-0.0007483757,0.00044094175,0.0,-5.073516e-15,0.00057184073,-0.00043086972,-0.00014097708,-5.9997256e-09,-2.8e-09,1.162793e-06,-9.786687e-07,2.4137006e-17
0.055002831573037404,5.0,-5.0,0.0,1.0,1.7924971e-06,0.999999,-3.0000157,-3.748449e-06,2.0,3.0000534,1.875993e-05,-1.4100482,-1.5791431e-05,0.5982829,-1.265466e-07,-4.9999895,-1.4,-6.0828296e-13,0.00011109067,-0.0001500006,0.00010000019,0.00030000345,0.00030000345,-0.0003000069,-0.0003000069,0.00014100481,2.991415e-05,2.7704725e-10,5.0000137e-05,-0.0029298107,0.0030296366,0.0,-2e-09,-0.00010000019,2.8e-09,0.0,3.5849962e-15,0.0004999685,-0.0004999682,-2.7705063e-10,2e-09,1.999998e-09,0.0005155016,-0.00046551353,-5.0002138e-05,0.0,-7.496897e-15,0.00023393676,-0.00068391656,0.00045001006,0.0,3.751986e-14,0.0007999661,-0.00019998607,-0.0006000104,0.0,-3.158286e-14,0.00030741852,-0.00074841594,0.00044101174,0.0,-2.530932e-16,0.00057185645,-0.00043085768,-0.00014100481,-6.0000316e-09,-2.8e-09,1.1627931e-06,-9.786686e-07,2.6831534e-17
0.05500342826686732,5.0,-5.0,0.0,1.0,-7.413555e-07,0.999999,-2.9999807,4.383211e-06,2.0,2.9999633,-8.678892e-06,-1.4099743,5.727923e-06,0.59828055,-7.0115635e-07,-4.9999895,-1.4,-6.082812e-13,0.00011108331,-0.00014999925,9.999978e-05,0.0002999972,0.0002999972,-0.00029999577,-0.00029999577,0.00014099736,2.9914063e-05,-2.5622834e-10,4.999973e-05,-0.002929811,0.0030296363,0.0,-2e-09,-9.999978e-05,2.8e-09,0.0,-1.4827097e-15,0.0004999682,-0.0004999685,2.5623262e-10,2e-09,1.999998e-09,0.00051550136,-0.00046551373,-5.000173e-05,0.0,8.7664225e-15,0.00023394125,-0.0006839134,0.00045000247,0.0,-1.7357779e-14,0.0007999586,-0.00019999596,-0.0005999929,0.0,1.1455846e-14,0.00030742647,-0.00074840535,0.00044099314,0.0,-1.4023127e-15,0.0005718522,-0.0004308609,-0.00014099736,-5.9999614e-09,-2.8e-09,1.1627931e-06,-9.786686e-07,4.6225764e-18
0.057,5.0,-5.0,0.0,1.0,1.2748387e-08,0.999999,-2.999987,3.0234546e-06,2.0,2.999981,-2.9752896e-06,-1.409989,1.3863071e-06,0.59828097,-6.03889e-07,-4.9999895,-1.4,-6.0828155e-13,0.00011108476,-0.0001499995,9.9999845e-05,0.00029999838,0.00029999838,-0.00029999798,-0.00029999798,0.00014099883,2.9914077e-05,-1.5053533e-10,4.99998e-05,-0.002929811,0.0030296366,0.0,-2e-09,-9.9999845e-05,2.8e-09,0.0,2.5495692e-17,0.0004999683,-0.0004999684,1.505353e-10,2e-09,1.999998e-09,0.0005155014,-0.00046551367,-5.00018e-05,0.0,6.046909e-15,0.00023394043,-0.00068391406,0.0004500039,0.0,-5.9505792e-15,0.00079996005,-0.00019999401,-0.00059999636,0.0,2.7726141e-15,0.0003074249,-0.00074840744,0.00044099678,0.0,-1.2077779e-15,0.0005718531,-0.00043086027,-0.00014099883,-5.999974e-09,-2.8e-09,1.1627931e-06,-9.786686e-07,7.102922e-17
0.057001,5.0,-5.0,0.0,1.0,1.1729153e-05,0.999999,-2.9999847,6.5001855e-06,2.0,3.0000024,8.861647e-06,-1.4099954,3.8808616e-06,0.5982803,-1.3581546e-06,-4.9999895,-1.4,-6.082817e-13,0.000111085326,-0.00014999956,9.999968e-05,0.00029999937,0.00029999937,-0.00029999987,-0.00029999987,0.00014099941,2.9914085e-05,2.6144836e-10,4.9999624e-05,-0.0029298111,0.0030296366,0.0,-2e-09,-9.999968e-05,2.8e-09,0.0,2.3458305e-14,0.0004999685,-0.00049996824,-2.614717e-10,2e-09,1.999998e-09,0.00051550136,-0.00046551376,-5.0001625e-05,0.0,1.3000371e-14,0.00023394047,-0.0006839151,0.0004500049,0.0,1.7723295e-14,0.0007999607,-0.00019999177,-0.0005999992,0.0,7.761724e-15,0.00030742408,-0.0007484091,0.00044099925,0.0,-2.716309e-15,0.0005718534,-0.00043086003,-0.00014099941,-5.9999694e-09,-2.8e-09,1.1627931e-06,-9.786686e-07,7.111138e-17
0.057001100000000006,5.0,-5.0,0.0,0.9,3.787475e-06,0.90984595,-2.9383736,-0.007130902,2.0,2.9502225,0.0059244237,-1.3901252,-0.0023949353,0.59787047,5.4503475e-05,-4.9999895,-1.4,-6.07815e-13,0.0001091278,-0.00014656213,0.00010035655,0.0002944298,0.00029442983,-0.00029526177,-0.00029526177,0.00013901797,2.98908e-05,3.5673446e-07,4.5848843e-05,-0.0029313657,0.0030315472,0.0,-1.8e-09,-0.00010035657,2.8e-09,0.0,7.57495e-15,0.00050014677,-0.00049979,-3.567602e-07,1.8e-09,1.819692e-09,0.0005149629,-0.0004691242,-4.585143e-05,0.0,-1.42618035e-11,0.00024000132,-0.00068097183,0.00044100021,0.0,1.1848847e-11,0.000794495,-0.00020483026,-0.00058969454,0.0,-4.7898708e-12,0.0003098664,-0.000744134,0.00043428168,0.0,1.0900695e-13,0.0005707307,-0.00043171822,-0.00013901855,-5.876747e-09,-2.8e-09,1.1627315e-06,-9.787302e-07,1.73412e-17
0.057001300000000005,5.0,-5.0,0.0,0.7,-4.248495e-07,0.7159281,-2.7736518,-0.014430871,2.0,2.8005846,0.0134662585,-1.3249971,-0.00593355,0.5963443,0.00015359624,-4.9999895,-1.4,-6.061901e-13,0.00010270591,-0.00013796105,0.00010072154,0.0002787118,0.0002787118,-0.00028065182,-0.00028065182,0.00013251507,2.9809536e-05,7.215223e-07,3.6517948e-05,-0.002934831,0.0030353756,0.0,-1.4e-09,-0.00010072156,2.8e-09,0.0,-8.4969904e-16,0.00050032925,-0.00049960776,-7.215374e-07,1.4e-09,1.4318562e-09,0.000513086,-0.00047657616,-3.6519847e-05,0.0,-2.8861741e-11,0.0002563829,-0.0006730347,0.00041667983,0.0,2.6932517e-11,0.00077897665,-0.00021963952,-0.00055936544,0.0,-1.1867101e-11,0.00031782652,-0.0007309812,0.00041316808,0.0,3.0719248e-13,0.000567067,-0.00043455762,-0.00013251543,-5.5473035e-09,-2.8e-09,1.1625667e-06,-9.78895e-07,1.2767984e-17
0.057001600000000006,5.0,-5.0,0.0,0.4,2.2118505e-09,0.41610953,-2.481611,-0.01637523,2.0,2.514449,0.01641866,-1.1930645,-0.0076690316,0.59276193,0.00023266493,-4.9999895,-1.4,-6.0252926e-13,8.970325e-05,-0.0001232618,0.00010081876,0.00024980298,0.000249803,-0.0002522118,-0.0002522118,0.000119329714,2.9626464e-05,8.1876163e-07,2.1624239e-05,-0.0029393348,0.0030399747,0.0,-8e-10,-0.00010081876,2.8e-09,0.0,4.42369e-18,0.0005003779,-0.00049955916,-8.187615e-07,8e-10,8.3221907e-10,0.0005085722,-0.00048695292,-2.1625074e-05,0.0,-3.275046e-11,0.00028519405,-0.0006582387,0.00037306975,0.0,3.283732e-11,0.00075023726,-0.0002482479,-0.00050201477,0.0,-1.5338062e-11,0.00033408304,-0.0007056125,0.0003715415,0.0,4.6532987e-13,0.00055970816,-0.00044038444,-0.00011932972,-4.9632223e-09,-2.8e-09,1.1622744e-06,-9.791879e-07,-1.5008304e-17
0.057002000000000004,5.0,-5.0,0.0,7.346346e-13,-1.280562e-06,0.017159281,-2.0816717,-0.016128251,2.0,2.1124353,0.015381662,-1.0031581,-0.0070159547,0.58696884,0.0002623223,-4.9999895,-1.4,-5.967065e-13,7.100672e-05,-0.00010327717,0.000100806414,0.00020970534,0.00020970537,-0.00021194512,-0.00021194514,0.00010034204,2.9335326e-05,8.063485e-07,1.6643767e-06,-0.0029435125,0.003044137,0.0,-1.4690728e-21,-0.000100806414,2.8e-09,0.0,-2.5611238e-15,0.0005003717,-0.0004995653,-8.063485e-07,1.4690728e-21,3.4318562e-11,0.0005007976,-0.00049913337,-1.664411e-06,0.0,-3.2256503e-11,0.00032395663,-0.00063692225,0.00031298667,0.0,3.0763326e-11,0.0007102076,-0.0002885785,-0.00042165047,0.0,-1.4031909e-11,0.0003578109,-0.00067008793,0.0003122872,0.0,5.246446e-13,0.00054920616,-0.00044887007,-0.00010034204,-4.1633434e-09,-2.8e-09,1.1618736e-06,-9.795915e-07,-7.07732e-17
0.057002040000000004,5.0,-5.0,0.0,0.0,4.4166902e-07,0.007818083,-2.05556,-0.011935273,2.0,2.0816665,0.013053054,-0.9877331,-0.006360446,0.5863904,0.0002475389,-4.9999895,-1.4,-5.961428e-13,6.9490925e-05,-0.00010218124,0.000100596764,0.00020686132,0.00020686134,-0.0002088027,-0.00020880271,9.879807e-05,2.9307143e-05,5.9678575e-07,9.876678e-07,-0.0029438285,0.0030442434,0.0,-4.896909e-22,-0.000100596764,2.8e-09,0.0,8.833381e-16,0.00050026685,-0.00049967004,-5.9678575e-07,4.896909e-22,1.5636166e-11,0.0005004611,-0.0004994735,-9.876835e-07,0.0,-2.3870546e-11,0.00032649603,-0.00063552195,0.00030904668,0.0,2.610611e-11,0.0007073155,-0.00029167254,-0.00041566405,0.0,-1.2720892e-11,0.00035976258,-0.00066735334,0.00030760077,0.0,4.9507783e-13,0.00054836465,-0.0004495725,-9.879807e-05,-4.1111203e-09,-2.8e-09,1.1618471e-06,-9.796191e-07,-3.5373085e-17
0.05700212,5.0,-5.0,0.0,0.0,1.3221004e-06,0.00081596087,-2.0237427,-0.0057312986,2.0,2.0396419,0.007949518,-0.9650725,-0.004381471,0.58548313,0.00018651405,-4.9999895,-1.4,-5.9529665e-13,6.726107e-05,-0.00010090057,0.00010028657,0.00020316923,0.00020316924,-0.00020440234,-0.00020440234,9.65259e-05,2.9264831e-05,2.8663104e-07,3.2736295e-07,-0.0029442473,0.0030443522,0.0,0.0,-0.00010028657,2.8e-09,0.0,2.6442008e-15,0.00050011167,-0.00049982505,-2.8663104e-07,0.0,1.6319216e-12,0.0005001319,-0.0004998046,-3.273646e-07,0.0,-1.1462597e-11,0.00032966395,-0.0006337174,0.00030407385,0.0,1.5899037e-11,0.0007034697,-0.00029591873,-0.00040757158,0.0,-8.762942e-12,0.00036257968,-0.0006634982,0.00030092825,0.0,3.730281e-13,0.0005471287,-0.00045060864,-9.65259e-05,-4.0474855e-09,-2.8e-09,1.1618142e-06,-9.796547e-07,1.7053208e-17
0.05700228,5.0,-5.0,0.0,0.0,4.913049e-07,-0.0001901961,-2.0036616,-0.00096285937,2.0,2.0076952,0.0020167865,-0.9456668,-0.001394503,0.5846244,6.960445e-05,-4.9999895,-1.4,-5.945548e-13,6.53459e-05,-0.000100134945,0.00010004814,0.00020056785,0.00020056785,-0.00020090898,-0.000200909,9.457364e-05,2.922774e-05,4.8167536e-08,3.8633164e-08,-0.0029445253,0.003044392,0.0,0.0,-0.00010004814,2.8e-09,0.0,9.826098e-16,0.00049999246,-0.00049994426,-4.816754e-08,0.0,-3.8039222e-13,0.0004999876,-0.00049994903,-3.8632784e-08,0.0,-1.9257187e-12,0.00033175416,-0.00063244073,0.0003007068,0.0,4.0335734e-12,0.00070063473,-0.00029917815,-0.00040147686,0.0,-2.7890058e-12,0.0003649253,-0.0006603984,0.00029548263,0.0,1.392089e-13,0.00054606935,-0.00045150158,-9.457364e-05,-4.007324e-09,-2.8e-09,1.1617919e-06,-9.796828e-07,4.825822e-17
0.0570026,5.0,-5.0,0.0,0.0,-1.6062753e-08,4.0720643e-06,-1.9998932,2.7706505e-05,2.0,1.9997666,-6.328419e-05,-0.9398269,4.314821e-05,0.58432454,-2.6194678e-06,-4.9999895,-1.4,-5.943271e-13,6.476607e-05,-9.999605e-05,9.9998615e-05,0.000199983,0.000199983,-0.00019997235,-0.00019997235,9.398243e-05,2.921636e-05,-1.3861285e-09,-1.1817237e-09,-0.0029445677,0.0030443848,0.0,0.0,-9.9998615e-05,2.8e-09,0.0,-3.2125518e-17,0.00049996766,-0.00049996906,1.383025e-09,0.0,8.144152e-15,0.0004999677,-0.00049996894,1.1972072e-09,0.0,5.541302e-14,0.00033217916,-0.000632142,0.00029998302,0.0,-1.2656837e-13,0.00069993956,-0.00030000438,-0.00039995532,0.0,8.629642e-14,0.00036560238,-0.00065954763,0.00029395477,0.0,-5.2389356e-15,0.0005457495,-0.00045177294,-9.398243e-05,-3.9997867e-09,-2.8e-09,1.1617847e-06,-9.796997e-07,5.788267e-17
0.057002897700965637,5.0,-5.0,0.0,0.0,4.405117e-08,-5.7630998e-05,-2.000115,-4.313014e-05,2.0,2.0002673,7.612521e-05,-0.94015896,-2.271134e-05,0.58433956,-7.655347e-07,-4.9999895,-1.4,-5.9434017e-13,6.4798805e-05,-0.00010000359,0.00010000216,0.0002000191,0.0002000191,-0.000200029,-0.000200029,9.401582e-05,2.9217017e-05,2.1587094e-09,-7.25044e-10,-0.0029445642,0.003044385,0.0,0.0,-0.000100002166,2.8e-09,0.0,8.810233e-17,0.00049996946,-0.00049996725,-2.1647006e-09,0.0,-1.1526197e-13,0.00049996795,-0.0004999687,7.550745e-10,0.0,-8.626029e-14,0.00033215358,-0.00063216005,0.00030002667,0.0,1.5225042e-13,0.000699981,-0.0002999531,-0.00040004807,0.0,-4.542268e-14,0.000365563,-0.00065959827,0.0002940448,0.0,-1.5310691e-15,0.0005457676,-0.00045175763,-9.401582e-05,-4.00023e-09,-2.8e-09,1.1617828e-06,-9.797074e-07,2.2940794e-17
0.057003493102896916,5.0,-5.0,0.0,0.0,-1.4571263e-08,2.4710307e-05,-1.9999617,1.5732721e-05,2.0,1.9999201,-2.0868585e-05,-0.9399604,1.3582467e-06,0.5843324,-8.152165e-08,-4.9999895,-1.4,-5.9433247e-13,6.477941e-05,-9.999888e-05,9.999921e-05,0.00019999409,0.00019999409,-0.00019999186,-0.00019999186,9.399603e-05,2.9216626e-05,-7.873647e-10,4.4887916e-10,-0.0029445675,0.0030443852,0.0,0.0,-9.999922e-05,2.8e-09,0.0,-2.914253e-17,0.00049996795,-0.00049996877,7.8337087e-10,0.0,4.942063e-14,0.00049996853,-0.0004999681,-4.2898485e-10,0.0,3.1465427e-14,0.0003321713,-0.00063214806,0.00029999693,0.0,-4.173717e-14,0.00069995376,-0.00029998802,-0.00039998593,0.0,2.7164865e-15,0.00036558736,-0.00065956573,0.0002939879,0.0,-1.6304255e-16,0.00054575683,-0.00045176668,-9.399603e-05,-3.9999235e-09,-2.8e-09,1.1617808e-06,-9.797149e-07,-5.2284978e-17
0.05700468390675947,5.0,-5.0,0.0,0.0,5.9904095e-09,-1.0990101e-05,-2.000003,-3.5492994e-06,2.0,2.0000124,4.5883053e-06,-0.94000286,2.013112e-06,0.5843332,-8.670868e-07,-4.9999895,-1.4,-5.943341e-13,6.47835e-05,-9.999998e-05,0.00010000018,0.00020000077,0.00020000077,-0.00020000104,-0.00020000104,9.40002e-05,2.9216704e-05,1.7776373e-10,-3.7204137e-10,-0.0029445663,0.003044385,0.0,0.0,-0.00010000018,2.8e-09,0.0,1.1980818e-17,0.0004999684,-0.00049996824,-1.7776387e-10,0.0,-2.1980212e-14,0.0004999682,-0.00049996853,3.7206357e-10,0.0,-7.0985787e-15,0.00033216653,-0.0006321511,0.00030000476,0.0,9.17661e-15,0.00069996057,-0.00029997894,-0.00040000182,0.0,4.0262254e-15,0.00036558183,-0.0006595736,0.00029400125,0.0,-1.7341729e-15,0.0005457591,-0.0004517648,-9.40002e-05,-4.0000065e-09,-2.8e-09,1.1617796e-06,-9.797196e-07,-6.848939e-17
0.05700706551448457,5.0,-5.0,0.0,0.0,-2.7185305e-09,5.242958e-06,-1.9999871,4.550675e-06,2.0,1.9999775,-4.785151e-06,-0.9399891,2.0997686e-07,0.58433306,-4.484623e-07,-4.9999895,-1.4,-5.9433356e-13,6.478219e-05,-9.999958e-05,9.999977e-05,0.00019999822,0.00019999822,-0.00019999772,-0.00019999772,9.399887e-05,2.9216679e-05,-2.2767062e-10,3.4612608e-11,-0.002944567,0.003044385,0.0,0.0,-9.999977e-05,2.8e-09,0.0,-5.4370602e-18,0.00049996824,-0.0004999685,2.2767017e-10,0.0,1.04859155e-14,0.00049996836,-0.00049996836,-3.4622676e-11,0.0,9.10138e-15,0.00033216836,-0.00063215,0.0003000018,0.0,-9.570301e-15,0.00069995807,-0.00029998232,-0.00039999594,0.0,4.199657e-16,0.0003655837,-0.0006595708,0.0002939966,0.0,-8.969244e-16,0.00054575835,-0.0004517654,-9.399887e-05,-3.999974e-09,-2.8e-09,1.1617791e-06,-9.797212e-07,-3.3041025e-17
0.05997327321293378,5.0,-5.0,0.0,0.0,8.1505763e-10,-1.243306e-06,-1.9999937,1.2656092e-06,2.0,1.999991,-1.331016e-06,-0.93999386,1.322352e-06,0.5843331,-6.4024454e-07,-4.9999895,-1.4,-5.943337e-13,6.478262e-05,-9.999975e-05,9.999994e-05,0.00019999924,0.00019999924,-0.00019999896,-0.00019999896,9.399932e-05,2.9216688e-05,-6.323949e-11,-1.2544543e-10,-0.0029445668,0.003044385,0.0,0.0,-9.999994e-05,2.8e-09,0.0,1.6301149e-18,0.00049996836,-0.00049996836,6.1918026e-11,0.0,-2.4865815e-15,0.0004999683,-0.0004999684,1.494606e-10,0.0,2.5312417e-15,0.00033216766,-0.0006321504,0.00030000292,0.0,-2.662032e-15,0.000699959,-0.00029998107,-0.00039999813,0.0,2.6447035e-15,0.00036558305,-0.0006595718,0.00029399822,0.0,-1.2804885e-15,0.00054575864,-0.0004517652,-9.3999304e-05,-3.9999875e-09,-2.8e-09,1.1617791e-06,-9.797211e-07,6.135374e-17
0.059987157258569984,5.0,-5.0,0.0,0.0,4.9516284e-09,-1.1681502e-05,-1.9999994,-2.7735102e-06,2.0,2.0000033,1.9426589e-06,-0.93999636,3.5401874e-06,0.58433294,-9.127195e-07,-4.9999895,-1.4,-5.943338e-13,6.478288e-05,-9.999983e-05,0.000100000136,0.00020000014,0.00020000014,-0.00019999998,-0.00019999998,9.3999544e-05,2.9216691e-05,1.3892354e-10,-4.453987e-10,-0.0029445665,0.003044385,0.0,0.0,-0.000100000136,2.8e-09,0.0,9.903257e-18,0.0004999684,-0.0004999683,-1.3714081e-10,0.0,-2.3362966e-14,0.0004999682,-0.00049996853,4.124594e-10,0.0,-5.5470223e-15,0.0003321669,-0.0006321508,0.00030000403,0.0,3.88532e-15,0.00069995987,-0.00029997982,-0.00040000022,0.0,7.0803823e-15,0.00036558256,-0.00065957266,0.0002939996,0.0,-1.8254382e-15,0.00054575875,-0.00045176508,-9.399957e-05,-3.9999986e-09,-2.8e-09,1.1617791e-06,-9.797212e-07,6.819049e-17
0.05999315725856995,5.0,-5.0,0.0,0.0,-5.6345804e-09,1.4880585e-05,-1.9999835,7.836459e-06,2.0,1.9999727,-5.431218e-06,-0.9399921,-3.3214121e-06,0.58433354,-1.4967546e-07,-4.9999895,-1.4,-5.9433366e-13,6.4782485e-05,-9.999957e-05,9.999961e-05,0.00019999781,0.00019999781,-0.0001999976,-0.0001999976,9.399919e-05,2.9216684e-05,-3.921044e-10,3.5220643e-10,-0.0029445672,0.0030443852,0.0,0.0,-9.999961e-05,2.8e-09,0.0,-1.12691604e-17,0.0004999682,-0.00049996853,3.9110662e-10,0.0,2.9761143e-14,0.00049996853,-0.0004999682,-3.3230255e-10,0.0,1.567291e-14,0.00033216874,-0.00063214987,0.00030000132,0.0,-1.08624335e-14,0.0006999579,-0.00029998273,-0.00039999533,0.0,-6.64282e-15,0.00036558355,-0.0006595708,0.00029399674,0.0,-2.9935092e-16,0.0005457585,-0.00045176526,-9.399917e-05,-3.999967e-09,-2.8e-09,1.1617791e-06,-9.797212e-07,-9.4631365e-18
0.059997157258569925,5.0,-5.0,0.0,0.0,5.5949034e-10,-2.2990155e-06,-1.9999931,1.1560281e-06,2.0,1.9999889,-2.0875177e-06,-0.93999195,1.9206311e-06,0.584333,-6.6074483e-07,-4.9999895,-1.4,-5.9433366e-13,6.478244e-05,-9.999971e-05,9.999994e-05,0.00019999911,0.00019999911,-0.0001999987,-0.0001999987,9.399913e-05,2.9216684e-05,-5.7773397e-11,-1.7275238e-10,-0.0029445668,0.003044385,0.0,0.0,-9.999994e-05,2.8e-09,0.0,1.1189837e-18,0.0004999683,-0.00049996836,5.719246e-11,0.0,-4.598019e-15,0.00049996824,-0.0004999685,1.8252153e-10,0.0,2.3120662e-15,0.00033216772,-0.0006321504,0.00030000278,0.0,-4.1750296e-15,0.0006999588,-0.00029998127,-0.00039999778,0.0,3.841264e-15,0.00036558326,-0.00065957155,0.0002939978,0.0,-1.3214893e-15,0.0005457585,-0.00045176526,-9.399912e-05,-3.999986e-09,-2.8e-09,1.1617791e-06,-9.797212e-07,-4.4828164e-18
0.05999800000000002,5.0,-5.0,0.0,0.0,-7.045656e-09,2.7872966e-05,-1.9999797,1.2030189e-05,2.0,1.9999739,-2.9712978e-06,-0.94000095,-9.008084e-06,0.58433425,1.9489569e-07,-4.9999895,-1.4,-5.9433404e-13,6.478341e-05,-9.999959e-05,9.99994e-05,0.00019999768,0.00019999768,-0.00019999829,-0.00019999829,9.400011e-05,2.9216702e-05,-6.018616e-10,7.921382e-10,-0.0029445675,0.0030443852,0.0,0.0,-9.99994e-05,2.8e-09,0.0,-1.4091311e-17,0.000499968,-0.00049996865,6.017362e-10,0.0,5.5745945e-14,0.00049996877,-0.00049996795,-7.902927e-10,0.0,2.4060384e-14,0.000332169,-0.0006321501,0.00030000127,0.0,-5.942593e-15,0.0006999582,-0.00029998244,-0.00039999594,0.0,-1.801616e-14,0.0003655827,-0.00065957155,0.00029399837,0.0,3.897916e-16,0.00054575905,-0.0004517648,-9.400011e-05,-3.9999595e-09,-2.8e-09,1.1617791e-06,-9.797212e-07,2.8583494e-17
0.05999894355141943,5.0,-5.0,0.0,0.0,1.754812e-09,-8.0711425e-06,-1.9999954,-8.609603e-07,2.0,1.9999912,-2.123855e-06,-0.93999004,3.9470606e-06,0.58433276,-8.1054236e-07,-4.9999895,-1.4,-5.9433356e-13,6.478224e-05,-9.999973e-05,0.00010000005,0.00019999933,0.00019999933,-0.00019999871,-0.00019999871,9.399892e-05,2.921668e-05,4.3135686e-11,-3.6050934e-10,-0.0029445665,0.003044385,-2.5896115e-21,0.0,-0.00010000004,2.8e-09,2.5894572e-21,3.5096248e-18,0.00049996836,-0.0004999683,-4.3635474e-11,0.0,-1.6142297e-14,0.0004999682,-0.00049996853,3.664648e-10,0.0,-1.7219268e-15,0.0003321675,-0.0006321504,0.00030000304,0.0,-4.247716e-15,0.00069995894,-0.0002999811,-0.00039999804,0.0,7.8941235e-15,0.0003655834,-0.0006595715,0.00029399764,0.0,-1.6210849e-15,0.0005457584,-0.00045176537,-9.399892e-05,-3.9999906e-09,-2.8e-09,1.1617791e-06,-9.797212e-07,-7.3304647e-17
0.060000000000000005,5.0,-5.0,6.938894e-12,0.0,-7.862264e-08,-0.00034254245,-2.0001097,-0.00011309405,2.0,1.9999651,-7.2366696e-05,-0.9398698,7.736716e-05,0.5843251,-3.6702313e-06,-4.9999895,-1.4,-5.943288e-13,6.477018e-05,-9.999983e-05,0.00010000566,0.00020000373,0.00020000373,-0.00019998876,-0.00019998876,9.3986615e-05,2.9216439e-05,5.6507714e-09,-1.147242e-08,-0.002944559,0.0030443831,-1.3877609e-20,0.0,-0.00010000565,2.8e-09,1.3876782e-20,-1.5724529e-16,0.00049997115,-0.0004999655,-5.6503007e-09,0.0,-6.850849e-13,0.0004999626,-0.00049997406,1.1466055e-08,0.0,-2.261881e-13,0.000332159,-0.0006321464,0.00030000758,0.0,-1.4473339e-13,0.00069995783,-0.00029998552,-0.00039999254,0.0,1.5473434e-13,0.00036559484,-0.0006595607,0.0002939754,0.0,-7.340463e-15,0.00054575177,-0.00045177105,-9.398662e-05,-4.0002197e-09,-2.8e-09,1.1617792e-06,-9.797211e-07,-5.8975304e-17
0.0600001,5.0,-5.0,0.1,0.0,0.09015502,-0.00013131966,-2.0617201,0.0070758057,2.0,2.049847,-0.005936642,-0.95985174,0.0024328209,0.58499575,-8.724494e-05,-4.9999895,-1.4,-5.950795e-13,6.672184e-05,-0.0001034398,9.964621e-05,0.00020557836,0.00020557834,-0.00020474139,-0.00020474139,9.5976444e-05,2.9254152e-05,4.1539606e-06,-3.6035627e-07,-0.002944508,0.0030439736,-2e-10,0.0,-9.964615e-05,2.8e-09,2e-10,1.8031004e-10,0.0005018882,-0.0004977362,-4.1533367e-06,0.0,-2.626393e-13,0.0004997882,-0.00050014857,3.604084e-07,0.0,1.4151611e-11,0.00032660205,-0.00063560077,0.00030901952,0.0,-1.18732845e-11,0.0007053467,-0.00029505114,-0.00041031628,0.0,4.8656417e-12,0.0003628858,-0.00066359167,0.00030071556,0.0,-1.7448987e-13,0.00054683525,-0.00045086534,-9.597582e-05,-4.1234403e-09,-2.8e-09,1.1618423e-06,-9.796548e-07,-4.6147626e-17
0.0600003,5.0,-5.0,0.3,0.0,0.28407276,-2.0641426e-06,-2.2264411,0.014407215,2.0,2.199558,-0.01344152,-1.0250646,0.0059371283,0.5871477,-0.00020762566,-4.9999895,-1.4,-5.973532e-13,7.3117655e-05,-0.00011204242,9.9279634e-05,0.00022129998,0.00022129994,-0.00021936207,-0.00021936206,0.0001024857,2.9367766e-05,1.3483276e-05,-7.2046396e-07,-0.0029432783,0.0030423787,-6e-10,0.0,-9.9279605e-05,2.8e-09,6e-10,5.6814553e-10,0.00050567836,-0.0004921991,-1.3483358e-05,0.0,-4.1282853e-15,0.0004996082,-0.0005003287,7.2049613e-07,0.0,2.881443e-11,0.00031120842,-0.00064453116,0.00033334518,0.0,-2.688304e-11,0.00072083034,-0.0002801926,-0.00044065993,0.0,1.1874257e-11,0.00035439112,-0.00067622715,0.0003218464,0.0,-4.1525133e-13,0.00055039977,-0.00044792035,-0.00010248532,-4.4528825e-09,-2.8e-09,1.1620095e-06,-9.794802e-07,-5.5587807e-18
0.0600006,5.0,-5.0,0.6,0.0,0.5838888,9.68529e-07,-2.5183895,0.016374951,2.0,2.4855688,-0.016410206,-1.1569487,0.0076656016,0.5912189,-0.0002465293,-4.9999895,-1.4,-6.014654e-13,8.6096945e-05,-0.00012673822,9.918125e-05,0.00025019792,0.0002501979,-0.0002477903,-0.00024779027,0.00011567022,2.957327e-05,2.8375693e-05,-8.186991e-07,-0.0029391996,0.0030382038,-1.2e-09,0.0,-9.918125e-05,2.8e-09,1.2e-09,1.1677777e-09,0.0005103893,-0.00048202067,-2.8376857e-05,0.0,1.9370578e-15,0.00049955916,-0.00050037785,8.18699e-07,0.0,3.27499e-11,0.0002828817,-0.00065979746,0.00037694114,0.0,-3.2820413e-11,0.0007496755,-0.0002517124,-0.0004979882,0.0,1.5331203e-11,0.0003378467,-0.0007012955,0.0003634605,0.0,-4.930586e-13,0.000557685,-0.00044202074,-0.00011567022,-5.0367785e-09,-2.8e-09,1.1623048e-06,-9.791755e-07,3.3587882e-18
0.060001,5.0,-5.0,1.0,0.0,0.9828355,2.3992574e-05,-2.9181125,0.01618654,2.0,2.8872561,-0.015428101,-1.3467033,0.007011544,0.59660023,-0.00017830131,-4.9999895,-1.4,-6.067785e-13,0.000104813575,-0.00014671496,9.919067e-05,0.00029026845,0.00029026842,-0.00028802446,-0.00028802446,0.00013465251,2.9838928e-05,4.8332444e-05,-8.0812737e-07,-0.0029316326,0.0030306492,-2e-09,0.0,-9.919067e-05,2.8e-09,2e-09,1.965671e-09,0.00051502645,-0.0004667059,-4.8334412e-05,0.0,4.7985148e-14,0.00049956446,-0.0005003726,8.081273e-07,0.0,3.237308e-11,0.00024305069,-0.00068001053,0.00043698924,0.0,-3.0856203e-11,0.00078990136,-0.00021163761,-0.0005782929,0.0,1.4023088e-11,0.00031466174,-0.00073732506,0.00042267694,0.0,-3.5660263e-13,0.00056826515,-0.00043361867,-0.00013465251,-5.8362253e-09,-2.8e-09,1.1627079e-06,-9.787627e-07,2.0619323e-17
0.06000104,5.0,-5.0,1.0,0.0,0.99221325,9.902387e-06,-2.9442713,0.011987809,2.0,2.9180539,-0.013108661,-1.3621308,0.0063635684,0.5969817,-0.00016827043,-4.9999895,-1.4,-6.0714975e-13,0.000106338426,-0.00014781296,9.940061e-05,0.0002931163,0.00029311626,-0.00029116904,-0.000291169,0.00013619625,2.9857498e-05,4.901127e-05,-5.988953e-07,-0.0029309918,0.0030302184,-2e-09,0.0,-9.940073e-05,2.8e-09,2e-09,1.9844266e-09,0.0005151642,-0.0004661663,-4.901192e-05,0.0,1.9804775e-14,0.00049966905,-0.00050026784,5.987743e-07,0.0,2.3975618e-11,0.00024023255,-0.00068113534,0.00044093246,0.0,-2.6217323e-11,0.000792771,-0.00020851774,-0.0005842827,0.0,1.2727137e-11,0.00031285523,-0.00074020535,0.0004273639,0.0,-3.3654085e-13,0.00056913705,-0.00043294713,-0.00013619591,-5.888543e-09,-2.8e-09,1.1627343e-06,-9.787359e-07,2.5063705e-17
0.06000112,5.0,-5.0,1.0,0.0,0.9992148,-2.4890969e-07,-2.9761517,0.0057657,2.0,2.96015,-0.008000766,-1.3848149,0.0043915207,0.5975659,-0.00012382232,-4.9999895,-1.4,-6.076895e-13,0.0001085844,-0.00014909587,9.971172e-05,0.0002968151,0.00029681507,-0.00029557585,-0.00029557582,0.0001384691,2.9884483e-05,4.9672457e-05,-2.8829743e-07,-0.0029302603,0.003029798,-2e-09,0.0,-9.97118e-05,2.8e-09,2e-09,1.9984299e-09,0.0005153478,-0.0004656883,-4.9673567e-05,0.0,-4.9781905e-16,0.0004998243,-0.00050011254,2.8821677e-07,0.0,1.15314e-11,0.00023670905,-0.00068259414,0.00044591512,0.0,-1.600153e-11,0.00079655333,-0.00020419408,-0.00059238914,0.0,8.783041e-12,0.00031024104,-0.00074427103,0.00043404402,0.0,-2.4764462e-13,0.0005704221,-0.00043195923,-0.00013846888,-5.952303e-09,-2.8e-09,1.1627665e-06,-9.787027e-07,2.0087704e-17
0.06000128,5.0,-5.0,1.0,0.0,1.000147,-6.1690446e-07,-2.9967196,0.0008567426,2.0,2.9931247,-0.0017974223,-1.4049327,0.0012488379,0.5981229,-4.016623e-05,-4.9999895,-1.4,-6.0816304e-13,0.0001105811,-0.0001498788,9.9957164e-05,0.0002994922,0.0002994922,-0.00029918758,-0.00029918758,0.00014048925,2.9908153e-05,4.9964514e-05,-4.2867974e-08,-0.0029298542,0.003029637,-2e-09,0.0,-9.9957164e-05,2.8e-09,2e-09,2.0002942e-09,0.00051547936,-0.00046552691,-4.9966515e-05,0.0,-1.2338087e-15,0.00049994694,-0.00049998984,4.2867974e-08,0.0,1.7134854e-12,0.00023433937,-0.0006836861,0.000449377,0.0,-3.5948447e-12,0.00079938374,-0.00020073423,-0.00059867976,0.0,2.497676e-12,0.00030797705,-0.0007476397,0.00043967683,0.0,-8.0332456e-14,0.00057156495,-0.00043108175,-0.00014048925,-5.993439e-09,-2.8e-09,1.1627876e-06,-9.786799e-07,-1.614093e-17
0.06000152291640166,5.0,-5.0,1.0,0.0,0.9999693,7.8891475e-08,-3.0001745,-5.1240728e-05,2.0,3.0004048,0.00011519268,-1.410289,-6.719486e-05,0.5982896,1.119882e-06,-4.9999895,-1.4,-6.082885e-13,0.00011111459,-0.00015000616,0.000100002566,0.00030002894,0.00030002894,-0.0003000472,-0.0003000472,0.00014102901,2.9914425e-05,5.000103e-05,2.565981e-09,-0.0029298083,0.0030296366,-2e-09,0.0,-0.00010000256,2.8e-09,2e-09,1.9999387e-09,0.00051550276,-0.00046551376,-5.0003047e-05,0.0,1.5778295e-16,0.00049996964,-0.0004999671,-2.5625297e-09,0.0,-1.0248147e-13,0.00023391703,-0.00068392785,0.00045004115,0.0,2.303854e-13,0.00079999404,-0.0001999482,-0.00060007616,0.0,-1.343897e-13,0.00030739198,-0.00074845395,0.0004410762,0.0,2.239764e-15,0.0005718701,-0.0004308472,-0.00014102901,-6.0003487e-09,-2.8e-09,1.1627918e-06,-9.786739e-07,1.253174e-17
0.060001786111518456,5.0,-5.0,1.0,0.0,1.0000525,-1.0789224e-07,-2.9998949,3.936713e-05,2.0,2.99977,-6.239957e-05,-1.4098711,1.4164438e-05,0.5982785,-3.435299e-07,-4.9999895,-1.4,-6.082789e-13,0.00011107313,-0.00014999672,9.999803e-05,0.00029998325,0.00029998325,-0.0002999756,-0.0002999756,0.00014098707,2.9913945e-05,5.0000654e-05,-1.9737514e-09,-0.0029298125,0.003029636,-2e-09,0.0,-9.9998026e-05,2.8e-09,2e-09,2.0001047e-09,0.0005155006,-0.00046551198,-5.0002673e-05,0.0,-2.1578452e-16,0.00049996737,-0.00049996935,1.9786892e-09,0.0,7.873425e-14,0.00023395212,-0.0006839078,0.00044998596,0.0,-1.2479914e-13,0.0007999449,-0.00020001638,-0.0005999588,0.0,2.832888e-14,0.0003074383,-0.0007483867,0.00044096267,0.0,-6.8705976e-16,0.0005718464,-0.00043086536,-0.00014098707,-5.99979e-09,-2.8e-09,1.162792e-06,-9.786723e-07,4.1458673e-17
0.06000223814125832,5.0,-5.0,1.0,0.0,0.99996996,5.358468e-08,-3.000014,-1.1043216e-05,2.0,3.00004,1.29508535e-05,-1.4100112,5.242531e-06,0.598281,-1.024367e-06,-4.9999895,-1.4,-6.082821e-13,0.0001110869,-0.00015000015,0.00010000055,0.00030000272,0.00030000272,-0.00030000348,-0.00030000348,0.000141001,2.9914103e-05,4.999905e-05,5.548402e-10,-0.0029298104,0.0030296366,-2e-09,0.0,-0.00010000056,2.8e-09,2e-09,1.9999398e-09,0.0005155017,-0.00046551472,-5.000104e-05,0.0,1.0716929e-16,0.00049996865,-0.00049996807,-5.549343e-10,0.0,-2.2086426e-14,0.00023393698,-0.00068391557,0.00045000884,0.0,2.5901705e-14,0.0007999638,-0.00019998793,-0.00060000614,0.0,1.04850575e-14,0.00030742216,-0.00074841233,0.00044100446,0.0,-2.0487336e-15,0.0005718543,-0.00043085933,-0.000141001,-6.0000285e-09,-2.8e-09,1.1627926e-06,-9.786706e-07,1.13498535e-17
0.06000314220073804,5.0,-5.0,1.0,0.0,1.000012,-2.2814353e-08,-2.9999776,8.613538e-06,2.0,2.9999619,-7.910021e-06,-1.4099842,-1.5039695e-06,0.598281,-3.9445194e-07,-4.9999895,-1.4,-6.0828144e-13,0.000111084315,-0.00014999931,9.999957e-05,0.00029999696,0.00029999696,-0.00029999632,-0.00029999632,0.00014099838,2.9914074e-05,5.000017e-05,-4.3181725e-10,-0.0029298111,0.0030296366,-2e-09,0.0,-9.999957e-05,2.8e-09,2e-09,2.000024e-09,0.0005155013,-0.0004655132,-5.000217e-05,0.0,-4.562878e-17,0.0004999681,-0.0004999686,4.3071235e-10,0.0,1.7227078e-14,0.00023394162,-0.0006839136,0.00045000226,0.0,-1.5820043e-14,0.00079995894,-0.00019999596,-0.0005999933,0.0,-3.0079427e-15,0.00030742554,-0.000748406,0.0004409947,0.0,-7.889039e-16,0.0005718528,-0.00043086044,-0.0001409984,-5.9999548e-09,-2.8e-09,1.1627928e-06,-9.786693e-07,-1.7179628e-17
0.06196004489036541,5.0,-5.0,1.0,0.0,1.0000001,-1.8726307e-09,-2.9999862,3.4590364e-06,2.0,2.99998,-3.209745e-06,-1.409989,1.0546622e-06,0.598281,-5.851682e-07,-4.9999895,-1.4,-6.0828155e-13,0.000111084766,-0.00014999948,9.999983e-05,0.0002999983,0.0002999983,-0.00029999786,-0.00029999786,0.00014099883,2.9914077e-05,4.9999835e-05,-1.7304587e-10,-0.002929811,0.0030296366,-2e-09,0.0,-9.999983e-05,2.8e-09,2e-09,2.0000002e-09,0.0005155014,-0.00046551364,-5.0001832e-05,0.0,-3.745262e-18,0.00049996824,-0.0004999685,1.729877e-10,0.0,6.9180726e-15,0.00023394052,-0.00068391406,0.0004500038,0.0,-6.419491e-15,0.00079996,-0.00019999412,-0.0005999962,0.0,2.1093289e-15,0.00030742493,-0.0007484074,0.00044099672,0.0,-1.1703365e-15,0.0005718531,-0.00043086027,-0.00014099883,-5.9999725e-09,-2.8e-09,1.1627931e-06,-9.786686e-07,2.3437613e-17
0.06199404489036521,5.0,-5.0,1.0,0.0,0.9999993,-2.6938236e-11,-2.9999871,3.0450894e-06,2.0,2.999981,-2.9787707e-06,-1.4099891,1.3990007e-06,0.59828097,-6.045036e-07,-4.9999895,-1.4,-6.0828155e-13,0.00011108476,-0.00014999951,9.999985e-05,0.0002999984,0.0002999984,-0.00029999798,-0.00029999798,0.00014099885,2.991408e-05,4.999981e-05,-1.5225586e-10,-0.002929811,0.0030296366,-2e-09,0.0,-9.999985e-05,2.8e-09,2e-09,1.9999984e-09,0.0005155014,-0.00046551367,-5.00018e-05,0.0,-5.3873966e-20,0.0004999683,-0.0004999684,1.5172966e-10,0.0,6.090176e-15,0.00023394045,-0.00068391406,0.0004500039,0.0,-5.957541e-15,0.00079996005,-0.00019999401,-0.00059999636,0.0,2.7980041e-15,0.0003074249,-0.0007484074,0.00044099678,0.0,-1.2090071e-15,0.0005718531,-0.00043086027,-0.00014099883,-5.9999743e-09,-2.8e-09,1.1627931e-06,-9.786686e-07,-3.6403464e-17
0.06199600000000003,5.0,-5.0,1.0,0.0,0.9998893,1.5821792e-07,-3.0000284,-3.4753084e-05,2.0,3.0000076,-1.04534565e-05,-1.4099454,3.9616072e-05,0.5982785,-1.9868824e-06,-4.9999895,-1.4,-6.082805e-13,0.00011108031,-0.00014999969,0.00010000174,0.00030000182,0.00030000182,-0.0002999968,-0.0002999968,0.00014099434,2.9914027e-05,4.9996204e-05,1.7455651e-09,-0.0029298095,0.003029637,-2e-09,0.0,-0.00010000174,2.8e-09,2e-09,1.9997786e-09,0.0005155021,-0.00046551798,-4.9998205e-05,0.0,3.1643579e-16,0.00049996923,-0.0004999675,-1.7454802e-09,0.0,-6.950616e-14,0.00023393564,-0.00068391283,0.0004500075,0.0,-2.0906913e-14,0.0007999605,-0.00019999224,-0.0005999986,0.0,7.9232146e-14,0.0003074287,-0.0007484056,0.00044099113,0.0,-3.973765e-15,0.0005718505,-0.00043086224,-0.00014099434,-6.000057e-09,-2.8e-09,1.1627931e-06,-9.786686e-07,-1.6621701e-17
0.06199626934219104,5.0,-5.0,1.0,0.0,1.000016,-2.0367867e-08,-2.9999816,8.566104e-06,2.0,2.999984,1.1504732e-06,-1.4099979,-3.7085156e-06,0.59828126,-5.057391e-07,-4.9999895,-1.4,-6.0828176e-13,0.000111085654,-0.00014999951,9.999957e-05,0.00029999827,0.00029999827,-0.00029999876,-0.00029999876,0.00014099975,2.9914088e-05,5.000037e-05,-4.2932358e-10,-0.0029298111,0.0030296363,-2e-09,0.0,-9.999957e-05,2.8e-09,2e-09,2.000032e-09,0.0005155013,-0.00046551303,-5.0002374e-05,0.0,-4.0735737e-17,0.0004999681,-0.00049996853,4.2958417e-10,0.0,1.7132207e-14,0.00023394097,-0.00068391446,0.0004500038,0.0,2.3009457e-15,0.0007999603,-0.00019999353,-0.00059999706,0.0,-7.417032e-15,0.00030742402,-0.00074840826,0.00044099853,0.0,-1.0114783e-15,0.0005718536,-0.00043085986,-0.00014099975,-5.999963e-09,-2.8e-09,1.1627931e-06,-9.786686e-07,2.8159997e-17
0.062000000000000006,5.0,-5.0,1.0,6.938894e-12,1.000013,2.7823435e-09,-2.999982,7.701046e-06,2.0,2.9999852,1.5530255e-06,-1.4099871,4.0523796e-06,0.59828085,-6.857809e-07,-4.9999895,-1.4,-6.082815e-13,0.00011108457,-0.0001499995,9.999961e-05,0.00029999838,0.00029999838,-0.00029999812,-0.00029999812,0.00014099864,2.9914076e-05,5.0000268e-05,-3.8491318e-10,-0.0029298107,0.003029636,-2e-09,-1.3877609e-20,-9.999961e-05,2.8e-09,2e-09,2.0000261e-09,0.00051550136,-0.00046551312,-5.0002265e-05,1.3876782e-20,5.5646863e-18,0.0004999682,-0.00049996853,3.8491313e-10,0.0,1.5402091e-14,0.00023394082,-0.0006839144,0.00045000386,0.0,3.1060512e-15,0.00079995964,-0.00019999349,-0.0005999965,0.0,8.1047585e-15,0.000307425,-0.0007484075,0.00044099678,0.0,-1.3715618e-15,0.00057185296,-0.00043086035,-0.00014099864,-5.9999645e-09,-2.8e-09,1.1627931e-06,-9.786686e-07,-1.4796395e-17
0.062000028629932605,5.0,-5.0,1.0,0.028629933,1.000007,0.02054586,-3.0075908,0.0032405234,2.0,3.004018,-0.0017861965,-1.411127,0.000518071,0.59829795,-9.579601e-06,-4.9999895,-1.4,-6.083075e-13,0.00011119634,-0.00015054156,9.983798e-05,0.00030058046,0.00030058046,-0.00030035002,-0.00030035002,0.00014111174,2.9915376e-05,4.9838323e-05,8.652669e-07,-0.0029299485,0.0030296126,-2e-09,-5.7259864e-11,-9.983801e-05,2.8e-09,2e-09,2.000014e-09,0.00051541644,-0.00046559013,-4.984036e-05,5.7259864e-11,4.109172e-11,0.000500393,-0.00049952813,-8.6511477e-07,0.0,6.4810466e-12,0.00023325511,-0.00068435253,0.00045112777,0.0,-3.572393e-12,0.00080053136,-0.00019963148,-0.00060093025,0.0,1.036142e-12,0.00030727262,-0.00074872,0.00044146166,0.0,-1.9159201e-14,0.0005719173,-0.00043081163,-0.00014111171,-6.0151812e-09,-2.8e-09,1.1628007e-06,-9.78661e-07,-1.4147004e-17
0.0620000858897978,5.0,-5.0,1.0,0.0858898,1.0000018,0.07110003,-3.0363524,0.008687273,2.0,3.0241554,-0.0060984036,-1.4182197,0.002131529,0.59842503,-4.301872e-05,-4.9999895,-1.4,-6.0846803e-13,0.000111894245,-0.00015225197,9.956564e-05,0.0003030254,0.0003030254,-0.0003022024,-0.0003022024,0.00014181767,2.9923402e-05,4.9565722e-05,3.1206378e-06,-0.0029299895,0.0030293819,-2e-09,-1.7177959e-10,-9.956566e-05,2.8e-09,2e-09,2.0000035e-09,0.00051527336,-0.00046571964,-4.956775e-05,1.7177959e-10,1.4220004e-10,0.0005014547,-0.00049833505,-3.1206507e-06,0.0,1.7374546e-11,0.00023046973,-0.0006857224,0.00045528327,0.0,-1.2196807e-11,0.00080292573,-0.00019772867,-0.00060522766,0.0,4.263058e-12,0.00030638417,-0.0007503898,0.00044402,0.0,-8.603744e-14,0.0005723191,-0.0004305075,-0.00014181765,-6.0727046e-09,-2.8e-09,1.1628294e-06,-9.786322e-07,-2.5183843e-17
0.0620002004095282,5.0,-5.0,1.0,0.20040953,0.9999997,0.18414912,-3.1279716,0.014044163,2.0,3.1032972,-0.012337095,-1.4510387,0.005109431,0.59907657,-0.00011281097,-4.9999895,-1.4,-6.0918935e-13,0.00011513312,-0.00015710079,9.9297795e-05,0.00031156346,0.00031156343,-0.00030981877,-0.00030981877,0.00014509259,2.9959469e-05,4.9297778e-05,8.505248e-06,-0.0029291895,0.0030283148,-2e-09,-4.0081904e-10,-9.9297795e-05,2.8e-09,2e-09,1.9999995e-09,0.0005151326,-0.00046584694,-4.929978e-05,4.0081904e-10,3.6829825e-10,0.00050378416,-0.0004952811,-8.505615e-06,0.0,2.8088327e-11,0.00022109954,-0.0006897385,0.00046867048,0.0,-2.467419e-11,0.00081135554,-0.0001900047,-0.0006213822,0.0,1.0218861e-11,0.00030246677,-0.00075736345,0.00045491135,0.0,-2.2562196e-13,0.0005741879,-0.00042910138,-0.00014509259,-6.2559433e-09,-2.8e-09,1.1629211e-06,-9.785406e-07,-5.6051135e-17
0.062000429448989,5.0,-5.0,1.0,0.429449,0.999999,0.4133949,-3.3486164,0.016194217,2.0,3.316303,-0.016156526,-1.5476623,0.007483078,0.6010577,-0.00016949064,-4.9999895,-1.4,-6.112271e-13,0.00012468775,-0.00016824053,9.919029e-05,0.000333246,0.00033324596,-0.00033088197,-0.00033088197,0.00015474927,3.0061357e-05,4.919024e-05,1.9860036e-05,-0.0029260137,0.003025033,-2e-09,-8.5889795e-10,-9.91903e-05,2.8e-09,2e-09,1.999998e-09,0.0005150762,-0.00046589802,-4.9192247e-05,8.5889795e-10,8.2678986e-10,0.00050807616,-0.00048822118,-1.9860814e-05,0.0,3.2388432e-11,0.00019771692,-0.00069917616,0.00050149305,0.0,-3.231305e-11,0.0008329762,-0.00016888218,-0.0006641275,0.0,1.4966157e-11,0.0002912836,-0.00077689876,0.00048563082,0.0,-3.3898128e-13,0.00057972147,-0.00042497847,-0.0001547491,-6.697233e-09,-2.8e-09,1.1631417e-06,-9.783199e-07,-3.2706334e-17
0.06200065172325619,5.0,-5.0,1.0,0.65172327,0.99999934,0.6359602,-3.5705485,0.01635261,2.0,3.5383618,-0.016093202,-1.6522316,0.0073458264,0.60317916,-0.00015329177,-4.9999895,-1.4,-6.133324e-13,0.00013504099,-0.00017934505,9.918237e-05,0.00035544552,0.0003554455,-0.00035310158,-0.00035310158,0.00016520784,3.0166622e-05,4.9182338e-05,3.098038e-05,-0.002922009,0.003021022,-2e-09,-1.3034465e-09,-9.9182376e-05,2.8e-09,2e-09,1.9999986e-09,0.000515072,-0.00046590174,-4.9184346e-05,1.3034465e-09,1.2719205e-09,0.0005116676,-0.00048069496,-3.098159e-05,0.0,3.270522e-11,0.0001736944,-0.00070845586,0.0005347975,0.0,-3.2186406e-11,0.0008552489,-0.0001467381,-0.00070854655,0.0,1.4691652e-11,0.00027941837,-0.0007977105,0.00051830884,0.0,-3.0658353e-13,0.0005857444,-0.0004205429,-0.0001652076,-7.141097e-09,-2.8e-09,1.1633637e-06,-9.78098e-07,4.39554e-17
0.0620006740756102,5.0,-5.0,1.0,0.6740756,0.99999905,0.6581163,-3.5929232,0.016297897,2.0,3.5605214,-0.016200751,-1.6625121,0.0074373577,0.60337126,-0.0001549323,-4.9999895,-1.4,-6.135262e-13,0.0001360594,-0.00018046105,9.9185105e-05,0.00035767222,0.0003576722,-0.0003553084,-0.00035530838,0.00016623571,3.017631e-05,4.918506e-05,3.209092e-05,-0.0029214958,0.003020512,-2e-09,-1.3481513e-09,-9.9185105e-05,2.8e-09,2e-09,1.9999982e-09,0.0005150735,-0.00046590046,-4.918706e-05,1.3481513e-09,1.3162326e-09,0.0005119494,-0.00047986646,-3.2092234e-05,0.0,3.2595794e-11,0.00017122131,-0.0007093255,0.0005381405,0.0,-3.24015e-11,0.0008574774,-0.00014453281,-0.00071298063,0.0,1.4874716e-11,0.00027826987,-0.0007997971,0.0005215441,0.0,-3.098646e-13,0.00058634096,-0.00042011138,-0.00016623571,-7.1858466e-09,-2.8e-09,1.1633861e-06,-9.780756e-07,1.7611933e-17
0.062000718780318216,5.0,-5.0,1.0,0.71878034,0.999999,0.70272917,-3.637587,0.01628511,2.0,3.6050303,-0.016278164,-1.6833048,0.007523444,0.603757,-0.00015565763,-4.9999895,-1.4,-6.139127e-13,0.00013811927,-0.0001826936,9.9185745e-05,0.0003621309,0.00036213084,-0.0003597507,-0.00035975067,0.0001683149,3.0195635e-05,4.9185695e-05,3.4322202e-05,-0.0029204283,0.0030194453,-2e-09,-1.4375606e-09,-9.9185745e-05,2.8e-09,2e-09,1.999998e-09,0.00051507377,-0.00046590017,-4.9187693e-05,1.4375606e-09,1.4054583e-09,0.0005124779,-0.00047816418,-3.4323606e-05,0.0,3.257022e-11,0.00016626061,-0.00071105565,0.00054483174,0.0,-3.255633e-11,0.0008619438,-0.00014009871,-0.0007218816,0.0,1.5046889e-11,0.00027595932,-0.00080400787,0.0005280656,0.0,-3.1131526e-13,0.00058754947,-0.00041924065,-0.0001683149,-7.2751742e-09,-2.8e-09,1.1634306e-06,-9.780309e-07,3.5726298e-17
0.062000859390159105,5.0,-5.0,1.0,0.85939014,0.999999,0.84332603,-3.778012,0.016328046,2.0,3.7453089,-0.016351543,-1.7491559,0.0075776055,0.6049571,-0.00015142781,-4.9999895,-1.4,-6.1510855e-13,0.00014464503,-0.00018971702,9.91836e-05,0.00037616608,0.00037616605,-0.00037377313,-0.0003737731,0.00017490046,3.0255427e-05,4.9183545e-05,4.13499e-05,-0.0029168143,0.0030158302,-2e-09,-1.7187803e-09,-9.91836e-05,2.8e-09,2e-09,1.999998e-09,0.00051507266,-0.0004659012,-4.9185546e-05,1.7187803e-09,1.686652e-09,0.00051394507,-0.0004726054,-4.1351585e-05,0.0,3.2656093e-11,0.00015053044,-0.00071638287,0.00056589063,0.0,-3.270309e-11,0.00087601703,-0.00012611579,-0.0007499391,0.0,1.515521e-11,0.00026869756,-0.00081735343,0.00054867356,0.0,-3.0285561e-13,0.000591388,-0.0004164936,-0.00017490046,-7.556024e-09,-2.8e-09,1.1635711e-06,-9.778905e-07,4.160317e-18
0.062001,5.0,-5.0,1.0,1.0,0.999999,0.9839346,-3.9184248,0.016377015,2.0,3.8856273,-0.016398607,-1.8151162,0.0075704353,0.606108,-0.00014533654,-4.9999895,-1.4,-6.162533e-13,0.00015118443,-0.00019674009,9.918115e-05,0.00039020262,0.0003902026,-0.0003878057,-0.00038780566,0.00018149709,3.0312667e-05,4.91811e-05,4.837788e-05,-0.00291267,0.0030116844,-2e-09,-2e-09,-9.9181154e-05,2.8e-09,2e-09,1.999998e-09,0.0005150714,-0.00046590235,-4.91831e-05,2e-09,1.9678692e-09,0.0005150248,-0.00046665885,-4.8379847e-05,0.0,3.2754032e-11,0.00013453556,-0.00072144653,0.00058695057,0.0,-3.2797216e-11,0.00089009595,-0.000112126974,-0.0007780083,0.0,1.5140871e-11,0.00026152394,-0.00083080836,0.00056930276,0.0,-2.9067308e-13,0.00059525453,-0.00041376354,-0.00018149709,-7.836849e-09,-2.8e-09,1.1637115e-06,-9.777501e-07,5.800058e-19
0.062001010087023,5.0,-5.0,1.0,1.0,0.9999984,0.9893535,-3.927733,0.015404612,2.0,3.895483,-0.016124776,-1.8198134,0.00752622,0.6061882,-0.00014463073,-4.9999895,-1.4,-6.163328e-13,0.00015165024,-0.00019715687,9.9229765e-05,0.0003911608,0.00039116078,-0.00038879568,-0.00038879566,0.00018196687,3.0316638e-05,4.922969e-05,4.8697446e-05,-0.0029123542,0.0030114173,-2e-09,-2e-09,-9.9229816e-05,2.8e-09,2e-09,1.9999968e-09,0.00051509694,-0.00046587927,-4.923173e-05,2e-09,1.978707e-09,0.0005150665,-0.00046638117,-4.8699265e-05,0.0,3.0809227e-11,0.00013342728,-0.000721713,0.0005883254,0.0,-3.224955e-11,0.0008910511,-0.00011113411,-0.0007799564,0.0,1.505244e-11,0.000261018,-0.0008317621,0.0005707625,0.0,-2.8926145e-13,0.0005955308,-0.00041357003,-0.00018196687,-7.855466e-09,-2.8e-09,1.1637209e-06,-9.777408e-07,-5.719392e-17
0.06200103026106901,5.0,-5.0,1.0,1.0,0.9999974,0.9956462,-3.9439094,0.012933396,2.0,3.9139547,-0.014977204,-1.828896,0.0072535053,0.6063448,-0.00014085679,-4.9999895,-1.4,-6.164857e-13,0.00015255123,-0.00019784215,9.935333e-05,0.0003928932,0.0003928932,-0.00039067012,-0.00039067012,0.00018287552,3.0324283e-05,4.93532e-05,4.913564e-05,-0.0029118154,0.003011002,-2e-09,-2e-09,-9.93533e-05,2.8e-09,2e-09,1.9999948e-09,0.0005151618,-0.00046582066,-4.935517e-05,2e-09,1.9912925e-09,0.0005151496,-0.00046602587,-4.913774e-05,0.0,2.5866791e-11,0.00013145973,-0.0007221632,0.0005907433,0.0,-2.9954407e-11,0.00089277077,-0.00010924707,-0.00078356336,0.0,1.450701e-11,0.00026004438,-0.0008335715,0.00057354564,0.0,-2.817136e-13,0.0005960654,-0.00041319604,-0.00018287552,-7.887819e-09,-2.8e-09,1.163737e-06,-9.777247e-07,-7.093329e-17
0.06200107060916103,5.0,-5.0,1.0,1.0,0.9999969,0.99934757,-3.9660702,0.008318487,2.0,3.9431117,-0.011479103,-1.8443394,0.006070086,0.6066214,-0.00012257043,-4.9999895,-1.4,-6.167438e-13,0.00015408445,-0.00019871943,9.9584075e-05,0.0003954591,0.0003954591,-0.00039370416,-0.00039370416,0.00018442169,3.0337196e-05,4.958392e-05,4.955145e-05,-0.002911112,0.003010529,-2e-09,-2e-09,-9.95839e-05,2.8e-09,2e-09,1.9999937e-09,0.0005152829,-0.0004657112,-4.958575e-05,2e-09,1.998695e-09,0.00051528116,-0.00046574112,-4.955409e-05,0.0,1.6636973e-11,0.00012868502,-0.00072283176,0.00059418683,0.0,-2.2958205e-11,0.0008953187,-0.000106195446,-0.0007891632,0.0,1.2140172e-11,0.00025840465,-0.00083651167,0.0005781257,0.0,-2.4514088e-13,0.00059697585,-0.0004125603,-0.00018442165,-7.93214e-09,-2.8e-09,1.1637592e-06,-9.777025e-07,-1.17641585e-17
0.062001151305345066,5.0,-5.0,1.0,1.0,0.99999774,1.0000179,-3.986884,0.0032828595,2.0,3.975578,-0.005652949,-1.8634632,0.0034412066,0.6069863,-7.518781e-05,-4.9999895,-1.4,-6.170611e-13,0.00015598562,-0.00019950834,9.983586e-05,0.0003981231,0.0003981231,-0.0003972137,-0.00039721368,0.00018633879,3.0353072e-05,4.9835744e-05,4.983675e-05,-0.0029105097,0.0030101787,-2e-09,-2e-09,-9.983571e-05,2.8e-09,2e-09,1.9999955e-09,0.00051541516,-0.00046559164,-4.9837607e-05,2e-09,2.0000357e-09,0.0005154153,-0.00046559013,-4.9839204e-05,0.0,6.5657193e-12,0.00012600987,-0.000723609,0.0005976395,0.0,-1.1305899e-11,0.0008980031,-0.000102707076,-0.0007953363,0.0,6.8824135e-12,0.0002563972,-0.0008399304,0.000583552,0.0,-1.5037563e-13,0.00059810537,-0.0004117728,-0.00018633867,-7.973768e-09,-2.8e-09,1.16378e-06,-9.776817e-07,4.9136487e-17
0.06200131269771313,5.0,-5.0,1.0,1.0,0.99999887,0.99999535,-3.9986548,0.00033484443,2.0,3.9972758,-0.0006894712,-1.8779732,0.0005078343,0.60728765,-1.3144114e-05,-4.9999895,-1.4,-6.173004e-13,0.00015743097,-0.00019994949,9.9983255e-05,0.00039979653,0.00039979653,-0.00039967682,-0.0003996768,0.000187796,3.0365038e-05,4.9983202e-05,4.9983028e-05,-0.0029102224,0.0030100388,-2e-09,-2e-09,-9.998324e-05,2.8e-09,2e-09,1.9999977e-09,0.0005154927,-0.00046552156,-4.9985185e-05,2e-09,1.9999908e-09,0.0005154927,-0.0004655217,-4.9985043e-05,0.0,6.696889e-13,0.0001244658,-0.00072417926,0.00059975387,0.0,-1.3789425e-12,0.00089975225,-0.00010031966,-0.00079947314,0.0,1.0156686e-12,0.00025489088,-0.0008423446,0.0005874727,0.0,-2.6288228e-14,0.0005989643,-0.00041117446,-0.00018779599,-7.9973095e-09,-2.8e-09,1.1637917e-06,-9.7767e-07,1.069442e-17
0.062001461334417564,5.0,-5.0,1.0,1.0,0.999999,1.0000062,-4.0001764,-4.2773485e-05,2.0,4.000409,0.00011650771,-1.880325,-9.022482e-05,0.607341,1.5095804e-06,-4.9999895,-1.4,-6.17339e-13,0.00015766578,-0.00020000667,0.00010000214,0.00040002927,0.00040002927,-0.00040004996,-0.00040004996,0.00018803266,3.0366973e-05,5.000209e-05,5.0002447e-05,-0.0029101933,0.0030100287,-2e-09,-2e-09,-0.00010000214,2.8e-09,2e-09,1.999998e-09,0.00051550264,-0.0004655126,-5.0004088e-05,2e-09,2.0000124e-09,0.00051550264,-0.00046551225,-5.0004448e-05,0.0,-8.554697e-14,0.0001242637,-0.0007242672,0.00060004403,0.0,2.330154e-13,0.0009000081,-9.9969264e-05,-0.0008000794,0.0,-1.8044964e-13,0.0002546487,-0.00084271247,0.0005880828,0.0,3.0191606e-15,0.0005991038,-0.00041107726,-0.00018803275,-8.000352e-09,-2.8e-09,1.1637933e-06,-9.776684e-07,-4.2512124e-17
0.06200169667659253,5.0,-5.0,1.0,1.0,0.999999,0.99999607,-3.999974,5.244361e-06,2.0,3.9999435,-1.5284606e-05,-1.8799596,9.435723e-06,0.60733265,-6.938036e-07,-4.9999895,-1.4,-6.1733306e-13,0.00015762929,-0.00019999898,9.9999736e-05,0.0003999959,0.0003999959,-0.0003999934,-0.0003999934,0.00018799589,3.0366666e-05,4.9999686e-05,4.999954e-05,-0.0029101965,0.0030100294,-2e-09,-2e-09,-9.9999736e-05,2.8e-09,2e-09,1.999998e-09,0.00051550136,-0.00046551373,-5.0001687e-05,2e-09,1.9999922e-09,0.00051550136,-0.00046551388,-5.000154e-05,0.0,1.048872e-14,0.00012429085,-0.00072425324,0.0006000029,0.0,-3.0569212e-14,0.0008999708,-0.00010002197,-0.0007999894,0.0,1.8871449e-14,0.00025468625,-0.00084265665,0.0005879894,0.0,-1.3876073e-15,0.00059908215,-0.00041109233,-0.00018799595,-7.999948e-09,-2.8e-09,1.1637931e-06,-9.776686e-07,-6.368336e-17
0.062002067699559,5.0,-5.0,1.0,1.0,0.99999905,1.0000008,-3.9999828,4.226339e-06,2.0,3.9999824,-3.6407195e-07,-1.8799918,-1.3546658e-07,0.607333,-6.040086e-07,-4.9999895,-1.4,-6.1733355e-13,0.00015763244,-0.00019999937,9.999979e-05,0.00039999824,0.00039999824,-0.00039999821,-0.00039999821,0.00018799913,3.036668e-05,4.9999737e-05,4.999983e-05,-0.0029101965,0.0030100297,-2e-09,-2e-09,-9.999979e-05,2.8e-09,2e-09,1.999998e-09,0.0005155014,-0.0004655137,-5.0001738e-05,2e-09,2.0000017e-09,0.00051550136,-0.0004655136,-5.0001832e-05,0.0,8.452677e-15,0.00012428957,-0.0007242547,0.0006000056,0.0,-7.281423e-16,0.00089997344,-0.00010001751,-0.0007999965,0.0,-2.7093302e-16,0.000254683,-0.00084266136,0.0005879974,0.0,-1.2080173e-15,0.000599084,-0.00041109102,-0.00018799913,-7.999966e-09,-2.8e-09,1.1637931e-06,-9.776686e-07,-4.4467254e-17
0.065001,5.0,-5.0,1.0,1.0,0.999999,0.99999374,-3.9999835,2.308096e-06,2.0,3.9999714,-6.034706e-06,-1.8799871,-3.8881103e-07,0.60733294,-5.490489e-07,-4.9999895,-1.4,-6.173335e-13,0.00015763198,-0.0001999993,9.999988e-05,0.00039999775,0.00039999775,-0.00039999717,-0.00039999717,0.00018799865,3.0366675e-05,4.9999835e-05,4.9999573e-05,-0.002910197,0.0030100301,-2e-09,-2e-09,-9.999988e-05,2.8e-09,2e-09,1.999998e-09,0.0005155014,-0.00046551367,-5.0001832e-05,2e-09,1.9999875e-09,0.0005155014,-0.0004655139,-5.000157e-05,0.0,4.616192e-15,0.00012428967,-0.00072425423,0.00060000503,0.0,-1.2069412e-14,0.00089997344,-0.00010001905,-0.0007999949,0.0,-7.776221e-16,0.00025468352,-0.0008426603,0.00058799586,0.0,-1.0980977e-15,0.0005990837,-0.00041109123,-0.00018799865,-7.999967e-09,-2.8e-09,1.1637931e-06,-9.776686e-07,-5.1136438e-17
0.06500104999999723,5.0,-5.0,0.95,1.0,0.959077,0.9999957,-3.9791832,-0.0050275563,2.0,3.9861238,0.0034702723,-1.8752356,-0.0011954926,0.60727334,1.7197486e-05,-4.9999895,-1.4,-6.1725614e-13,0.00015716255,-0.00019870777,0.00010025138,0.00039826534,0.00039826534,-0.0003987319,-0.0003987319,0.00018752528,3.0362808e-05,4.8205227e-05,5.0251165e-05,-0.0029108296,0.0030109137,-1.9e-09,-2e-09,-0.00010025132,2.8e-09,1.9e-09,1.918154e-09,0.0005153298,-0.0004671358,-4.820753e-05,2e-09,1.9999913e-09,0.0005156336,-0.00046539452,-5.0253104e-05,0.0,-1.0055113e-11,0.00012647052,-0.0007234119,0.00059698167,0.0,6.9405445e-12,0.0008982165,-0.00010125908,-0.0007969978,0.0,-2.3909852e-12,0.00025521155,-0.00084145006,0.0005862575,0.0,3.4394976e-14,0.00059880374,-0.00041128453,-0.00018752535,-7.958366e-09,-2.8e-09,1.1637723e-06,-9.776894e-07,-5.1377984e-17
0.06500114999999167,5.0,-5.0,0.85,1.0,0.865513,0.9999976,-3.9122467,-0.011683935,2.0,3.9315026,0.009627734,-1.8533745,-0.0037879266,0.60695475,6.2408966e-05,-4.9999895,-1.4,-6.1689233e-13,0.00015499913,-0.00019502814,0.0001005842,0.00039218744,0.00039218747,-0.00039352904,-0.00039352904,0.00018534368,3.0344618e-05,4.385985e-05,5.0584076e-05,-0.0029127845,0.0030132006,-1.7e-09,-2e-09,-0.00010058416,2.8e-09,1.7e-09,1.7310261e-09,0.00051469763,-0.00047084794,-4.3861837e-05,2e-09,1.9999953e-09,0.0005158085,-0.00046523658,-5.0586037e-05,0.0,-2.3367872e-11,0.00013383495,-0.0007210192,0.00058722385,0.0,1.9255469e-11,0.00089214835,-0.00010647134,-0.00078571687,0.0,-7.575853e-12,0.0002576137,-0.0008364679,0.0005788729,0.0,1.2481795e-13,0.00059751736,-0.00041217977,-0.00018534374,-7.824494e-09,-2.8e-09,1.1637053e-06,-9.777563e-07,-3.719625e-17
0.06500134999998054,5.0,-5.0,0.65000004,1.0,0.6661403,0.9999988,-3.7301824,-0.016010651,2.0,3.7613423,0.015579788,-1.7780864,-0.006976507,0.60572535,0.00013152693,-4.9999895,-1.4,-6.1559384e-13,0.0001475421,-0.00018570859,0.000100800535,0.00037457622,0.00037457625,-0.0003768319,-0.0003768319,0.0001778218,3.0279693e-05,3.410755e-05,5.0800474e-05,-0.002917513,0.0030181438,-1.3e-09,-2e-09,-0.000100800535,2.8e-09,1.3e-09,1.3322807e-09,0.000512586,-0.00047848638,-3.4108885e-05,2e-09,1.9999977e-09,0.0005159223,-0.0004651339,-5.0802475e-05,0.0,-3.2021302e-11,0.00015421308,-0.0007144676,0.0005602923,0.0,3.1159575e-11,0.00087464025,-0.00012327026,-0.0007514081,0.0,-1.3953014e-11,0.0002658845,-0.0008205202,0.0005546537,0.0,2.6305387e-13,0.0005931032,-0.00041528753,-0.0001778218,-7.460365e-09,-2.8e-09,1.1635233e-06,-9.779384e-07,1.0657934e-17
0.06500159476231165,5.0,-5.0,0.40523767,1.0,0.42136055,0.999999,-3.4864545,-0.016273594,2.0,3.51913,0.016337583,-1.6652037,-0.0076275603,0.603715,0.00015865383,-4.9999895,-1.4,-6.1355635e-13,0.00013635852,-0.00017350905,0.00010081368,0.0003502792,0.00035027924,-0.00035267576,-0.0003526758,0.00016653624,3.0177818e-05,2.1881708e-05,5.081363e-05,-0.002922787,0.0030234293,-8.1047535e-10,-2e-09,-0.00010081368,2.8e-09,8.1047535e-10,8.4272117e-10,0.00050905976,-0.000487183,-2.1882652e-05,2e-09,1.999998e-09,0.0005159292,-0.00046512767,-5.081563e-05,0.0,-3.2547184e-11,0.00018129894,-0.00070505927,0.0005237956,0.0,3.2675165e-11,0.0008504332,-0.00014751333,-0.00070295547,0.0,-1.5255122e-11,0.0002783839,-0.0007975794,0.0005192124,0.0,3.1730768e-13,0.0005865187,-0.0004199885,-0.00016653634,-6.972909e-09,-2.8e-09,1.1632795e-06,-9.781821e-07,3.4154e-17
0.06500174026832048,5.0,-5.0,0.25973168,1.0,0.27588814,0.999999,-3.3406246,-0.016184248,2.0,3.3728888,0.016131846,-1.5962951,-0.0075083855,0.6023871,0.00016322068,-4.9999895,-1.4,-6.122237e-13,0.00012953488,-0.00016622202,0.000100809215,0.00033567566,0.0003356757,-0.0003380397,-0.00033803974,0.00015964583,3.0111192e-05,1.4603619e-05,5.0809158e-05,-0.0029251513,0.0030257879,-5.1946336e-10,-2e-09,-0.00010080922,2.8e-09,5.1946336e-10,5.517763e-10,0.0005063685,-0.000491768,-1.4604423e-05,2e-09,1.999998e-09,0.00051592686,-0.0004651298,-5.0811166e-05,0.0,-3.2368497e-11,0.00019713843,-0.00069900986,0.0005019052,0.0,3.226369e-11,0.00083586574,-0.00016218329,-0.0006737166,0.0,-1.501677e-11,0.000286157,-0.0007838273,0.0004976864,0.0,3.2644138e-13,0.0005825314,-0.0004228914,-0.00015964608,-6.6812493e-09,-2.8e-09,1.1631338e-06,-9.783279e-07,3.2522905e-17
0.065002,5.0,-5.0,0.0,1.0,0.016598897,0.99999917,-3.0806792,-0.016020091,2.0,3.1131628,0.016241644,-1.4745177,-0.0077082715,0.5999143,0.0001833317,-4.9999895,-1.4,-6.0973026e-13,0.000117484095,-0.00015323295,0.00010080101,0.00030969208,0.0003096921,-0.0003120871,-0.0003120871,0.0001474701,2.998655e-05,1.6309494e-06,5.080096e-05,-0.0029283324,0.0030289593,0.0,-2e-09,-0.00010080104,2.8e-09,0.0,3.3197792e-11,0.0005007813,-0.00049915,-1.6314988e-06,2e-09,1.9999984e-09,0.0005159226,-0.00046513366,-5.0802995e-05,0.0,-3.2040183e-11,0.0002248404,-0.00068774226,0.00046293298,0.0,3.2483287e-11,0.00080996536,-0.0001882153,-0.0006217816,0.0,-1.5416543e-11,0.000300127,-0.0007596709,0.00045955888,0.0,3.666634e-13,0.00057553296,-0.00042806842,-0.00014747061,-6.161358e-09,-2.8e-09,1.1628738e-06,-9.785879e-07,2.540993e-17
0.06500202597316795,5.0,-5.0,0.0,1.0,0.008442762,1.0000001,-3.061035,-0.013147867,2.0,3.0903673,0.014666079,-1.463088,-0.00722126,0.5996554,0.00017636489,-4.9999895,-1.4,-6.094788e-13,0.00011635266,-0.00015239435,0.000100657395,0.0003075701,0.00030757012,-0.00030975885,-0.00030975885,0.00014632643,2.9973951e-05,1.0795314e-06,5.06574e-05,-0.0029286658,0.0030291488,0.0,-2e-09,-0.0001006574,2.8e-09,0.0,1.6885524e-11,0.00050050707,-0.00049942743,-1.0797204e-06,2e-09,2.0000002e-09,0.0005158471,-0.00046520174,-5.0659408e-05,0.0,-2.6295735e-11,0.00022698368,-0.0006869239,0.00045997117,0.0,2.9332158e-11,0.0008078385,-0.00019054001,-0.0006173298,0.0,-1.444252e-11,0.00030144586,-0.0007575169,0.00045608587,0.0,3.5272978e-13,0.00057488075,-0.00042856016,-0.0001463266,-6.12207e-09,-2.8e-09,1.1628541e-06,-9.786075e-07,-1.990238e-17
0.06500207791950385,5.0,-5.0,0.0,1.0,0.001487923,1.0000007,-3.033579,-0.008022531,2.0,3.054958,0.010689396,-1.4442496,-0.0057273693,0.5992078,0.00014844768,-4.9999895,-1.4,-6.0905935e-13,0.00011448684,-0.00015127783,0.00010040113,0.00030442685,0.00030442688,-0.00030606854,-0.00030606854,0.00014443981,2.995297e-05,4.7552268e-07,5.0401162e-05,-0.0029291783,0.0030294051,0.0,-2e-09,-0.00010040113,2.8e-09,0.0,2.975846e-12,0.00050020596,-0.00049973046,-4.7552567e-07,2e-09,2.0000015e-09,0.00051571237,-0.00046532325,-5.0403163e-05,0.0,-1.6045061e-11,0.00023003685,-0.000685717,0.00045571075,0.0,2.1378793e-11,0.00080465357,-0.00019418907,-0.00061049545,0.0,-1.1454738e-11,0.00030360016,-0.0007540939,0.00045050838,0.0,2.9689538e-13,0.0005738066,-0.0004293728,-0.00014443981,-6.0671583e-09,-2.8e-09,1.1628266e-06,-9.78635e-07,2.7206345e-18
0.06500218181217567,5.0,-5.0,0.0,1.0,-0.00019969647,1.0,-3.0101101,-0.0025774431,2.0,3.0191336,0.004511614,-1.4231387,-0.0028203805,0.5986637,8.10749e-05,-4.9999895,-1.4,-6.0858263e-13,0.000112392845,-0.00015037664,0.00010012887,0.0003014622,0.0003014622,-0.00030219537,-0.00030219537,0.00014232198,2.992913e-05,1.1888734e-07,5.0128874e-05,-0.0029296395,0.0030295942,0.0,-2e-09,-0.00010012887,2.8e-09,0.0,-3.9939295e-13,0.0005000278,-0.0004999089,-1.18886945e-07,2e-09,2e-09,0.00051556923,-0.00046545244,-5.013087e-05,0.0,-5.1548865e-12,0.00023272986,-0.0006845443,0.00045184485,0.0,9.023228e-12,0.0008015697,-0.00019794269,-0.00060365757,0.0,-5.640761e-12,0.00030597695,-0.00075047987,0.00044451738,0.0,1.6214978e-13,0.0005726032,-0.0004302873,-0.00014232198,-6.0202203e-09,-2.8e-09,1.1628032e-06,-9.786585e-07,4.5840788e-17
0.06500238959751928,5.0,-5.0,0.0,1.0,1.6365379e-05,0.99999905,-3.0004113,-9.8992365e-05,2.0,3.0009012,0.00024488242,-1.410735,-0.00021191289,0.59830624,7.115323e-06,-4.9999895,-1.4,-6.082988e-13,0.00011115922,-0.00015001562,0.00010000495,0.0003000656,0.0003000656,-0.0003001113,-0.0003001113,0.00014107421,2.9914954e-05,5.767886e-09,5.00049e-05,-0.0029298067,0.0030296375,0.0,-2e-09,-0.00010000495,2.8e-09,0.0,3.2730725e-14,0.0004999712,-0.00049996545,-5.765132e-09,2e-09,1.999998e-09,0.0005155041,-0.00046551126,-5.00069e-05,0.0,-1.9798472e-13,0.00023388838,-0.0006839453,0.00045008722,0.0,4.897648e-13,0.00080003997,-0.00019989352,-0.0006001768,0.0,-4.2382582e-13,0.00030734454,-0.00074851565,0.00044118537,0.0,1.4230646e-14,0.0005718957,-0.00043082755,-0.00014107417,-6.000823e-09,-2.8e-09,1.1627935e-06,-9.786681e-07,-2.3377634e-18
0.06500260299277782,5.0,-5.0,0.0,1.0,-3.2748256e-05,0.999999,-2.9998605,2.6424932e-05,2.0,2.999644,-0.00010824995,-1.4096798,0.0001039986,0.59827065,-4.3809096e-06,-4.9999895,-1.4,-6.0827434e-13,0.00011105373,-0.00014999435,9.999868e-05,0.00029997522,0.00029997522,-0.000299954,-0.000299954,0.00014096755,2.991375e-05,-2.9586598e-09,4.9998627e-05,-0.0029298107,0.0030296352,0.0,-2e-09,-9.999868e-05,2.8e-09,0.0,-6.5496524e-14,0.00049996685,-0.0004999698,2.9619867e-09,2e-09,1.999998e-09,0.0005155008,-0.00046551425,-5.0000628e-05,0.0,5.2849865e-14,0.00023395664,-0.00068390183,0.00044997552,0.0,-2.1649993e-13,0.00079993036,-0.00020003169,-0.000599929,0.0,2.0799722e-13,0.00030745784,-0.00074836484,0.00044092129,0.0,-8.761819e-15,0.0005718353,-0.00043087392,-0.00014096744,-5.999721e-09,-2.8e-09,1.162793e-06,-9.786687e-07,-4.5427482e-17
0.06500294574111753,5.0,-5.0,0.0,1.0,1.928815e-05,0.999999,-3.0000064,2.9732485e-06,2.0,3.0000618,2.7732725e-05,-1.410073,-2.9904635e-05,0.5982846,4.7026774e-07,-4.9999895,-1.4,-6.082835e-13,0.000111093126,-0.00015000047,9.999985e-05,0.0003000034,0.0003000034,-0.00030000918,-0.00030000918,0.00014100735,2.9914205e-05,8.157448e-10,4.99998e-05,-0.0029298116,0.0030296373,0.0,-2e-09,-9.999985e-05,2.8e-09,0.0,3.8576293e-14,0.00049996877,-0.00049996795,-8.1643076e-10,2e-09,1.999998e-09,0.0005155014,-0.00046551367,-5.00018e-05,0.0,5.946501e-15,0.00023393764,-0.0006839172,0.00045000986,0.0,5.546545e-14,0.000799967,-0.00019998485,-0.0006000125,0.0,-5.980927e-14,0.00030741617,-0.0007484183,0.0004410164,0.0,9.405357e-16,0.00057185785,-0.0004308566,-0.0001410073,-6.000013e-09,-2.8e-09,1.1627931e-06,-9.786686e-07,-5.2114443e-17
0.06500363123779694,5.0,-5.0,0.0,1.0,-8.192554e-06,0.999999,-2.9999833,1.8958053e-06,2.0,2.9999576,-1.2886444e-05,-1.4099634,1.1321698e-05,0.5982802,-9.0837324e-07,-4.9999895,-1.4,-6.0828095e-13,0.000111082205,-0.00014999925,9.99999e-05,0.00029999705,0.00029999705,-0.0002999946,-0.0002999946,0.00014099624,2.9914056e-05,-5.0441845e-10,4.9999853e-05,-0.0029298104,0.003029636,0.0,-2e-09,-9.99999e-05,2.8e-09,0.0,-1.6385132e-14,0.0004999681,-0.0004999686,5.0446314e-10,2e-09,1.999998e-09,0.0005155014,-0.00046551367,-5.0001854e-05,0.0,3.791611e-15,0.00023394104,-0.000683913,0.0004500023,0.0,-2.5772873e-14,0.000799958,-0.00019999672,-0.00059999165,0.0,2.2643405e-14,0.00030742757,-0.0007484042,0.00044099087,0.0,-1.8167463e-15,0.0005718516,-0.0004308614,-0.00014099626,-5.9999663e-09,-2.8e-09,1.1627931e-06,-9.786686e-07,-2.892886e-17
0.06500500223115575,5.0,-5.0,0.0,1.0,3.7930974e-06,0.99999905,-2.9999878,3.7182774e-06,2.0,2.99999,1.0113654e-06,-1.409999,-2.5575973e-06,0.5982814,-4.85251e-07,-4.9999895,-1.4,-6.0828176e-13,0.00011108576,-0.00014999957,9.9999816e-05,0.0002999989,0.0002999989,-0.00029999926,-0.00029999926,0.00014099985,2.9914094e-05,3.7407113e-12,4.9999762e-05,-0.002929811,0.0030296366,0.0,-2e-09,-9.9999816e-05,2.8e-09,0.0,7.58618e-15,0.00049996836,-0.00049996836,-2.8717768e-12,2e-09,1.999998e-09,0.00051550136,-0.0004655137,-5.0001763e-05,0.0,7.436556e-15,0.00023394024,-0.0006839144,0.00045000447,0.0,2.0227373e-15,0.0007999608,-0.00019999298,-0.00059999817,0.0,-5.1151934e-15,0.00030742388,-0.00074840867,0.0004409991,0.0,-9.70502e-16,0.00057185366,-0.00043085983,-0.00014099985,-5.9999756e-09,-2.8e-09,1.1627931e-06,-9.786686e-07,-2.6248069e-17
0.06690434375000001,5.0,-5.0,0.0,1.0,-4.6551045e-06,0.99999905,-2.9999864,1.9811876e-06,2.0,2.9999716,-7.379412e-06,-1.4099785,5.5608702e-06,0.5982806,-7.1838923e-07,-4.9999895,-1.4,-6.0828133e-13,0.00011108372,-0.00014999943,9.99999e-05,0.0002999979,0.00029999792,-0.0002999966,-0.0002999966,0.00014099778,2.9914067e-05,-3.3181471e-10,4.999985e-05,-0.0029298107,0.0030296363,0.0,-2e-09,-9.99999e-05,2.8e-09,0.0,-9.310216e-15,0.0004999682,-0.00049996853,3.308743e-10,2e-09,1.999998e-09,0.0005155015,-0.00046551364,-5.000185e-05,0.0,3.9623795e-15,0.00023394058,-0.0006839136,0.00045000334,0.0,-1.4758824e-14,0.0007999593,-0.0001999951,-0.00059999456,0.0,1.1121743e-14,0.00030742597,-0.0007484061,0.0004409944,0.0,-1.4367785e-15,0.00057185243,-0.00043086073,-0.00014099778,-5.999973e-09,-2.8e-09,1.1627931e-06,-9.786686e-07,-4.516803e-19
0.0669953125000012,5.0,-5.0,0.0,1.0,-5.602226e-07,0.999999,-2.999987,2.8609584e-06,2.0,2.9999802,-3.3697897e-06,-1.4099883,1.6595561e-06,0.59828097,-6.071074e-07,-4.9999895,-1.4,-6.0828155e-13,0.00011108469,-0.0001499995,9.999986e-05,0.00029999836,0.00029999836,-0.00029999786,-0.00029999786,0.00014099877,2.9914077e-05,-1.7105885e-10,4.9999806e-05,-0.002929811,0.0030296366,0.0,-2e-09,-9.999986e-05,2.8e-09,0.0,-1.1204345e-15,0.00049996824,-0.0004999685,1.701553e-10,2e-09,1.999998e-09,0.0005155014,-0.00046551367,-5.0001807e-05,0.0,5.721915e-15,0.00023394043,-0.000683914,0.00045000386,0.0,-6.7395824e-15,0.00079996,-0.00019999409,-0.00059999625,0.0,3.3191113e-15,0.00030742495,-0.0007484073,0.00044099664,0.0,-1.2142148e-15,0.000571853,-0.0004308603,-0.00014099877,-5.999974e-09,-2.8e-09,1.1627931e-06,-9.786686e-07,-3.7982274e-17
0.06699887500000695,5.0,-5.0,0.0,1.0,9.4686567e-07,0.999999,-2.9999866,3.3305505e-06,2.0,2.9999816,-2.524497e-06,-1.4099896,1.1542152e-06,0.59828097,-6.0467977e-07,-4.9999895,-1.4,-6.082816e-13,0.000111084824,-0.0001499995,9.999984e-05,0.0002999984,0.0002999984,-0.00029999804,-0.00029999804,0.0001409989,2.991408e-05,-1.1918415e-10,4.9999784e-05,-0.002929811,0.0030296366,0.0,-2e-09,-9.999984e-05,2.8e-09,0.0,1.8937323e-15,0.0004999683,-0.0004999684,1.1973254e-10,2e-09,1.999998e-09,0.0005155014,-0.00046551367,-5.000178e-05,0.0,6.6610976e-15,0.00023394046,-0.0006839141,0.00045000392,0.0,-5.04899e-15,0.0007999601,-0.00019999394,-0.0005999964,0.0,2.30843e-15,0.00030742484,-0.0007484075,0.00044099696,0.0,-1.2093594e-15,0.0005718531,-0.00043086024,-0.0001409989,-5.999973e-09,-2.8e-09,1.1627931e-06,-9.786686e-07,-3.3782275e-17
0.06699987500000695,5.0,-5.0,0.0,1.0,-2.8055496e-05,0.999999,-2.9999952,-6.0384286e-06,2.0,2.9999597,-1.7717097e-05,-1.4099687,8.363231e-06,0.59828055,-5.490742e-07,-4.9999895,-1.4,-6.082811e-13,0.000111082765,-0.00014999945,0.0001000003,0.00029999774,0.00029999774,-0.00029999512,-0.00029999512,0.00014099682,2.9914054e-05,-1.1008535e-09,5.0000253e-05,-0.0029298102,0.003029636,0.0,-2e-09,-0.0001000003,2.8e-09,0.0,-5.6110993e-14,0.00049996783,-0.0004999689,1.1009027e-09,2e-09,1.999998e-09,0.00051550166,-0.00046551347,-5.000225e-05,0.0,-1.20768585e-14,0.0002339398,-0.0006839127,0.0004500032,0.0,-3.543419e-14,0.0007999591,-0.00019999655,-0.00059999287,0.0,1.6726463e-14,0.00030742702,-0.0007484047,0.00044099195,0.0,-1.0981483e-15,0.0005718519,-0.00043086114,-0.00014099682,-5.9999903e-09,-2.8e-09,1.1627931e-06,-9.786686e-07,-1.4732973e-17
0.0670002499999861,5.0,-5.0,0.0,1.0,1.2009842e-06,0.999999,-2.9999864,3.4313111e-06,2.0,2.9999816,-2.416904e-06,-1.4099897,1.0915182e-06,0.59828097,-6.079925e-07,-4.9999895,-1.4,-6.082816e-13,0.00011108484,-0.0001499995,9.999983e-05,0.0002999984,0.0002999984,-0.00029999804,-0.00029999804,0.0001409989,2.991408e-05,-1.11516484e-10,4.9999777e-05,-0.0029298111,0.0030296366,0.0,-2e-09,-9.999983e-05,2.8e-09,0.0,2.4019673e-15,0.0004999683,-0.0004999684,1.11390695e-10,2e-09,1.999998e-09,0.0005155014,-0.0004655137,-5.0001778e-05,0.0,6.8626237e-15,0.00023394047,-0.0006839141,0.0004500039,0.0,-4.8338095e-15,0.00079996005,-0.00019999393,-0.0005999965,0.0,2.1830364e-15,0.0003074248,-0.0007484075,0.00044099698,0.0,-1.2159849e-15,0.00057185313,-0.00043086024,-0.0001409989,-5.999973e-09,-2.8e-09,1.1627931e-06,-9.786686e-07,-5.7614016e-17
0.0670005000000278,5.0,-5.0,0.0,1.0,-4.36397e-06,0.999999,-2.9999883,1.5748267e-06,2.0,2.9999788,-4.824609e-06,-1.4099879,1.426358e-06,0.59828097,-5.5820266e-07,-4.9999895,-1.4,-6.0828155e-13,0.00011108466,-0.0001499995,9.9999925e-05,0.00029999836,0.00029999836,-0.00029999772,-0.00029999772,0.00014099873,2.9914077e-05,-2.9693992e-10,4.999987e-05,-0.002929811,0.0030296366,0.0,-2e-09,-9.9999925e-05,2.8e-09,0.0,-8.727942e-15,0.00049996824,-0.0004999685,2.9686364e-10,2e-09,1.999998e-09,0.0005155015,-0.00046551367,-5.0001872e-05,0.0,3.1496535e-15,0.00023394031,-0.0006839139,0.00045000383,0.0,-9.649217e-15,0.00079996,-0.00019999428,-0.00059999607,0.0,2.8527157e-15,0.000307425,-0.0007484072,0.00044099646,0.0,-1.1164053e-15,0.000571853,-0.0004308603,-0.00014099873,-5.999977e-09,-2.8e-09,1.1627931e-06,-9.786686e-07,-4.3310274e-17
0.067001,5.0,-5.0,0.0,1.0,-4.9497503e-05,0.9999989,-3.0000033,-1.347316e-05,2.0,2.9999619,-2.076874e-05,-1.4099923,-6.969794e-06,0.59828156,-1.12264175e-07,-4.9999895,-1.4,-6.0828165e-13,0.00011108514,-0.0001499995,0.000100000674,0.00029999827,0.00029999827,-0.00029999687,-0.00029999687,0.00014099921,2.9914083e-05,-1.8012171e-09,5.000062e-05,-0.0029298097,0.003029636,0.0,-2e-09,-0.000100000674,2.8e-09,0.0,-9.8995004e-14,0.0004999674,-0.00049996923,1.8012728e-09,2e-09,1.999998e-09,0.0005155019,-0.0004655133,-5.0002618e-05,0.0,-2.694632e-14,0.00023393882,-0.0006839123,0.00045000375,0.0,-4.1537483e-14,0.00079996075,-0.00019999596,-0.00059999514,0.0,-1.3939588e-14,0.00030742478,-0.00074840663,0.00044099608,0.0,-2.2452834e-16,0.00057185325,-0.0004308601,-0.00014099921,-6.0000067e-09,-2.8e-09,1.1627931e-06,-9.786686e-07,-1.4578708e-17
0.06700104999999723,5.0,-5.0,0.0,0.95,-2.2455572e-05,0.959077,-2.9790423,-0.0049968967,2.0,2.9859433,0.0034504188,-1.4051756,-0.0012124182,0.5981949,2.4213186e-05,-4.9999895,-1.4,-6.081707e-13,0.00011061155,-0.00014870227,0.00010024985,0.00029824927,0.00029824927,-0.00029871555,-0.00029871555,0.00014051997,2.9908535e-05,2.4872205e-07,4.8203696e-05,-0.0029303832,0.0030304582,0.0,-1.9e-09,-0.0001002498,2.8e-09,0.0,-4.491114e-14,0.0005000927,-0.000499844,-2.4867808e-07,1.9e-09,1.918154e-09,0.00051532907,-0.0004671365,-4.820601e-05,0.0,-9.993793e-12,0.00023592942,-0.0006828576,0.00044695826,0.0,6.9008375e-12,0.0007982518,-0.0002013164,-0.0005969656,0.0,-2.4248364e-12,0.00030803637,-0.00074725813,0.00043923597,0.0,4.8426375e-14,0.000571581,-0.000431067,-0.00014052009,-5.9580847e-09,-2.8e-09,1.1627722e-06,-9.786895e-07,-1.9124662e-17
0.06700114999999167,5.0,-5.0,0.0,0.85,-2.824388e-06,0.865513,-2.9118347,-0.011580963,2.0,2.9309456,0.00955543,-1.3831507,-0.0038137473,0.59773415,8.6851294e-05,-4.9999895,-1.4,-6.076473e-13,0.00010844146,-0.00014501267,0.00010057905,0.00029213898,0.000292139,-0.00029347592,-0.00029347592,0.00013832375,2.9882365e-05,5.789069e-07,4.38547e-05,-0.0029320167,0.0030324203,0.0,-1.7e-09,-0.00010057902,2.8e-09,0.0,-5.648776e-15,0.0005002579,-0.000499679,-5.788775e-07,1.7e-09,1.7310261e-09,0.00051469496,-0.0004708504,-4.38567e-05,0.0,-2.3161927e-11,0.00024255097,-0.00067967956,0.00043715799,0.0,1.911086e-11,0.00079226156,-0.00020667576,-0.00058561546,0.0,-7.627494e-12,0.000310751,-0.00074253697,0.00043179997,0.0,1.7370259e-13,0.0005703377,-0.00043201988,-0.00013832383,-5.823669e-09,-2.8e-09,1.162705e-06,-9.787567e-07,-1.8598268e-17
0.06700134999998054,5.0,-5.0,0.0,0.65000004,6.4074065e-08,0.6661441,-2.7295444,-0.015849894,2.0,2.760347,0.0154010905,-1.3076109,-0.006971274,0.59594,0.0001851209,-4.9999895,-1.4,-6.0575487e-13,0.000100991856,-0.00013568472,0.000100792495,0.00027449455,0.00027449458,-0.00027673182,-0.00027673182,0.00013077959,2.9787743e-05,7.9249793e-07,3.40997e-05,-0.002935747,0.0030363624,0.0,-1.3e-09,-0.000100792495,2.8e-09,0.0,1.281485e-16,0.00050036475,-0.00049957226,-7.924979e-07,1.3e-09,1.3322882e-09,0.00051257684,-0.00047848513,-3.410103e-05,0.0,-3.1699792e-11,0.00026077425,-0.0006709314,0.00041018473,0.0,3.080218e-11,0.0007748211,-0.00022362261,-0.0005512264,0.0,-1.39425485e-11,0.00031995802,-0.0007274562,0.00040751143,0.0,3.7024181e-13,0.0005660895,-0.0004353159,-0.00013077959,-5.4590887e-09,-2.8e-09,1.1625226e-06,-9.78939e-07,-2.7815278e-17
0.06700160000002223,5.0,-5.0,0.0,0.39999998,6.3648247e-07,0.4163121,-2.480469,-0.01603888,2.0,2.5123668,0.01594879,-1.1918449,-0.007505052,0.59291494,0.00022912875,-4.9999895,-1.4,-6.026858e-13,8.957313e-05,-0.0001232215,0.00010080194,0.00024964177,0.0002496418,-0.0002519872,-0.0002519872,0.0001192074,2.963429e-05,8.019758e-07,2.1617549e-05,-0.0029399376,0.0030405605,0.0,-7.9999996e-10,-0.00010080194,2.8e-09,0.0,1.2729651e-15,0.0005003695,-0.0004995675,-8.0197225e-07,7.9999996e-10,8.326242e-10,0.0005090568,-0.00048744417,-2.1618422e-05,0.0,-3.207776e-11,0.00028559606,-0.00065843936,0.00037286832,0.0,3.189758e-11,0.0007500677,-0.00024846406,-0.0005016291,0.0,-1.5010103e-11,0.00033407586,-0.00070525846,0.00037119468,0.0,4.582575e-13,0.0005596094,-0.00044040795,-0.00011920741,-4.960938e-09,-2.8e-09,1.1622735e-06,-9.791881e-07,-7.957306e-17
0.06700166675026453,5.0,-5.0,0.0,0.33324975,5.218081e-07,0.3495251,-2.4136262,-0.016024975,2.0,2.4453864,0.015879944,-1.1602674,-0.0074392543,0.592017,0.00023364574,-4.9999895,-1.4,-6.017833e-13,8.6460976e-05,-0.00011988006,0.00010080125,0.00024295061,0.00024295064,-0.00024528257,-0.00024528257,0.000116050105,2.9589168e-05,8.012749e-07,1.8277504e-05,-0.002940811,0.003041433,0.0,-6.6649947e-10,-0.00010080124,2.8e-09,0.0,1.0436162e-15,0.0005003691,-0.0004995679,-8.0126927e-07,6.6649947e-10,6.990502e-10,0.0005079061,-0.00048963266,-1.82783e-05,0.0,-3.2049953e-11,0.00029215153,-0.00065496285,0.00036283574,0.0,3.1759886e-11,0.0007433918,-0.00025518305,-0.00048823346,0.0,-1.4878508e-11,0.00033797696,-0.00069929805,0.00036133284,0.0,4.672915e-13,0.0005578533,-0.00044180916,-0.00011605014,-4.8272524e-09,-2.8e-09,1.1622067e-06,-9.79255e-07,-8.261825e-17
0.06700180025074916,5.0,-5.0,0.0,0.19974925,-9.633118e-08,0.21577293,-2.2803423,-0.016142214,2.0,2.3126218,0.016139658,-1.0980192,-0.007542057,0.5900923,0.00025131743,-4.9999895,-1.4,-5.998405e-13,8.033513e-05,-0.00011321001,0.00010080711,0.0002296482,0.00022964823,-0.0002320164,-0.00023201642,0.00010982706,2.9492048e-05,8.071059e-07,1.1595757e-05,-0.0029420715,0.0030426984,0.0,-3.994985e-10,-0.000100807105,2.8e-09,0.0,-1.926624e-16,0.0005003721,-0.000499565,-8.0709964e-07,3.994985e-10,4.3154585e-10,0.0005051974,-0.00049360405,-1.159637e-05,0.0,-3.228443e-11,0.0003049855,-0.00064782565,0.00034286323,0.0,3.2279315e-11,0.00073013344,-0.00026849168,-0.00046166516,0.0,-1.5084115e-11,0.00034580316,-0.00068763585,0.0003418438,0.0,5.026348e-13,0.00055441796,-0.00044459678,-0.00010982715,-4.5606847e-09,-2.8e-09,1.1620732e-06,-9.793889e-07,-8.72705e-17
0.067002,5.0,-5.0,0.0,0.0,-6.287247e-07,0.015886802,-2.0806382,-0.016187811,2.0,2.1128404,0.01610103,-1.0041316,-0.007548656,0.58702517,0.00028121786,-4.9999895,-1.4,-5.96742e-13,7.110425e-05,-0.00010322251,0.00010080939,0.0002096739,0.00020967395,-0.00021203891,-0.00021203893,0.000100441284,2.9337198e-05,8.0935916e-07,1.6037308e-06,-0.002943523,0.0030441505,0.0,0.0,-0.00010080939,2.8e-09,0.0,-1.2574494e-15,0.0005003732,-0.0004995638,-8.0935746e-07,0.0,3.1773605e-11,0.00050076767,-0.00049916405,-1.6038111e-06,0.0,-3.2375623e-11,0.00032402924,-0.0006369089,0.00031290072,0.0,3.220206e-11,0.00071021635,-0.00028852466,-0.00042171305,0.0,-1.5097312e-11,0.00035771454,-0.00067018473,0.00031248038,0.0,5.624357e-13,0.00054926006,-0.00044882463,-0.00010044136,-4.161276e-09,-2.8e-09,1.1618729e-06,-9.795909e-07,-8.2763166e-17
0.0670020199749251,5.0,-5.0,0.0,0.0,6.078736e-07,0.00869493,-2.064288,-0.013897964,2.0,2.0944784,0.015094999,-0.9951436,-0.00730529,0.58669645,0.0002789345,-4.9999895,-1.4,-5.9641685e-13,7.022144e-05,-0.000102519494,0.000100694895,0.0002079383,0.00020793833,-0.00021017835,-0.00021017836,9.954226e-05,2.9320876e-05,6.949286e-07,1.1296447e-06,-0.0029437067,0.0030442197,0.0,0.0,-0.000100694895,2.8e-09,0.0,1.2157471e-15,0.0005003159,-0.00049962103,-6.94928e-07,0.0,1.738986e-11,0.0005005321,-0.0004994025,-1.1296783e-06,0.0,-2.7795929e-11,0.00032560434,-0.0006360454,0.00031046197,0.0,3.0189996e-11,0.00070846453,-0.000290369,-0.00041811675,0.0,-1.461058e-11,0.00035885826,-0.0006685688,0.0003097207,0.0,5.5786896e-13,0.00054876955,-0.00044923322,-9.954228e-05,-4.1285757e-09,-2.8e-09,1.1618564e-06,-9.79608e-07,-1.5749802e-17
0.06700205992477526,5.0,-5.0,0.0,0.0,1.7174477e-06,0.0020179376,-2.0397868,-0.009441702,2.0,2.063948,0.012080395,-0.9793298,-0.0063090287,0.58608997,0.0002554475,-4.9999895,-1.4,-5.9583447e-13,6.8666806e-05,-0.00010151725,0.00010047208,0.00020518673,0.00020518675,-0.00020702569,-0.0002070257,9.795853e-05,2.9291725e-05,4.7217094e-07,5.7298195e-07,-0.0029440224,0.0030443126,0.0,0.0,-0.00010047208,2.8e-09,0.0,3.4348954e-15,0.0005002045,-0.0004997323,-4.7217094e-07,0.0,4.035875e-12,0.00050025474,-0.00049968174,-5.72986e-07,0.0,-1.8883404e-11,0.00032801402,-0.0006347015,0.00030670807,0.0,2.4160788e-11,0.00070563715,-0.00029344557,-0.00041221242,0.0,-1.2618058e-11,0.0003608431,-0.0006658174,0.00030498422,0.0,5.10895e-13,0.00054790697,-0.00044995436,-9.795853e-05,-4.0795736e-09,-2.8e-09,1.1618315e-06,-9.796341e-07,1.3105611e-17
0.0670021398244756,5.0,-5.0,0.0,0.0,1.361757e-06,-0.00012950492,-2.015433,-0.0038902494,2.0,2.0281074,0.0063371267,-0.9587965,-0.003800005,0.58523154,0.0001710329,-4.9999895,-1.4,-5.950605e-13,6.6643726e-05,-0.000100577134,0.00010019451,0.00020217702,0.00020217702,-0.00020319074,-0.00020319075,9.589676e-05,2.9253026e-05,1.9458056e-07,1.8803722e-07,-0.002944367,0.0030443796,0.0,0.0,-0.00010019451,2.8e-09,0.0,2.723514e-15,0.0005000657,-0.0004998711,-1.9458056e-07,0.0,-2.5900985e-13,0.0005000624,-0.00049987435,-1.8803696e-07,0.0,-7.780499e-12,0.00033050074,-0.0006332386,0.00030275818,0.0,1.2674253e-11,0.0007024312,-0.00029708396,-0.00040536775,0.0,-7.60001e-12,0.00036335856,-0.00066243636,0.0002990875,0.0,3.4206579e-13,0.0005467866,-0.00045089572,-9.589676e-05,-4.030866e-09,-2.8e-09,1.1618059e-06,-9.796628e-07,1.280315e-17
0.06700229962387627,5.0,-5.0,0.0,0.0,2.183751e-07,2.4863166e-05,-2.0020766,-0.0005128732,2.0,2.0043273,0.0011252923,-0.94328225,-0.0008493055,0.58450794,4.5258203e-05,-4.9999895,-1.4,-5.944627e-13,6.510962e-05,-0.000100078185,0.000100025645,0.00020032018,0.0002003202,-0.00020051765,-0.00020051765,9.4332754e-05,2.9223134e-05,2.5654575e-08,2.6886816e-08,-0.002944546,0.00304439,0.0,0.0,-0.000100025645,2.8e-09,0.0,4.367502e-16,0.0004999812,-0.0004999555,-2.5654577e-08,0.0,4.972632e-14,0.0004999818,-0.0004999549,-2.6886868e-08,0.0,-1.0257463e-12,0.00033193367,-0.0006323159,0.00030040237,0.0,2.2505847e-12,0.000700345,-0.00029952737,-0.00040083783,0.0,-1.698611e-12,0.00036520383,-0.0006600447,0.0002948504,0.0,9.051641e-14,0.00054593885,-0.000451612,-9.4332754e-05,-4.004153e-09,-2.8e-09,1.1617904e-06,-9.796846e-07,-1.4292427e-17
0.06700255250775909,5.0,-5.0,0.0,0.0,-1.9188349e-08,-7.106822e-06,-1.9998661,3.1699034e-05,2.0,1.9996992,-8.3450854e-05,-0.93976897,6.099314e-05,0.5843214,-3.5269725e-06,-4.9999895,-1.4,-5.943248e-13,6.47603e-05,-9.999489e-05,9.999842e-05,0.00019997825,0.00019997825,-0.00019996382,-0.00019996382,9.3976545e-05,2.9216244e-05,-1.5859113e-09,-1.9402928e-09,-0.0029445677,0.0030443845,0.0,0.0,-9.999842e-05,2.8e-09,0.0,-3.8376704e-17,0.0004999676,-0.0004999691,1.5859203e-09,0.0,-1.4213645e-14,0.00049996737,-0.00049996935,1.9402069e-09,0.0,6.339807e-14,0.00033218242,-0.0006321394,0.00029997714,0.0,-1.6690174e-13,0.00069993344,-0.00030001157,-0.00039994207,0.0,1.2198628e-13,0.0003656089,-0.0006595397,0.00029394036,0.0,-7.0539447e-15,0.0005457463,-0.00045177568,-9.3976545e-05,-3.999732e-09,-2.8e-09,1.1617852e-06,-9.796977e-07,-4.336253e-17
0.06700287232465758,5.0,-5.0,0.0,0.0,1.4200016e-08,8.306699e-06,-2.0000367,-7.090414e-06,2.0,2.0001092,3.6182213e-05,-0.9400857,-2.3456465e-05,0.58433783,2.3357734e-07,-4.9999895,-1.4,-5.9433735e-13,6.479173e-05,-0.00010000148,0.000100000354,0.00020000729,0.00020000729,-0.00020001325,-0.00020001325,9.4008596e-05,2.9216879e-05,3.552307e-10,7.698559e-10,-0.0029445665,0.0030443852,0.0,0.0,-0.000100000354,2.8e-09,0.0,2.8400025e-17,0.00049996853,-0.0004999682,-3.5521516e-10,0.0,1.6613401e-14,0.0004999687,-0.00049996795,-7.69981e-10,0.0,-1.41808266e-14,0.0003321623,-0.0006321549,0.00030001276,0.0,7.236441e-14,0.000699969,-0.00029996867,-0.00040002054,0.0,-4.691293e-14,0.00036557252,-0.0006595849,0.00029402185,0.0,4.671546e-16,0.00054576364,-0.00045176095,-9.40086e-05,-4.0000736e-09,-2.8e-09,1.1617831e-06,-9.797062e-07,-2.1934236e-17
0.06700351195845457,5.0,-5.0,0.0,0.0,-5.3584017e-09,-3.4806872e-06,-1.9999821,3.6177346e-06,2.0,1.9999565,-1.2821496e-05,-0.9399695,6.819072e-06,0.5843323,-6.9039015e-07,-4.9999895,-1.4,-5.9433274e-13,6.478024e-05,-9.9999284e-05,9.9999816e-05,0.00019999692,0.00019999692,-0.00019999496,-0.00019999496,9.3996874e-05,2.9216648e-05,-1.8115465e-10,-3.549213e-10,-0.0029445668,0.003044385,0.0,0.0,-9.9999816e-05,2.8e-09,0.0,-1.0716802e-17,0.00049996824,-0.0004999684,1.8115572e-10,0.0,-6.961373e-15,0.0004999682,-0.00049996853,3.5505e-10,0.0,7.235471e-15,0.00033216912,-0.00063214917,0.00030000022,0.0,-2.5642989e-14,0.00069995626,-0.0002999846,-0.00039999187,0.0,1.36381436e-14,0.00036558587,-0.00065956824,0.00029399185,0.0,-1.3807803e-15,0.0005457573,-0.0004517663,-9.399688e-05,-3.999964e-09,-2.8e-09,1.1617808e-06,-9.797145e-07,-3.073212e-18
0.06700479122604855,5.0,-5.0,0.0,0.0,2.3943159e-09,1.596795e-06,-1.9999952,1.5872589e-06,2.0,1.9999996,2.1620315e-06,-0.94000137,-1.0815548e-06,0.58433354,-5.7564256e-07,-4.9999895,-1.4,-5.9433404e-13,6.478338e-05,-9.9999845e-05,9.999992e-05,0.00019999975,0.00019999975,-0.00020000007,-0.00020000007,9.400008e-05,2.9216704e-05,-7.924322e-11,4.765077e-13,-0.0029445668,0.003044385,0.0,0.0,-9.999992e-05,2.8e-09,0.0,4.788639e-18,0.0004999683,-0.0004999684,7.923878e-11,0.0,3.1935853e-15,0.00049996836,-0.00049996836,-4.1959028e-13,0.0,3.1745175e-15,0.00033216737,-0.0006321508,0.0003000036,0.0,4.324074e-15,0.00069995975,-0.00029998014,-0.0003999998,0.0,-2.1631098e-15,0.00036558218,-0.00065957283,0.00029400014,0.0,-1.1512852e-15,0.00054575905,-0.00045176485,-9.400008e-05,-3.9999906e-09,-2.8e-09,1.1617794e-06,-9.797197e-07,-1.9259906e-17
0.06999169629354383,5.0,-5.0,0.0,0.0,-1.451293e-09,-9.778972e-07,-1.9999914,1.8925766e-06,2.0,1.9999845,-3.482129e-06,-0.9399909,1.2416107e-06,0.58433306,-5.478374e-07,-4.9999895,-1.4,-5.943336e-13,6.4782354e-05,-9.999966e-05,9.99999e-05,0.00019999879,0.00019999879,-0.00019999832,-0.00019999832,9.3999035e-05,2.921668e-05,-9.470138e-11,-1.4352364e-10,-0.0029445668,0.003044385,0.0,0.0,-9.99999e-05,2.8e-09,0.0,-2.9025877e-18,0.0004999683,-0.0004999684,9.470367e-11,0.0,-1.9557923e-15,0.0004999683,-0.0004999684,1.434508e-10,0.0,3.785152e-15,0.0003321679,-0.0006321502,0.00030000246,0.0,-6.964253e-15,0.0006999586,-0.00029998168,-0.0003999971,0.0,2.4832204e-15,0.00036558343,-0.00065957126,0.00029399735,0.0,-1.0956747e-15,0.00054575846,-0.0004517653,-9.3999035e-05,-3.9999826e-09,-2.8e-09,1.1617791e-06,-9.797212e-07,2.5888503e-17
0.06999584814677191,5.0,-5.0,0.0,0.0,-1.3308308e-08,-5.3996955e-06,-1.9999933,3.4733782e-07,2.0,1.9999837,-4.8033608e-06,-0.9399941,-1.2191082e-06,0.58433324,-4.8693755e-07,-4.9999895,-1.4,-5.9433377e-13,6.4782675e-05,-9.999968e-05,9.999998e-05,0.00019999885,0.00019999885,-0.00019999848,-0.00019999848,9.3999355e-05,2.9216688e-05,-1.8032313e-11,-2.873517e-10,-0.0029445668,0.003044385,0.0,0.0,-9.999998e-05,2.8e-09,0.0,-2.6616624e-17,0.0004999683,-0.00049996836,1.8034374e-11,0.0,-1.07993906e-14,0.0004999682,-0.00049996853,2.8730768e-10,0.0,6.946759e-16,0.00033216778,-0.00063215016,0.00030000252,0.0,-9.606723e-15,0.00069995876,-0.00029998168,-0.0003999973,0.0,-2.4382172e-15,0.00036558314,-0.0006595715,0.00029399784,0.0,-9.738753e-16,0.00054575864,-0.00045176517,-9.3999355e-05,-3.9999866e-09,-2.8e-09,1.1617791e-06,-9.797212e-07,-1.373637e-18
0.06999999999999999,5.0,-5.0,0.0,0.0,2.7077332e-08,1.0296092e-05,-1.9999884,5.4577226e-06,2.0,1.999992,1.7814542e-06,-0.93998724,6.1230176e-06,0.58433276,-7.342213e-07,-4.9999895,-1.4,-5.9433345e-13,6.4781976e-05,-9.99997e-05,9.999973e-05,0.00019999903,0.00019999903,-0.0001999986,-0.0001999986,9.399866e-05,2.9216673e-05,-2.7153227e-10,2.4191849e-10,-0.0029445668,0.003044385,0.0,0.0,-9.999973e-05,2.8e-09,0.0,5.415466e-17,0.00049996824,-0.0004999685,2.7153213e-10,0.0,2.0592184e-14,0.0004999685,-0.00049996824,-2.4193839e-10,0.0,1.0915445e-14,0.000332168,-0.00063215056,0.00030000272,0.0,3.5629086e-15,0.00069995853,-0.0002999811,-0.00039999763,0.0,1.2246036e-14,0.0003655836,-0.0006595714,0.00029399723,0.0,-1.4684427e-15,0.00054575823,-0.0004517655,-9.399866e-05,-3.999977e-09,-2.8e-09,1.1617791e-06,-9.797212e-07,-1.0761977e-17
0.07000002662703134,5.0,-5.0,0.026627032,0.0,0.018698948,6.222467e-06,-2.0066063,0.0030246682,2.0,2.003383,-0.001611714,-0.94091845,0.0004568186,0.5843562,-1.3173642e-05,-4.9999895,-1.4,-5.9436933e-13,6.4872045e-05,-0.00010048155,9.984877e-05,0.00020049946,0.00020049946,-0.0002002926,-0.0002002926,9.409053e-05,2.9218469e-05,7.837139e-07,-1.5092229e-07,-0.0029446865,0.0030443538,-5.3254064e-11,0.0,-9.98488e-05,2.8e-09,5.3254064e-11,3.7397894e-11,0.0005003536,-0.0004995703,-7.8357925e-07,0.0,1.2444934e-14,0.0004998929,-0.0005000438,1.5088845e-07,0.0,6.049337e-12,0.00033161358,-0.00063257816,0.00030098483,0.0,-3.223428e-12,0.0007004192,-0.00029964754,-0.0004007919,0.0,9.136372e-13,0.00036543704,-0.0006598106,0.00029438306,0.0,-2.6347285e-14,0.0005458083,-0.0004517237,-9.4090516e-05,-4.0132124e-09,-2.8e-09,1.1617858e-06,-9.797144e-07,-3.1601635e-17
0.07000007988109402,5.0,-5.0,0.079881094,0.0,0.0652268,2.5693143e-06,-2.0321686,0.008265077,2.0,2.020854,-0.005657275,-0.94694465,0.0019433568,0.5845369,-6.2419545e-05,-4.9999895,-1.4,-5.945993e-13,6.545825e-05,-0.00010202169,9.9586745e-05,0.00020265115,0.00020265114,-0.00020189107,-0.00020189106,9.468823e-05,2.9229966e-05,2.8480863e-06,-4.131254e-07,-0.002944786,0.0030441917,-1.5976219e-10,0.0,-9.9586774e-05,2.8e-09,1.5976219e-10,1.304536e-10,0.0005013299,-0.0004984828,-2.8481018e-06,0.0,5.1386287e-15,0.00049976184,-0.00050017494,4.131028e-07,0.0,1.6530156e-11,0.0003293754,-0.00063403166,0.00030467677,0.0,-1.131455e-11,0.00070245,-0.0002979283,-0.00040454208,0.0,3.8867134e-12,0.00036457326,-0.0006611429,0.00029657924,0.0,-1.2483909e-13,0.0005461338,-0.0004514515,-9.4688214e-05,-4.0643373e-09,-2.8e-09,1.1618116e-06,-9.796878e-07,-3.793257e-17
0.07000018638921941,5.0,-5.0,0.18638922,0.0,0.1701328,8.322825e-07,-2.1154284,0.013676185,2.0,2.0917702,-0.011828963,-0.97599286,0.004856511,0.5854907,-0.0001700497,-4.9999895,-1.4,-5.9566073e-13,6.829924e-05,-0.00010645523,9.9316196e-05,0.00021035994,0.00021035991,-0.00020869137,-0.00020869136,9.7582284e-05,2.9283037e-05,7.82283e-06,-6.8376767e-07,-0.0029443859,0.003043522,-3.7277845e-10,0.0,-9.9316196e-05,2.8e-09,3.7277845e-10,3.402656e-10,0.00050350593,-0.00049568526,-7.823171e-06,0.0,1.664565e-15,0.00049962656,-0.0005003103,6.8376755e-07,0.0,2.735237e-11,0.0003217515,-0.00063854957,0.00031681938,0.0,-2.3657925e-11,0.00070994376,-0.00029091357,-0.00041905127,0.0,9.713022e-12,0.00036068278,-0.0006669465,0.00030627364,0.0,-3.4009937e-13,0.00054771337,-0.00045013698,-9.7582284e-05,-4.2308566e-09,-2.8e-09,1.161896e-06,-9.796003e-07,-1.9250941e-17
0.07000039940547019,5.0,-5.0,0.39940548,0.0,0.38337266,5.138904e-08,-2.3191862,0.016046466,2.0,2.2873683,-0.015908752,-1.0642554,0.007352203,0.588413,-0.0002571901,-4.9999895,-1.4,-5.9867e-13,7.696593e-05,-0.000116761636,9.919768e-05,0.00023032774,0.00023032771,-0.00022800162,-0.0002280016,0.00010639981,2.9433511e-05,1.8366309e-05,-8.023208e-07,-0.0029423414,0.0030413605,-7.9881096e-10,0.0,-9.919768e-05,2.8e-09,7.9881096e-10,7.6674533e-10,0.00050752296,-0.00048916135,-1.8367029e-05,0.0,1.027781e-16,0.00049956737,-0.00050036964,8.0231655e-07,0.0,3.2092936e-11,0.0003024126,-0.00064948294,0.00034709368,0.0,-3.1817503e-11,0.00072977255,-0.0002714672,-0.0004583284,0.0,1.4704408e-11,0.00034935502,-0.00068374467,0.00033440042,0.0,-5.1438026e-13,0.0005525488,-0.0004461553,-0.000106399435,-4.6383724e-09,-2.8e-09,1.1621025e-06,-9.793858e-07,2.956885e-17
0.07000065665356894,5.0,-5.0,0.6566536,0.0,0.640573,-1.9263194e-08,-2.5758798,0.016173119,2.0,2.5434005,-0.016239533,-1.1841638,0.0076424046,0.5920908,-0.0002410002,-4.9999895,-1.4,-6.023283e-13,8.8774985e-05,-0.00012960265,9.919134e-05,0.00025596406,0.000255964,-0.0002535758,-0.0002535758,0.00011839228,2.9616587e-05,3.1219995e-05,-8.086569e-07,-0.002938416,0.0030374306,-1.3133071e-09,0.0,-9.9191355e-05,2.8e-09,1.3133071e-09,1.2811461e-09,0.0005113086,-0.00048009653,-3.122115e-05,0.0,-3.8526357e-17,0.0004995642,-0.00050037284,8.086454e-07,0.0,3.2346237e-11,0.00027729617,-0.0006628412,0.00038557098,0.0,-3.2479068e-11,0.00075545924,-0.00024594733,-0.0005095376,0.0,1.528481e-11,0.00033444,-0.00070639374,0.0003719657,0.0,-4.820004e-13,0.0005591854,-0.00044079995,-0.0001183914,-5.15176e-09,-2.8e-09,1.1623623e-06,-9.791178e-07,6.203713e-17
0.070001,5.0,-5.0,1.0,0.0,0.98355955,-4.487534e-07,-2.9192517,0.016076671,2.0,2.886343,-0.016454164,-1.345155,0.007772906,0.59654033,-0.0002135569,-4.9999895,-1.4,-6.0673986e-13,0.00010465692,-0.00014676643,9.9196164e-05,0.00029027977,0.0002902797,-0.00028785702,-0.000287857,0.00013449414,2.9837694e-05,4.8374142e-05,-8.038559e-07,-0.0029315813,0.0030306033,-2e-09,0.0,-9.919618e-05,2.8e-09,2e-09,1.9671191e-09,0.00051503157,-0.00046666944,-4.8375987e-05,0.0,-8.975068e-16,0.0004995666,-0.00050037046,8.038457e-07,0.0,3.215334e-11,0.00024295916,-0.00067998125,0.00043705152,0.0,-3.290833e-11,0.00078986684,-0.00021176026,-0.0005781357,0.0,1.5545811e-11,0.00031481805,-0.00073715474,0.0004223503,0.0,-4.271138e-13,0.0005681763,-0.00043368846,-0.00013449391,-5.8385035e-09,-2.8e-09,1.1627087e-06,-9.78763e-07,1.1611106e-16
0.0700010343346431,5.0,-5.0,1.0,0.0,0.99225265,-1.2466302e-06,-2.9428556,0.012348822,2.0,2.9147055,-0.014074973,-1.3596206,0.007000605,0.5969023,-0.00019155708,-4.9999895,-1.4,-6.070891e-13,0.00010608814,-0.00014776022,9.938256e-05,0.00029287807,0.00029287802,-0.0002907705,-0.00029077046,0.0001359429,2.9854693e-05,4.8995193e-05,-6.175034e-07,-0.0029310072,0.0030302159,-2e-09,0.0,-9.938267e-05,2.8e-09,2e-09,1.9845052e-09,0.0005151549,-0.00046617276,-4.899615e-05,0.0,-2.4932603e-15,0.00049965974,-0.00050027715,6.173912e-07,0.0,2.4697643e-11,0.00024040948,-0.00068102195,0.00044064215,0.0,-2.8149946e-11,0.00079249666,-0.00020887972,-0.00058364635,0.0,1.400121e-11,0.00031312936,-0.00073982775,0.00042671213,0.0,-3.8311414e-13,0.00056899426,-0.00043305772,-0.0001359426,-5.8857115e-09,-2.8e-09,1.1627325e-06,-9.787386e-07,3.205928e-17
0.07000110300392931,5.0,-5.0,1.0,0.0,0.99903816,-1.5309697e-06,-2.973075,0.0064903847,2.0,2.9550388,-0.00901795,-1.3815601,0.004971456,0.59747165,-0.00014087079,-4.9999895,-1.4,-6.0761243e-13,0.00010826115,-0.00014897826,9.967548e-05,0.0002964057,0.00029640566,-0.00029500673,-0.00029500673,0.00013814193,2.9880626e-05,4.962739e-05,-3.2459576e-07,-0.002930318,0.0030298196,-2e-09,0.0,-9.9675555e-05,2.8e-09,2e-09,1.9980764e-09,0.00051532825,-0.00046571362,-4.962873e-05,0.0,-3.0619394e-15,0.00049980613,-0.00050013064,3.2452326e-07,0.0,1.2980769e-11,0.00023706513,-0.0006824238,0.00044538866,0.0,-1.80359e-11,0.0007961138,-0.00020473245,-0.0005914112,0.0,9.942912e-12,0.00031060472,-0.0007437388,0.000433148,0.0,-2.8174156e-13,0.00057023723,-0.0004321015,-0.00013814177,-5.94615e-09,-2.8e-09,1.162763e-06,-9.787071e-07,-1.7066266e-17
0.07000124034250174,5.0,-5.0,1.0,0.0,1.0001717,-5.869447e-07,-2.9947956,0.0013439059,2.0,2.9895809,-0.0026072334,-1.4025422,0.0017420051,0.59805226,-5.4833472e-05,-4.9999895,-1.4,-6.081071e-13,0.00011034339,-0.00014980698,9.9932804e-05,0.0002992188,0.0002992188,-0.00029878388,-0.00029878388,0.00014024874,2.9905355e-05,4.994139e-05,-6.722465e-08,-0.0029298866,0.0030296452,-2e-09,0.0,-9.9932804e-05,2.8e-09,2e-09,2.0003434e-09,0.0005154667,-0.00046553733,-4.994339e-05,0.0,-1.1738893e-15,0.0004999347,-0.000500002,6.7224654e-08,0.0,2.687812e-12,0.0002345676,-0.0006835692,0.00044903177,0.0,-5.214467e-12,0.00079908426,-0.00020111179,-0.00059800275,0.0,3.4840104e-12,0.00030824152,-0.00074726,0.00043903262,0.0,-1.0966695e-13,0.0005714289,-0.0004311862,-0.00014024874,-5.989591e-09,-2.8e-09,1.1627853e-06,-9.786831e-07,-5.8080454e-17
0.07000147017724571,5.0,-5.0,1.0,0.0,0.9999749,2.2083395e-08,-3.0000668,-2.293942e-05,2.0,3.0001378,3.559441e-05,-1.4100673,-1.7247546e-06,0.5982822,-1.1431027e-06,-4.9999895,-1.4,-6.0828333e-13,0.00011109246,-0.00015000219,0.00010000115,0.00030001023,0.00030001023,-0.00030001395,-0.00030001395,0.00014100662,2.9914168e-05,4.9999893e-05,1.1480753e-09,-0.0029298093,0.003029636,-2e-09,0.0,-0.00010000115,2.8e-09,2e-09,1.9999498e-09,0.00051550206,-0.00046551417,-5.00019e-05,0.0,4.4166786e-17,0.00049996894,-0.0004999678,-1.1465157e-09,0.0,-4.5878862e-14,0.00023393072,-0.0006839189,0.00045001841,0.0,7.118882e-14,0.00079997146,-0.0001999776,-0.0006000242,0.0,-3.4495127e-15,0.0003074158,-0.0007484221,0.0004410206,0.0,-2.2862067e-15,0.0005718575,-0.00043085692,-0.00014100662,-6.0001333e-09,-2.8e-09,1.1627914e-06,-9.786752e-07,-8.41352e-17
0.07000171280625443,5.0,-5.0,1.0,0.0,1.0000457,-1.8901536e-08,-2.9999435,2.5568517e-05,2.0,2.9999187,-1.2365829e-05,-1.409997,-2.3928387e-05,0.59828264,8.368321e-07,-4.9999895,-1.4,-6.0828176e-13,0.00011108569,-0.00014999845,9.9998724e-05,0.00029999312,0.00029999312,-0.00029999425,-0.00029999425,0.00014099978,2.991409e-05,5.0001006e-05,-1.2793705e-09,-0.0029298123,0.0030296368,-2e-09,0.0,-9.9998724e-05,2.8e-09,2e-09,2.0000912e-09,0.00051550096,-0.00046551198,-5.0003015e-05,0.0,-3.7803074e-17,0.0004999677,-0.000499969,1.2814909e-09,0.0,5.1137015e-14,0.00023394558,-0.00068391283,0.00044999755,0.0,-2.4731653e-14,0.00079995696,-0.0001999999,-0.00059998734,0.0,-4.7856786e-14,0.00030742484,-0.0007484046,0.00044099404,0.0,1.6736639e-15,0.00057185354,-0.00043085983,-0.00014099978,-5.999887e-09,-2.8e-09,1.1627918e-06,-9.786733e-07,-5.5008196e-17
0.070002117161258,5.0,-5.0,1.0,0.0,0.9999725,6.970494e-09,-3.000002,-7.3164606e-06,2.0,2.9999938,-4.067357e-06,-1.4099721,1.7013788e-05,0.59827983,-1.3402315e-06,-4.9999895,-1.4,-6.082811e-13,0.000111083005,-0.00014999972,0.00010000037,0.00029999978,0.00029999978,-0.00029999766,-0.00029999766,0.00014099707,2.991406e-05,4.9998995e-05,3.6617184e-10,-0.0029298102,0.0030296363,-2e-09,0.0,-0.00010000037,2.8e-09,2e-09,1.999945e-09,0.0005155016,-0.0004655147,-5.000099e-05,0.0,1.3940986e-17,0.00049996853,-0.0004999682,-3.663224e-10,0.0,-1.4632935e-14,0.00023393874,-0.00068391394,0.0004500055,0.0,-8.1347105e-15,0.00079996017,-0.00019999308,-0.0005999974,0.0,3.4027567e-14,0.00030742635,-0.0007484068,0.0004409947,0.0,-2.680463e-15,0.0005718521,-0.00043086105,-0.00014099706,-6.0000036e-09,-2.8e-09,1.1627924e-06,-9.786712e-07,-1.6656974e-17
0.07000292587126512,5.0,-5.0,1.0,0.0,1.0000106,-2.3304356e-09,-2.9999814,7.291909e-06,2.0,2.9999778,-1.8320861e-06,-1.4099972,-5.217982e-06,0.5982815,-3.1286496e-07,-4.9999895,-1.4,-6.0828176e-13,0.0001110856,-0.00014999943,9.999964e-05,0.00029999798,0.00029999798,-0.0002999983,-0.0002999983,0.00014099969,2.991409e-05,5.0000162e-05,-3.6471196e-10,-0.0029298111,0.0030296366,-2e-09,0.0,-9.9999634e-05,2.8e-09,2e-09,2.000021e-09,0.0005155013,-0.00046551324,-5.0002163e-05,0.0,-4.6608737e-18,0.0004999682,-0.00049996853,3.642661e-10,0.0,1.4583807e-14,0.00023394106,-0.0006839142,0.0004500034,0.0,-3.6641697e-15,0.0007999601,-0.00019999417,-0.00059999625,0.0,-1.0435965e-14,0.00030742414,-0.0007484079,0.00044099797,0.0,-6.257301e-16,0.00057185354,-0.0004308599,-0.00014099969,-5.9999627e-09,-2.8e-09,1.1627928e-06,-9.786695e-07,-3.2756104e-17
0.07195806499298064,5.0,-5.0,1.0,0.0,1.0000072,-1.0309668e-09,-2.9999838,5.833545e-06,2.0,2.9999802,-1.7933259e-06,-1.4099948,-2.8528837e-06,0.59828126,-4.3180944e-07,-4.9999895,-1.4,-6.0828165e-13,0.00011108535,-0.00014999948,9.9999714e-05,0.0002999982,0.0002999982,-0.0002999983,-0.0002999983,0.00014099944,2.9914087e-05,5.0000064e-05,-2.9172886e-10,-0.0029298111,0.0030296366,-2e-09,0.0,-9.9999714e-05,2.8e-09,2e-09,2.0000142e-09,0.00051550136,-0.00046551338,-5.000205e-05,0.0,-2.0619253e-18,0.00049996824,-0.0004999685,2.9118782e-10,0.0,1.16671e-14,0.00023394081,-0.0006839142,0.00045000366,0.0,-3.586649e-15,0.0007999601,-0.00019999401,-0.0005999965,0.0,-5.7057766e-15,0.00030742434,-0.0007484078,0.0004409977,0.0,-8.6361854e-16,0.00057185336,-0.00043086,-0.00014099943,-5.9999676e-09,-2.8e-09,1.1627931e-06,-9.786686e-07,-1.9596814e-17
0.07197853249649032,5.0,-5.0,1.0,0.0,0.9999971,2.1042747e-10,-2.9999876,2.3647403e-06,2.0,2.999981,-3.3442975e-06,-1.4099874,2.4267165e-06,0.5982809,-6.437764e-07,-4.9999895,-1.4,-6.082815e-13,0.000111084606,-0.0001499995,9.999988e-05,0.00029999844,0.00029999844,-0.00029999786,-0.00029999786,0.00014099869,2.9914077e-05,4.9999737e-05,-1.1822641e-10,-0.002929811,0.0030296366,-2e-09,0.0,-9.999988e-05,2.8e-09,2e-09,1.9999942e-09,0.0005155014,-0.00046551376,-5.0001738e-05,0.0,4.208566e-19,0.00049996824,-0.0004999684,1.1826151e-10,0.0,4.7294847e-15,0.00023394034,-0.000683914,0.00045000392,0.0,-6.6885986e-15,0.00079996,-0.00019999404,-0.0005999963,0.0,4.853433e-15,0.00030742504,-0.0007484073,0.00044099655,0.0,-1.2875528e-15,0.00057185296,-0.00043086035,-0.00014099869,-5.9999756e-09,-2.8e-09,1.1627931e-06,-9.786686e-07,3.2825372e-18
0.071999,5.0,-5.0,1.0,0.0,0.9999987,8.8952845e-11,-2.9999871,2.9261737e-06,2.0,2.999981,-3.0754236e-06,-1.4099886,1.6240429e-06,0.59828097,-6.128037e-07,-4.9999895,-1.4,-6.0828155e-13,0.00011108472,-0.0001499995,9.999985e-05,0.00029999838,0.00029999838,-0.00029999792,-0.00029999792,0.0001409988,2.9914077e-05,4.999979e-05,-1.463043e-10,-0.002929811,0.0030296366,-2e-09,0.0,-9.999985e-05,2.8e-09,2e-09,1.9999975e-09,0.0005155014,-0.0004655137,-5.000179e-05,0.0,1.7791e-19,0.0004999683,-0.0004999684,1.4630652e-10,0.0,5.8523438e-15,0.00023394043,-0.00068391406,0.0004500039,0.0,-6.150845e-15,0.00079996,-0.00019999403,-0.0005999963,0.0,3.248085e-15,0.00030742493,-0.0007484074,0.00044099672,0.0,-1.2256074e-15,0.000571853,-0.00043086027,-0.0001409988,-5.999974e-09,-2.8e-09,1.1627931e-06,-9.786686e-07,-5.7605705e-17
0.072,5.0,-5.0,1.0,0.0,0.99973005,-1.3039747e-07,-3.000077,-8.6779546e-05,2.0,2.9999132,-8.1922764e-05,-1.409884,5.1184463e-05,0.59827834,-8.193628e-07,-4.9999895,-1.4,-6.0827916e-13,0.000111074354,-0.00014999951,0.00010000434,0.00029999952,0.00029999952,-0.0002999862,-0.0002999862,0.00014098831,2.9913957e-05,4.9990842e-05,4.3324575e-09,-0.002929809,0.0030296391,-2e-09,0.0,-0.00010000434,2.8e-09,2e-09,1.9994602e-09,0.00051550305,-0.00046552427,-4.9992843e-05,0.0,-2.6079493e-16,0.0004999705,-0.0004999662,-4.3323776e-09,0.0,-1.735591e-13,0.00023393158,-0.0006839063,0.00045000503,0.0,-1.6384553e-13,0.00079995865,-0.00020000324,-0.0005999857,0.0,1.02368926e-13,0.0003074355,-0.00074839575,0.00044097452,0.0,-1.6387256e-15,0.0005718471,-0.0004308648,-0.00014098831,-6.000154e-09,-2.8e-09,1.1627932e-06,-9.786685e-07,-1.4495063e-17
0.0720001,5.0,-5.0,1.0,0.1,0.99989605,0.090155,-3.061616,0.0071086977,2.0,3.0497,-0.0059578954,-1.4298031,0.0024189868,0.59867394,-5.3636657e-05,-4.9999895,-1.4,-6.087263e-13,0.000113037924,-0.00015343624,9.964457e-05,0.0003055658,0.0003055658,-0.0003047281,-0.0003047281,0.00014297495,2.9936378e-05,4.963937e-05,4.1523153e-06,-0.0029296032,0.0030290743,-2e-09,-2e-10,-9.9644494e-05,2.8e-09,2e-09,1.999792e-09,0.00051531446,-0.00046568725,-4.9641298e-05,2e-10,1.8031e-10,0.0005018874,-0.000497737,-4.1516755e-06,0.0,1.4217395e-11,0.00022779168,-0.000686766,0.00045900524,0.0,-1.1915791e-11,0.0008054452,-0.00019518584,-0.00061029015,0.0,4.8379733e-12,0.00030502377,-0.00075270986,0.00044770056,0.0,-1.07273314e-13,0.0005729778,-0.00043000962,-0.00014297424,-6.123232e-09,-2.8e-09,1.1628547e-06,-9.78607e-07,2.4783795e-17
0.0720003,5.0,-5.0,1.0,0.3,0.9999975,0.28407276,-3.226179,0.014472672,2.0,3.1991782,-0.013500221,-1.4948944,0.005931521,0.5999887,-0.0001329844,-4.9999895,-1.4,-6.101209e-13,0.00011946967,-0.00016203258,9.927637e-05,0.00032126787,0.00032126787,-0.00031932467,-0.00031932467,0.00014947614,3.0006084e-05,4.927624e-05,1.3480004e-05,-0.0029277764,0.0030268808,-2e-09,-6e-10,-9.927632e-05,2.8e-09,2e-09,1.999995e-09,0.0005151214,-0.0004658572,-4.92782e-05,6e-10,5.6814553e-10,0.0005056767,-0.00049220066,-1.3480077e-05,0.0,2.8945343e-11,0.00021068497,-0.00069395755,0.00048330514,0.0,-2.7000442e-11,0.0008210414,-0.0001804835,-0.00064059027,0.0,1.1863042e-11,0.00029739126,-0.00076617545,0.0004687993,0.0,-2.6596878e-13,0.00057669764,-0.000427228,-0.00014947572,-6.452358e-09,-2.8e-09,1.1630192e-06,-9.784424e-07,-1.2466229e-17
0.07200060000000001,5.0,-5.0,1.0,0.6,0.9999925,0.58431506,-3.520093,0.016053496,2.0,3.4869697,-0.01656149,-1.6272415,0.007914382,0.6026652,-0.00017416338,-4.9999895,-1.4,-6.128393e-13,0.00013256475,-0.00017680733,9.919733e-05,0.00035035316,0.0003503531,-0.00034790553,-0.0003479055,0.00016270674,3.0141968e-05,4.919695e-05,2.8413078e-05,-0.0029229654,0.0030219932,-2e-09,-1.2e-09,-9.9197336e-05,2.8e-09,2e-09,1.999985e-09,0.0005150799,-0.00046589496,-4.9198956e-05,1.2e-09,1.1686302e-09,0.00051089923,-0.00048249328,-2.8414217e-05,0.0,3.210699e-11,0.00017919137,-0.0007063233,0.00052716746,0.0,-3.3122977e-11,0.0008501062,-0.00015188288,-0.0006982586,0.0,1.5828765e-11,0.00028222438,-0.0007928201,0.0005106122,0.0,-3.4832675e-13,0.00058430113,-0.00042160053,-0.00016270671,-7.0401858e-09,-2.8e-09,1.1633132e-06,-9.781485e-07,-2.7362645e-17
0.07200065529296487,5.0,-5.0,1.0,0.655293,0.99999404,0.63952374,-3.575563,0.015988505,2.0,3.5427756,-0.016393656,-1.6536169,0.007814607,0.60318476,-0.00016916229,-4.9999895,-1.4,-6.133539e-13,0.00013517703,-0.00017957759,9.920058e-05,0.00035591697,0.0003559169,-0.00035349609,-0.00035349609,0.00016534478,3.0167696e-05,4.9200276e-05,3.117676e-05,-0.0029218348,0.003020866,-2e-09,-1.310586e-09,-9.9200595e-05,2.8e-09,2e-09,1.999988e-09,0.00051508157,-0.00046589336,-4.9202292e-05,1.310586e-09,1.2790475e-09,0.00051169546,-0.00048052653,-3.1177948e-05,0.0,3.1977008e-11,0.00017311901,-0.00070858444,0.0005355015,0.0,-3.278731e-11,0.00085569,-0.00014631306,-0.00070941274,0.0,1.5629213e-11,0.0002792595,-0.00079808343,0.0005188407,0.0,-3.3832456e-13,0.0005858259,-0.00042048728,-0.00016534473,-7.151126e-09,-2.8e-09,1.1633686e-06,-9.78093e-07,-7.5266645e-18
0.07200076587889459,5.0,-5.0,1.0,0.7658789,0.9999971,0.74993443,-3.6847215,0.016302383,2.0,3.6523557,-0.016182737,-1.7056639,0.0074443812,0.6041743,-0.0001519044,-4.9999895,-1.4,-6.1432614e-13,0.00014033479,-0.00018505119,9.918488e-05,0.00036685387,0.00036685384,-0.00036449113,-0.0003644911,0.0001705512,3.0216312e-05,4.918474e-05,3.6681606e-05,-0.002919289,0.0030183056,-2e-09,-1.5317578e-09,-9.91849e-05,2.8e-09,2e-09,1.9999942e-09,0.00051507336,-0.00046590064,-4.918676e-05,1.5317578e-09,1.4998689e-09,0.00051302166,-0.00047634932,-3.6682923e-05,0.0,3.2604763e-11,0.000161014,-0.00071288884,0.00055191206,0.0,-3.2365475e-11,0.00086668413,-0.00013537663,-0.00073134445,0.0,1.4888762e-11,0.00027348255,-0.00080850726,0.0005350419,0.0,-3.0380882e-13,0.0005888499,-0.0004183049,-0.00017055108,-7.369443e-09,-2.8e-09,1.1634778e-06,-9.779839e-07,-8.248756e-18
0.07200088293944729,5.0,-5.0,1.0,0.88293946,0.999999,0.8668739,-3.8015456,0.016331667,2.0,3.7688496,-0.016347846,-1.7602463,0.0075598406,0.6051548,-0.0001497359,-4.9999895,-1.4,-6.153046e-13,0.00014574443,-0.00019089387,9.918342e-05,0.0003785198,0.00037851973,-0.00037612897,-0.00037612897,0.00017600965,3.0265226e-05,4.9183367e-05,4.252711e-05,-0.0029161589,0.0030151748,-2e-09,-1.7658789e-09,-9.918342e-05,2.8e-09,2e-09,1.999998e-09,0.0005150726,-0.00046590128,-4.9185364e-05,1.7658789e-09,1.7337478e-09,0.0005141536,-0.00047163703,-4.252886e-05,0.0,3.2663337e-11,0.0001478686,-0.00071725145,0.0005694213,0.0,-3.269569e-11,0.000878379,-0.00012376836,-0.00075464876,0.0,1.5119682e-11,0.00026748487,-0.00081960566,0.00055213866,0.0,-2.9947182e-13,0.0005920366,-0.00041603303,-0.00017600966,-7.6030915e-09,-2.8e-09,1.1635947e-06,-9.77867e-07,-1.7451115e-17
0.072001,5.0,-5.0,1.0,1.0,0.999999,0.9839345,-3.9184258,0.016376767,2.0,3.8856304,-0.01639755,-1.8151194,0.007569263,0.60610807,-0.0001453302,-4.9999895,-1.4,-6.1625336e-13,0.00015118474,-0.00019674013,9.918116e-05,0.00039020283,0.0003902028,-0.00038780613,-0.0003878061,0.00018149741,3.0312669e-05,4.918111e-05,4.837789e-05,-0.00291267,0.0030116844,-2e-09,-2e-09,-9.918116e-05,2.8e-09,2e-09,1.999998e-09,0.0005150714,-0.00046590235,-4.9183112e-05,2e-09,1.967869e-09,0.0005150248,-0.00046665885,-4.8379858e-05,0.0,3.2753536e-11,0.00013453547,-0.00072144665,0.0005869508,0.0,-3.2795103e-11,0.00089009624,-0.00011212667,-0.0007780089,0.0,1.5138526e-11,0.00026152362,-0.00083080877,0.0005693035,0.0,-2.9066037e-13,0.0005952547,-0.00041376342,-0.00018149741,-7.836852e-09,-2.8e-09,1.1637115e-06,-9.777501e-07,8.761624e-17
0.07200100476582728,5.0,-5.0,1.0,1.0,0.99999875,0.9873413,-3.9230711,0.016067049,2.0,3.890368,-0.016351499,-1.8173523,0.007564952,0.6061461,-0.0001451354,-4.9999895,-1.4,-6.162912e-13,0.00015140616,-0.00019695691,9.919665e-05,0.00039067195,0.00039067195,-0.0003882803,-0.00038828028,0.00018172072,3.031456e-05,4.9196584e-05,4.8563714e-05,-0.002912511,0.003011541,-2e-09,-2e-09,-9.919666e-05,2.8e-09,2e-09,1.9999975e-09,0.00051507953,-0.000465895,-4.9198596e-05,2e-09,1.9746826e-09,0.00051504327,-0.0004664915,-4.8565653e-05,0.0,3.2134097e-11,0.00013399014,-0.0007215872,0.0005876367,0.0,-3.2703e-11,0.00089056557,-0.00011165272,-0.0007789522,0.0,1.5129904e-11,0.0002612827,-0.0008312653,0.000570001,0.0,-2.9027082e-13,0.000595386,-0.00041367143,-0.00018172072,-7.846142e-09,-2.8e-09,1.1637162e-06,-9.777455e-07,3.0798436e-17
0.07200101429748186,5.0,-5.0,1.0,1.0,0.9999981,0.9922463,-3.931886,0.015089474,2.0,3.8997047,-0.016090542,-1.821797,0.0075265313,0.6062218,-0.00014448477,-4.9999895,-1.4,-6.1636633e-13,0.00015184694,-0.00019734877,9.9245524e-05,0.00039157952,0.00039157952,-0.0003892178,-0.00038921778,0.00018216525,3.0318315e-05,4.924543e-05,4.8857844e-05,-0.0029122115,0.0030112904,-2e-09,-2e-09,-9.924553e-05,2.8e-09,2e-09,1.9999962e-09,0.0005151052,-0.0004658718,-4.9247436e-05,2e-09,1.9844926e-09,0.0005150833,-0.00046623748,-4.8859813e-05,0.0,3.0178946e-11,0.00013293803,-0.0007218345,0.00058893615,0.0,-3.2181084e-11,0.00089146977,-0.00011071197,-0.0007807973,0.0,1.5053063e-11,0.000260804,-0.0008321686,0.00057138305,0.0,-2.8896956e-13,0.00059564743,-0.00041348833,-0.00018216525,-7.863772e-09,-2.8e-09,1.163725e-06,-9.777367e-07,1.7139712e-17
0.07200103336079101,5.0,-5.0,1.0,1.0,0.99999714,0.99694514,-3.9468167,0.012531277,2.0,3.917069,-0.014873792,-1.8303727,0.007244642,0.6063698,-0.0001407417,-4.9999895,-1.4,-6.1651053e-13,0.00015269766,-0.0001979674,9.9373436e-05,0.0003931943,0.00039319426,-0.00039098243,-0.0003909824,0.00018302319,3.0325527e-05,4.9373295e-05,4.9220693e-05,-0.0029117167,0.0030109233,-2e-09,-2e-09,-9.9373414e-05,2.8e-09,2e-09,1.9999944e-09,0.0005151724,-0.0004658111,-4.9375267e-05,2e-09,1.9938904e-09,0.0005151639,-0.00046595512,-4.9222763e-05,0.0,2.5062553e-11,0.00013110922,-0.0007222389,0.00059116964,0.0,-2.9747586e-11,0.00089306966,-0.00010893268,-0.00078417663,0.0,1.4489285e-11,0.00025988545,-0.0008338725,0.0005740056,0.0,-2.8148341e-13,0.00059615227,-0.00041313525,-0.00018302319,-7.893633e-09,-2.8e-09,1.1637399e-06,-9.777218e-07,6.11274e-17
0.07200107148740932,5.0,-5.0,1.0,1.0,0.99999684,0.9994916,-3.967177,0.008077813,2.0,3.9444203,-0.011378175,-1.844962,0.006064928,0.6066316,-0.00012277115,-4.9999895,-1.4,-6.1675426e-13,0.00015414615,-0.00019876273,9.959611e-05,0.00039557985,0.00039557985,-0.00039383554,-0.0003938355,0.00018448393,3.0337718e-05,4.959595e-05,4.9570688e-05,-0.0029110753,0.0030105044,-2e-09,-2e-09,-9.959605e-05,2.8e-09,2e-09,1.9999937e-09,0.0005152893,-0.00046570544,-4.959789e-05,2e-09,1.9989832e-09,0.0005152879,-0.0004657291,-4.9572856e-05,0.0,1.6155627e-11,0.0001285476,-0.00072285795,0.0005943505,0.0,-2.2756349e-11,0.0008954364,-0.00010606124,-0.0007894151,0.0,1.2129856e-11,0.00025833776,-0.0008366383,0.00057831925,0.0,-2.455423e-13,0.00059701246,-0.00041253472,-0.00018448387,-7.934354e-09,-2.8e-09,1.1637603e-06,-9.777013e-07,7.7092915e-17
0.07200114774064593,5.0,-5.0,1.0,1.0,0.99999774,1.0000173,-3.9867332,0.003320437,2.0,3.9752858,-0.0057235803,-1.8632467,0.0034949717,0.6069814,-7.648885e-05,-4.9999895,-1.4,-6.170575e-13,0.00015596402,-0.00019950268,9.9833975e-05,0.00039810094,0.00039810094,-0.0003971791,-0.00039717907,0.00018631702,3.0352894e-05,4.9833867e-05,4.9834838e-05,-0.0029105132,0.0030101803,-2e-09,-2e-09,-9.9833924e-05,2.8e-09,2e-09,1.9999955e-09,0.0005154143,-0.0004655925,-4.983581e-05,2e-09,2.0000344e-09,0.0005154143,-0.0004655914,-4.983694e-05,0.0,6.640874e-12,0.00012603003,-0.00072360097,0.00059761136,0.0,-1.144716e-11,0.0008979788,-0.000102739636,-0.0007952794,0.0,6.9899433e-12,0.00025641944,-0.0008398962,0.00058349565,0.0,-1.5297769e-13,0.0005980925,-0.00041178174,-0.0001863169,-7.973466e-09,-2.8e-09,1.1637799e-06,-9.776818e-07,5.1556424e-17
0.07200130024711916,5.0,-5.0,1.0,1.0,0.99999887,0.9999965,-3.998368,0.00040683974,2.0,3.9967017,-0.0008331706,-1.8775576,0.0006068642,0.6072783,-1.5425314e-05,-4.9999895,-1.4,-6.1729354e-13,0.0001573895,-0.00019993875,9.9979654e-05,0.00039975348,0.00039975348,-0.00039960947,-0.00039960947,0.00018775422,3.0364685e-05,4.99796e-05,4.997948e-05,-0.0029102284,0.0030100413,-2e-09,-2e-09,-9.997965e-05,2.8e-09,2e-09,1.9999977e-09,0.00051549077,-0.00046552328,-4.9981587e-05,2e-09,1.9999928e-09,0.0005154908,-0.0004655234,-4.9981478e-05,0.0,8.136795e-13,0.00012450384,-0.00072416343,0.0005997001,0.0,-1.666341e-12,0.0008997058,-0.00010038365,-0.00079936266,0.0,1.2137286e-12,0.00025493378,-0.00084227824,0.0005873635,0.0,-3.0850627e-14,0.00059893966,-0.00041119164,-0.00018775417,-7.996736e-09,-2.8e-09,1.1637915e-06,-9.776702e-07,7.844857e-17
0.07200145140432374,5.0,-5.0,1.0,1.0,0.999999,1.0000023,-4.000132,-3.2732103e-05,2.0,4.0003057,8.670883e-05,-1.8802372,-6.37162e-05,0.6073385,8.5054506e-07,-4.9999895,-1.4,-6.173376e-13,0.00015765693,-0.00020000497,0.000100001635,0.00040002188,0.00040002188,-0.00040003692,-0.00040003692,0.00018802381,3.036688e-05,5.0001585e-05,5.000175e-05,-0.002910194,0.0030100287,-2e-09,-2e-09,-0.000100001635,2.8e-09,2e-09,1.999998e-09,0.00051550235,-0.00046551283,-5.0003586e-05,2e-09,2.0000044e-09,0.0005155024,-0.00046551268,-5.0003746e-05,0.0,-6.5464215e-14,0.00012426963,-0.000724264,0.00060003484,0.0,1.7341766e-13,0.00089999946,-9.998118e-05,-0.0008000588,0.0,-1.274324e-13,0.00025465776,-0.00084269943,0.00058806076,0.0,1.70109e-15,0.0005990986,-0.00041108092,-0.00018802381,-8.0002645e-09,-2.8e-09,1.1637933e-06,-9.776684e-07,1.04041116e-16
0.07200167991363518,5.0,-5.0,1.0,1.0,0.999999,0.9999975,-3.9999745,5.5093196e-06,2.0,3.9999502,-1.2260744e-05,-1.8799667,6.58542e-06,0.6073325,-6.5442515e-07,-4.9999895,-1.4,-6.1733317e-13,0.00015762995,-0.000199999,9.999972e-05,0.00039999624,0.00039999624,-0.00039999434,-0.00039999434,0.00018799661,3.0366658e-05,4.999967e-05,4.9999602e-05,-0.0029101968,0.0030100294,-2e-09,-2e-09,-9.999972e-05,2.8e-09,2e-09,1.999998e-09,0.00051550136,-0.00046551376,-5.0001672e-05,2e-09,1.999995e-09,0.00051550136,-0.00046551382,-5.00016e-05,0.0,1.101864e-14,0.00012429077,-0.00072425354,0.00060000323,0.0,-2.4521487e-14,0.0008999713,-0.00010002127,-0.00079999055,0.0,1.31708406e-14,0.00025468555,-0.0008426575,0.000587991,0.0,-1.3088503e-15,0.00059908256,-0.00041109207,-0.00018799661,-7.999949e-09,-2.8e-09,1.1637931e-06,-9.776686e-07,7.54501e-17
0.07200421069424487,5.0,-5.0,1.0,1.0,0.99999905,0.99999917,-3.9999819,4.0706436e-06,2.0,3.9999745,-3.6579977e-06,-1.8799853,1.8495881e-06,0.6073328,-6.219945e-07,-4.9999895,-1.4,-6.173335e-13,0.00015763179,-0.0001999993,9.9999794e-05,0.0003999978,0.0003999978,-0.00039999728,-0.00039999728,0.00018799846,3.0366673e-05,4.9999744e-05,4.9999755e-05,-0.0029101965,0.0030100294,-2e-09,-2e-09,-9.9999794e-05,2.8e-09,2e-09,1.999998e-09,0.0005155014,-0.00046551373,-5.0001745e-05,2e-09,1.9999984e-09,0.00051550136,-0.0004655137,-5.0001756e-05,0.0,8.141287e-15,0.00012428974,-0.00072425435,0.00060000515,0.0,-7.315994e-15,0.000899973,-0.00010001842,-0.0007999951,0.0,3.699176e-15,0.00025468366,-0.0008426604,0.00058799575,0.0,-1.2439891e-15,0.0005990836,-0.0004110913,-0.00018799846,-7.999963e-09,-2.8e-09,1.1637931e-06,-9.776686e-07,-2.3392191e-17
0.0750010006493396,5.0,-5.0,0.99935067,1.0,0.9999845,0.9999966,-3.9999826,-3.408714e-07,2.0,3.9999726,-5.0070075e-06,-1.8799869,1.4085825e-07,0.60733294,-5.565327e-07,-4.9999895,-1.4,-6.173335e-13,0.00015763195,-0.00019999911,0.00010000001,0.00039999775,0.00039999775,-0.00039999723,-0.00039999723,0.00018799864,3.0366675e-05,4.9999242e-05,4.999985e-05,-0.0029101947,0.0030100278,-1.9987014e-09,-2e-09,-0.00010000001,2.8e-09,1.9987014e-09,1.999969e-09,0.00051549956,-0.0004655124,-5.0001243e-05,2e-09,1.9999933e-09,0.0005155015,-0.00046551373,-5.0001847e-05,0.0,-6.817424e-16,0.00012428955,-0.00072425394,0.00060000486,0.0,-1.0014015e-14,0.0008999731,-0.00010001867,-0.000799995,0.0,2.817165e-16,0.00025468352,-0.0008426604,0.00058799586,0.0,-1.1130655e-15,0.0005990837,-0.00041109123,-0.00018799864,-7.999965e-09,-2.8e-09,1.1637931e-06,-9.776686e-07,4.220511e-17
0.07500100259747725,5.0,-5.0,0.99740255,1.0,0.9997628,0.99999684,-3.9999778,-5.4562803e-05,2.0,3.9999723,-2.7108792e-06,-1.8799866,2.611129e-07,0.60733294,-5.5952114e-07,-4.9999895,-1.4,-6.173335e-13,0.00015763193,-0.00019999617,0.000100002726,0.00039999752,0.00039999752,-0.00039999723,-0.00039999723,0.00018799861,3.0366675e-05,4.9990867e-05,5.000257e-05,-0.0029101893,0.003010025,-1.994805e-09,-2e-09,-0.000100002726,2.8e-09,1.994805e-09,1.9995257e-09,0.0005154942,-0.00046551536,-4.999287e-05,2e-09,1.9999935e-09,0.00051550294,-0.00046551242,-5.0004568e-05,0.0,-1.09125606e-13,0.00012428823,-0.0007242494,0.00060000166,0.0,-5.421759e-15,0.00089997274,-0.00010001859,-0.00079999474,0.0,5.222258e-16,0.00025468355,-0.0008426604,0.00058799586,0.0,-1.1190422e-15,0.0005990837,-0.00041109126,-0.00018799861,-7.999955e-09,-2.8e-09,1.1637931e-06,-9.776686e-07,1.737367e-17
0.07500100519499411,5.0,-5.0,0.994805,1.0,0.9991127,0.99999696,-3.999947,-0.00020933794,2.0,3.9999702,1.1562528e-05,-1.8799863,-2.2802837e-07,0.60733294,-5.618092e-07,-4.9999895,-1.4,-6.173335e-13,0.0001576319,-0.00019998688,0.00010001047,0.00039999586,0.00039999586,-0.00039999705,-0.00039999705,0.00018799858,3.0366675e-05,4.9966104e-05,5.0010316e-05,-0.0029101833,0.0030100266,-1.98961e-09,-2e-09,-0.00010001047,2.8e-09,1.98961e-09,1.9982256e-09,0.00051548827,-0.00046553422,-4.9968105e-05,2e-09,1.999994e-09,0.00051550695,-0.00046550873,-5.0012313e-05,0.0,-4.186759e-13,0.00012428615,-0.0007242364,0.0005999907,0.0,2.3125057e-14,0.00089997065,-0.00010001828,-0.0007999929,0.0,-4.5605673e-16,0.0002546836,-0.0008426602,0.00058799563,0.0,-1.1236183e-15,0.00059908367,-0.00041109126,-0.00018799858,-7.999894e-09,-2.8e-09,1.1637931e-06,-9.776686e-07,-3.7534995e-17
0.07500101039002785,5.0,-5.0,0.98960996,1.0,0.9968998,0.999997,-3.9997387,-0.00071043125,2.0,3.9999394,0.0001004292,-1.8799833,-7.982186e-06,0.60733294,-5.325579e-07,-4.9999895,-1.4,-6.1733344e-13,0.0001576316,-0.0001999514,0.00010003552,0.0003999839,0.0003999839,-0.00039999472,-0.00039999472,0.00018799827,3.0366673e-05,4.988051e-05,5.0035374e-05,-0.0029101777,0.0030100462,-1.97922e-09,-2e-09,-0.00010003552,2.8e-09,1.97922e-09,1.9937996e-09,0.00051547895,-0.00046561044,-4.988251e-05,2e-09,1.999994e-09,0.00051552017,-0.00046549685,-5.003737e-05,0.0,-1.4208626e-12,0.00012429125,-0.00072419405,0.00059994333,0.0,2.0085841e-13,0.000899956,-0.0001000179,-0.0007999786,0.0,-1.5964372e-14,0.00025468404,-0.00084265805,0.000587993,0.0,-1.0651158e-15,0.0005990835,-0.00041109137,-0.00018799827,-7.9994775e-09,-2.8e-09,1.1637928e-06,-9.776688e-07,-8.004655e-17
0.07500102078009532,5.0,-5.0,0.9792199,1.0,0.99019283,0.99999684,-3.9985182,-0.0020821143,2.0,3.9996142,0.0005479814,-1.8799342,-7.8540965e-05,0.60733265,-1.2279846e-08,-4.9999895,-1.4,-6.1733263e-13,0.00015762678,-0.0001998218,0.00010010411,0.00039990662,0.00039990662,-0.00039996926,-0.00039996926,0.00018799341,3.0366633e-05,4.9613747e-05,5.0103947e-05,-0.0029101993,0.0030101365,-1.9584399e-09,-2e-09,-0.00010010409,2.8e-09,1.9584399e-09,1.9803856e-09,0.00051546283,-0.00046586097,-4.9615785e-05,2e-09,1.9999937e-09,0.0005155562,-0.0004654643,-5.0105933e-05,0.0,-4.164229e-12,0.00012437753,-0.0007240735,0.00059973646,0.0,1.0959628e-12,0.00089986797,-0.00010003255,-0.00079987594,0.0,-1.5708193e-13,0.00025469044,-0.0008426341,0.0005879627,0.0,-2.4559694e-17,0.00059908064,-0.00041109335,-0.00018799341,-7.997037e-09,-2.8e-09,1.1637916e-06,-9.7767e-07,-5.1660893e-17
0.07500104156023027,5.0,-5.0,0.95843977,1.0,0.9726237,0.99999654,-3.992657,-0.005009136,2.0,3.9970443,0.002193593,-1.879336,-0.00049332133,0.6073276,4.566235e-06,-4.9999895,-1.4,-6.17323e-13,0.0001575679,-0.00019938238,0.00010025046,0.00039948506,0.00039948506,-0.00039975374,-0.00039975374,0.00018793406,3.0366149e-05,4.888164e-05,5.0250284e-05,-0.002910371,0.0030104544,-1.9168795e-09,-2e-09,-0.00010025039,2.8e-09,1.9168795e-09,1.9452473e-09,0.0005154174,-0.0004665473,-4.8883816e-05,2e-09,1.999993e-09,0.0005156331,-0.00046539493,-5.0252223e-05,0.0,-1.0018273e-11,0.00012492965,-0.0007237648,0.0005988756,0.0,4.387186e-12,0.0008994206,-0.00010022218,-0.0007992389,0.0,-9.866426e-13,0.0002547611,-0.00084242993,0.0005876878,0.0,9.1324695e-15,0.0005990455,-0.00041111754,-0.00018793406,-7.985314e-09,-2.8e-09,1.1637857e-06,-9.776759e-07,-5.1489862e-17
0.07500108312050016,5.0,-5.0,0.9168795,1.0,0.9326673,0.9999969,-3.9704642,-0.00944992,2.0,3.982779,0.0061572893,-1.8747482,-0.0019334025,0.6072742,2.5740914e-05,-4.9999895,-1.4,-6.172483e-13,0.00015711508,-0.00019805071,0.0001004725,0.00039766214,0.00039766217,-0.00039847122,-0.00039847125,0.0001874774,3.036242e-05,4.7105863e-05,5.047234e-05,-0.0029110704,0.0030113752,-1.833759e-09,-2e-09,-0.00010047246,2.8e-09,1.833759e-09,1.8653346e-09,0.00051524467,-0.00046814955,-4.7108177e-05,2e-09,1.9999937e-09,0.0005157498,-0.00046528957,-5.0474307e-05,0.0,-1.889984e-11,0.00012728325,-0.00072296476,0.0005957217,0.0,1.2314578e-11,0.0008975775,-0.000101483754,-0.0007961342,0.0,-3.866805e-12,0.000255276,-0.000841206,0.000585949,0.0,5.1481826e-14,0.00059877534,-0.00041130398,-0.00018747748,-7.940928e-09,-2.8e-09,1.1637635e-06,-9.776982e-07,-5.1489862e-17
0.07500116624103995,5.0,-5.0,0.83375895,1.0,0.84982747,0.99999803,-3.9048352,-0.013752297,2.0,3.9283338,0.011749169,-1.853125,-0.004631323,0.6069651,7.539784e-05,-4.9999895,-1.4,-6.1688935e-13,0.00015497582,-0.00019455414,0.00010068761,0.00039165842,0.00039165845,-0.0003932965,-0.00039329653,0.00018532004,3.0344487e-05,4.317899e-05,5.0687515e-05,-0.0029130324,0.003013552,-1.6675179e-09,-2e-09,-0.00010068776,2.8e-09,1.6675179e-09,1.6996549e-09,0.0005146438,-0.00047147457,-4.3181124e-05,2e-09,1.9999962e-09,0.000515863,-0.00046518742,-5.068966e-05,0.0,-2.7504594e-11,0.00013459145,-0.0007207743,0.0005862224,0.0,2.3498337e-11,0.0008916154,-0.00010669835,-0.0007849569,0.0,-9.262646e-12,0.0002576522,-0.0008362509,0.0005786175,0.0,1.5079568e-13,0.00059750286,-0.00041218873,-0.00018532027,-7.80967e-09,-2.8e-09,1.1636979e-06,-9.777638e-07,-2.2672458e-17
0.07500133051870958,5.0,-5.0,0.6694813,1.0,0.6855398,0.99999887,-3.749791,-0.016062902,2.0,3.781446,0.015827388,-1.7878072,-0.0071615186,0.6059093,0.00013482233,-4.9999895,-1.4,-6.15774e-13,0.00014850595,-0.0001866864,0.00010080315,0.00037656183,0.00037656186,-0.00037886077,-0.00037886077,0.0001787942,3.0288724e-05,3.5080135e-05,5.080309e-05,-0.0029171635,0.0030177976,-1.3389626e-09,-2e-09,-0.00010080326,2.8e-09,1.3389626e-09,1.3710796e-09,0.0005129194,-0.00047784732,-3.5081655e-05,2e-09,1.9999977e-09,0.0005159238,-0.00046513262,-5.0805207e-05,0.0,-3.2125805e-11,0.00015205839,-0.0007152775,0.0005632571,0.0,3.1654776e-11,0.0008766277,-0.000121241465,-0.00075542455,0.0,-1.43230375e-11,0.0002648021,-0.0008224404,0.0005576564,0.0,2.6964466e-13,0.0005936688,-0.00041488025,-0.00017879464,-7.499581e-09,-2.8e-09,1.1635428e-06,-9.779188e-07,7.540143e-17
0.07500150874274067,5.0,-5.0,0.49125725,1.0,0.50731987,0.999999,-3.5726345,-0.01632874,2.0,3.6054797,0.016422465,-1.7058206,-0.0076496108,0.6044639,0.00015471235,-4.9999895,-1.4,-6.143085e-13,0.00014038279,-0.00017781528,0.00010081644,0.0003589057,0.00035890573,-0.00036131294,-0.00036131294,0.00017059752,3.0215457e-05,2.618243e-05,5.0816387e-05,-0.0029211189,0.0030217646,-9.825145e-10,-2e-09,-0.000100816476,2.8e-09,9.825145e-10,1.0146397e-09,0.00051044463,-0.0004842682,-2.6183485e-05,2e-09,1.999998e-09,0.0005159307,-0.00046512633,-5.0818428e-05,0.0,-3.265748e-11,0.00017180639,-0.0007084993,0.00053672906,0.0,3.284493e-11,0.00085903774,-0.00013885352,-0.0007202208,0.0,-1.5299222e-11,0.00027385514,-0.0008057504,0.0005319125,0.0,3.094247e-13,0.0005888809,-0.00041828878,-0.00017059821,-7.145269e-09,-2.8e-09,1.1633657e-06,-9.78096e-07,1.0036169e-16
0.07500172056343439,5.0,-5.0,0.27943656,1.0,0.29549587,0.999999,-3.3604963,-0.016250206,2.0,3.3930652,0.01628432,-1.6058817,-0.007578833,0.60255927,0.00016341466,-4.9999895,-1.4,-6.123953e-13,0.0001304852,-0.0001672123,0.00010081251,0.00033767807,0.0003376781,-0.0003400644,-0.00034006443,0.00016060451,3.0119794e-05,1.5587304e-05,5.081246e-05,-0.0029247256,0.0030253658,-5.588731e-10,-2e-09,-0.00010081254,2.8e-09,5.588731e-10,5.9099176e-10,0.0005066542,-0.0004910704,-1.5587928e-05,2e-09,1.999998e-09,0.0005159286,-0.0004651282,-5.081449e-05,0.0,-3.2500416e-11,0.00019492544,-0.0006997892,0.00050489773,0.0,3.2568642e-11,0.00083786447,-0.00016015486,-0.000677744,0.0,-1.5157667e-11,0.00028509874,-0.0007857527,0.0005006703,0.0,3.2682933e-13,0.0005830909,-0.00042249204,-0.00016060496,-6.7209927e-09,-2.8e-09,1.1631536e-06,-9.783081e-07,5.651856e-17
0.07500200000000001,5.0,-5.0,0.0,1.0,0.01604445,0.999999,-3.080885,-0.01621019,2.0,3.1133265,0.016220743,-1.4744023,-0.007577319,0.5999077,0.00017912904,-4.9999895,-1.4,-6.0972755e-13,0.000117471856,-0.00015323373,0.00010081051,0.00030971057,0.0003097106,-0.0003120904,-0.00031209041,0.00014745814,2.998643e-05,1.6127319e-06,5.081046e-05,-0.0029283161,0.0030289523,0.0,-2e-09,-0.000100810525,2.8e-09,0.0,3.20889e-11,0.0005007721,-0.0004991595,-1.6127789e-06,2e-09,1.999998e-09,0.00051592756,-0.00046512915,-5.0812472e-05,0.0,-3.2420375e-11,0.00022481733,-0.00068773684,0.00046295067,0.0,3.2441487e-11,0.0008099735,-0.00018820367,-0.00062180136,0.0,-1.5154638e-11,0.0003001367,-0.0007596706,0.00045954884,0.0,3.5825807e-13,0.000575526,-0.0004280738,-0.00014745824,-6.1617698e-09,-2.8e-09,1.1628739e-06,-9.785877e-07,-1.1142718e-18
0.07500202794365657,5.0,-5.0,0.0,1.0,0.00800127,1.0000001,-3.0601456,-0.013035936,2.0,3.0891511,0.014502654,-1.4623219,-0.00708891,0.59963465,0.00017261071,-4.9999895,-1.4,-6.094617e-13,0.00011627639,-0.00015235548,0.00010065179,0.00030746483,0.00030746486,-0.000309624,-0.00030962404,0.00014624944,2.9973104e-05,1.0518603e-06,5.06518e-05,-0.002928677,0.0030291544,0.0,-2e-09,-0.0001006518,2.8e-09,0.0,1.600254e-11,0.0005004933,-0.00049944146,-1.0518813e-06,2e-09,2.0000002e-09,0.00051584415,-0.0004652044,-5.0653805e-05,0.0,-2.6071872e-11,0.00022708287,-0.00068687845,0.0004598265,0.0,2.9005309e-11,0.00080772577,-0.00019066806,-0.000617089,0.0,-1.41778195e-11,0.00030153128,-0.00075739005,0.00045587355,0.0,3.4522144e-13,0.00057483686,-0.00042859343,-0.00014624947,-6.1202914e-09,-2.8e-09,1.1628532e-06,-9.786083e-07,-4.352673e-17
0.07500208383096969,5.0,-5.0,0.0,1.0,0.0012984072,1.0000007,-3.031834,-0.007633627,2.0,3.05238,0.01027297,-1.4427365,-0.00552235,0.5991688,0.00014343628,-4.9999895,-1.4,-6.090253e-13,0.00011433673,-0.00015121001,0.00010038168,0.0003042107,0.0003042107,-0.00030579025,-0.00030579025,0.000144288,2.9951267e-05,4.466017e-07,5.0381717e-05,-0.002929212,0.003029419,0.0,-2e-09,-0.00010038168,2.8e-09,0.0,2.5968143e-12,0.0005001916,-0.00049974496,-4.466043e-07,2e-09,2.0000015e-09,0.0005157021,-0.00046533247,-5.038372e-05,0.0,-1.5267254e-11,0.00023023579,-0.00068563194,0.00045542678,0.0,2.054594e-11,0.00080442877,-0.00019445867,-0.0006100009,0.0,-1.1044699e-11,0.0003037706,-0.00075383426,0.00045007825,0.0,2.8687255e-13,0.0005737203,-0.00042943834,-0.000144288,-6.063668e-09,-2.8e-09,1.1628249e-06,-9.786366e-07,-5.5604504e-17
0.07500219560559594,5.0,-5.0,0.0,1.0,-0.00019788423,0.99999994,-3.0087886,-0.0022465885,2.0,3.0168521,0.004031754,-1.4216805,-0.002557786,0.5986236,7.418585e-05,-4.9999895,-1.4,-6.0854934e-13,0.000112247995,-0.0001503271,0.00010011233,0.00030128204,0.00030128204,-0.000301941,-0.000301941,0.00014217546,2.9927469e-05,1.0243521e-07,5.0112325e-05,-0.0029296644,0.0030296026,0.0,-2e-09,-0.00010011233,2.8e-09,0.0,-3.957685e-13,0.0005000196,-0.00049991714,-1.0243482e-07,2e-09,1.9999997e-09,0.00051556056,-0.00046546027,-5.0114326e-05,0.0,-4.493177e-12,0.0002328851,-0.0006844698,0.00045161514,0.0,8.063509e-12,0.0008013771,-0.00019818461,-0.00060322304,0.0,-5.115572e-12,0.00030613918,-0.0007502413,0.00044411645,0.0,1.4837171e-13,0.0005725201,-0.00043035066,-0.00014217546,-6.017577e-09,-2.8e-09,1.1628019e-06,-9.786597e-07,-4.2089702e-17
0.07500241915484844,5.0,-5.0,0.0,1.0,1.0919433e-05,0.999999,-3.000206,-4.9023874e-05,2.0,3.0004604,0.00012718602,-1.4103916,-0.0001191742,0.59829503,3.9932324e-06,-4.9999895,-1.4,-6.0829087e-13,0.00011112499,-0.00015000785,0.00010000245,0.0003000333,0.0003000333,-0.00030005796,-0.00030005796,0.00014103955,2.9914552e-05,2.9971654e-09,5.0002403e-05,-0.002929809,0.0030296373,0.0,-2e-09,-0.00010000245,2.8e-09,0.0,2.1838881e-14,0.0004999699,-0.00049996685,-2.9936307e-09,2e-09,1.999998e-09,0.0005155028,-0.00046551245,-5.0004404e-05,0.0,-9.804774e-14,0.00023391352,-0.00068393035,0.00045004717,0.0,2.54372e-13,0.0008000023,-0.00019994144,-0.00060009124,0.0,-2.3834835e-13,0.0003073817,-0.0007484649,0.00044109745,0.0,7.986464e-15,0.00057187607,-0.00043084257,-0.00014103952,-6.000412e-09,-2.8e-09,1.1627933e-06,-9.786684e-07,-4.869365e-17
0.07500263507587372,5.0,-5.0,0.0,1.0,-3.8982937e-05,0.999999,-2.9999025,1.4395921e-05,2.0,2.9997315,-8.54482e-05,-1.4097357,9.399526e-05,0.5982718,-4.2276306e-06,-4.9999895,-1.4,-6.0827564e-13,0.000111059315,-0.00014999583,9.999928e-05,0.0002999817,0.0002999817,-0.00029996375,-0.00029996375,0.00014097313,2.9913803e-05,-2.668942e-09,4.999923e-05,-0.00292981,0.0030296347,0.0,-2e-09,-9.9999284e-05,2.8e-09,0.0,-7.7965825e-14,0.000499967,-0.0004999697,2.6721894e-09,2e-09,1.999998e-09,0.00051550113,-0.00046551396,-5.000123e-05,0.0,2.8791842e-14,0.00023395149,-0.0006839047,0.00044998352,0.0,-1.7089645e-13,0.0007999373,-0.00020002226,-0.0005999454,0.0,1.8799053e-13,0.00030745156,-0.0007483741,0.00044093677,0.0,-8.455262e-15,0.0005718385,-0.00043087147,-0.00014097309,-5.999805e-09,-2.8e-09,1.1627931e-06,-9.786686e-07,-5.01108e-19
0.07500300108132756,5.0,-5.0,0.0,1.0,2.0522819e-05,0.999999,-2.9999976,5.5179676e-06,2.0,3.0000386,2.0585823e-05,-1.4100584,-2.7351867e-05,0.59828407,4.6951e-07,-4.9999895,-1.4,-6.0828317e-13,0.000111091715,-0.00015000015,9.999972e-05,0.00030000182,0.00030000182,-0.0003000066,-0.0003000066,0.00014100588,2.991418e-05,7.5024315e-10,4.9999675e-05,-0.0029298118,0.0030296373,0.0,-2e-09,-9.999973e-05,2.8e-09,0.0,4.104567e-14,0.0004999687,-0.000499968,-7.532062e-10,2e-09,1.999998e-09,0.00051550136,-0.00046551373,-5.0001672e-05,0.0,1.10359355e-14,0.00023393879,-0.00068391644,0.00045000797,0.0,4.1171615e-14,0.00079996535,-0.00019998728,-0.0006000084,0.0,-5.470373e-14,0.00030741774,-0.00074841594,0.00044101244,0.0,9.390198e-16,0.00057185703,-0.0004308572,-0.00014100586,-5.999995e-09,-2.8e-09,1.1627931e-06,-9.786686e-07,7.393179e-17
0.07500373309223522,5.0,-5.0,0.0,1.0,-8.849737e-06,0.999999,-2.9999852,1.2195754e-06,2.0,2.9999628,-1.1149743e-05,-1.409966,1.1301202e-05,0.59828025,-9.482247e-07,-4.9999895,-1.4,-6.08281e-13,0.00011108246,-0.00014999932,9.999994e-05,0.00029999742,0.00029999742,-0.00029999515,-0.00029999515,0.0001409965,2.991406e-05,-5.03466e-10,4.999989e-05,-0.0029298104,0.0030296363,0.0,-2e-09,-9.999994e-05,2.8e-09,0.0,-1.7699473e-14,0.00049996807,-0.00049996865,5.028317e-10,2e-09,1.999998e-09,0.0005155015,-0.00046551364,-5.0001887e-05,0.0,2.4391476e-15,0.00023394078,-0.00068391324,0.00045000273,0.0,-2.22995e-14,0.0007999584,-0.00019999614,-0.0005999926,0.0,2.2602395e-14,0.00030742725,-0.00074840465,0.0004409917,0.0,-1.8964494e-15,0.00057185174,-0.00043086128,-0.0001409965,-5.9999707e-09,-2.8e-09,1.1627931e-06,-9.786686e-07,6.9356255e-17
0.07500519711405054,5.0,-5.0,0.0,1.0,4.116989e-06,0.999999,-2.9999871,3.9804436e-06,2.0,2.9999878,3.8856282e-07,-1.4099983,-2.6876926e-06,0.5982814,-4.631565e-07,-4.9999895,-1.4,-6.0828176e-13,0.00011108569,-0.00014999956,9.99998e-05,0.00029999876,0.00029999876,-0.00029999908,-0.00029999908,0.00014099978,2.9914092e-05,6.8266872e-12,4.999975e-05,-0.0029298111,0.0030296366,0.0,-2e-09,-9.99998e-05,2.8e-09,0.0,8.233973e-15,0.00049996836,-0.00049996836,-5.6060343e-12,2e-09,1.999998e-09,0.00051550136,-0.0004655137,-5.0001752e-05,0.0,7.960881e-15,0.00023394034,-0.00068391435,0.0004500043,0.0,7.7711996e-16,0.0007999607,-0.00019999317,-0.0005999978,0.0,-5.375393e-15,0.00030742394,-0.0007484085,0.00044099885,0.0,-9.263129e-16,0.0005718536,-0.00043085986,-0.00014099978,-5.9999743e-09,-2.8e-09,1.1627931e-06,-9.786686e-07,1.6014993e-17
0.07595477043202528,5.0,-5.0,0.0,1.0,1.0251856e-07,0.999999,-2.9999866,3.0725346e-06,2.0,2.999981,-3.0037752e-06,-1.4099889,1.4064345e-06,0.59828097,-6.045435e-07,-4.9999895,-1.4,-6.0828155e-13,0.00011108475,-0.0001499995,9.9999845e-05,0.00029999838,0.00029999838,-0.00029999792,-0.00029999792,0.00014099883,2.9914077e-05,-1.4850056e-10,4.9999795e-05,-0.002929811,0.0030296366,0.0,-2e-09,-9.9999845e-05,2.8e-09,0.0,2.0504661e-16,0.0004999683,-0.0004999684,1.4838485e-10,2e-09,1.999998e-09,0.0005155014,-0.00046551367,-5.0001796e-05,0.0,6.1450716e-15,0.00023394045,-0.00068391406,0.0004500039,0.0,-6.0075524e-15,0.00079996,-0.00019999403,-0.0005999963,0.0,2.812872e-15,0.0003074249,-0.00074840744,0.00044099678,0.0,-1.209087e-15,0.0005718531,-0.00043086027,-0.00014099883,-5.999974e-09,-2.8e-09,1.1627931e-06,-9.786686e-07,-7.711438e-17
0.07690434375000002,5.0,-5.0,0.0,1.0,-5.418076e-06,0.999999,-2.9999871,1.6220669e-06,2.0,2.999973,-7.07274e-06,-1.4099782,6.168181e-06,0.59828055,-7.593387e-07,-4.9999895,-1.4,-6.082813e-13,0.00011108368,-0.00014999943,9.999992e-05,0.000299998,0.000299998,-0.0002999967,-0.0002999967,0.00014099776,2.9914067e-05,-3.520073e-10,4.9999868e-05,-0.0029298107,0.0030296363,0.0,-2e-09,-9.999992e-05,2.8e-09,0.0,-1.0836158e-14,0.0004999682,-0.00049996853,3.5062042e-10,2e-09,1.999998e-09,0.0005155015,-0.00046551367,-5.000187e-05,0.0,3.2441317e-15,0.00023394049,-0.00068391365,0.00045000346,0.0,-1.4145473e-14,0.00079995935,-0.00019999497,-0.0005999947,0.0,1.23363615e-14,0.000307426,-0.00074840616,0.00044099442,0.0,-1.5186775e-15,0.00057185243,-0.00043086073,-0.00014099776,-5.999974e-09,-2.8e-09,1.1627931e-06,-9.786686e-07,-1.4750338e-17
0.07696734375000008,5.0,-5.0,0.0,1.0,-4.809505e-06,0.999999,-2.9999876,1.6780954e-06,2.0,2.999975,-6.2213826e-06,-1.4099809,5.000779e-06,0.59828067,-7.129503e-07,-4.9999895,-1.4,-6.082814e-13,0.00011108395,-0.00014999945,9.999992e-05,0.00029999812,0.00029999812,-0.000299997,-0.000299997,0.00014099802,2.9914068e-05,-3.2438052e-10,4.9999864e-05,-0.0029298107,0.0030296366,0.0,-2e-09,-9.999992e-05,2.8e-09,0.0,-9.619024e-15,0.0004999682,-0.00049996853,3.2169423e-10,2e-09,1.999998e-09,0.0005155015,-0.00046551367,-5.0001865e-05,0.0,3.3561908e-15,0.00023394043,-0.0006839137,0.0004500036,0.0,-1.2442756e-14,0.0007999595,-0.00019999473,-0.00059999514,0.0,1.00015524e-14,0.0003074257,-0.00074840646,0.00044099503,0.0,-1.4259006e-15,0.0005718526,-0.00043086061,-0.00014099802,-5.999975e-09,-2.8e-09,1.1627931e-06,-9.786686e-07,5.673815e-17
0.07698310937499943,5.0,-5.0,0.0,1.0,-2.1360331e-06,0.999999,-2.9999874,2.386914e-06,2.0,2.9999788,-4.2554416e-06,-1.4099861,2.6640366e-06,0.5982809,-6.36652e-07,-4.9999895,-1.4,-6.082815e-13,0.000111084475,-0.00014999948,9.999988e-05,0.00029999833,0.00029999833,-0.00029999763,-0.00029999763,0.00014099856,2.9914076e-05,-2.2614755e-10,4.999983e-05,-0.002929811,0.0030296366,0.0,-2e-09,-9.999988e-05,2.8e-09,0.0,-4.2720848e-15,0.00049996824,-0.0004999685,2.2422969e-10,2e-09,1.999998e-09,0.0005155014,-0.00046551364,-5.000183e-05,0.0,4.7738286e-15,0.00023394042,-0.00068391394,0.0004500038,0.0,-8.510883e-15,0.0007999599,-0.00019999428,-0.00059999595,0.0,5.3280744e-15,0.0003074252,-0.0007484071,0.00044099617,0.0,-1.273304e-15,0.0005718529,-0.00043086038,-0.00014099856,-5.9999743e-09,-2.8e-09,1.1627931e-06,-9.786686e-07,-4.755546e-17
0.07699887499999877,5.0,-5.0,0.0,1.0,1.1056909e-06,0.99999905,-2.9999866,3.3835847e-06,2.0,2.9999814,-2.5122074e-06,-1.4099897,1.033379e-06,0.59828097,-5.9881734e-07,-4.9999895,-1.4,-6.0828155e-13,0.00011108484,-0.0001499995,9.999983e-05,0.00029999838,0.00029999838,-0.00029999806,-0.00029999806,0.00014099892,2.991408e-05,-1.1389475e-10,4.999978e-05,-0.002929811,0.0030296366,0.0,-2e-09,-9.999983e-05,2.8e-09,0.0,2.2113839e-15,0.0004999683,-0.0004999684,1.1475657e-10,2e-09,1.999998e-09,0.0005155014,-0.0004655137,-5.000178e-05,0.0,6.7671707e-15,0.00023394046,-0.00068391406,0.00045000392,0.0,-5.0244165e-15,0.00079996005,-0.00019999394,-0.0005999964,0.0,2.0667572e-15,0.0003074248,-0.0007484075,0.00044099698,0.0,-1.1976347e-15,0.0005718531,-0.00043086024,-0.00014099892,-5.999973e-09,-2.8e-09,1.1627931e-06,-9.786686e-07,5.1973564e-17
0.07699987499999877,5.0,-5.0,0.0,1.0,-3.2616124e-05,0.999999,-2.999997,-7.617201e-06,2.0,2.9999604,-1.817929e-05,-1.4099641,1.1806234e-05,0.59828025,-7.1005934e-07,-4.9999895,-1.4,-6.08281e-13,0.000111082285,-0.00014999945,0.00010000038,0.00029999786,0.00029999786,-0.00029999486,-0.00029999486,0.00014099634,2.9914048e-05,-1.2499464e-09,5.000033e-05,-0.00292981,0.0030296359,0.0,-2e-09,-0.00010000038,2.8e-09,0.0,-6.523225e-14,0.0004999677,-0.000499969,1.2500008e-09,2e-09,1.999998e-09,0.0005155017,-0.00046551344,-5.000233e-05,0.0,-1.52344e-14,0.0002339396,-0.00068391266,0.00045000334,0.0,-3.635858e-14,0.00079995894,-0.00019999653,-0.00059999275,0.0,2.3612468e-14,0.00030742746,-0.0007484044,0.00044099122,0.0,-1.4201186e-15,0.0005718517,-0.00043086134,-0.00014099634,-5.9999934e-09,-2.8e-09,1.1627931e-06,-9.786686e-07,3.2881114e-17
0.07700025000000249,5.0,-5.0,0.0,1.0,1.3949373e-06,0.999999,-2.9999864,3.495979e-06,2.0,2.9999816,-2.393615e-06,-1.4099901,9.1111315e-07,0.59828097,-5.992858e-07,-4.9999895,-1.4,-6.082816e-13,0.00011108486,-0.00014999948,9.999982e-05,0.0002999984,0.0002999984,-0.00029999806,-0.00029999806,0.00014099895,2.991408e-05,-1.05052196e-10,4.9999777e-05,-0.002929811,0.0030296363,0.0,-2e-09,-9.999982e-05,2.8e-09,0.0,2.7898686e-15,0.0004999683,-0.0004999684,1.04855576e-10,2e-09,1.999998e-09,0.0005155014,-0.0004655137,-5.0001778e-05,0.0,6.991957e-15,0.00023394047,-0.0006839141,0.0004500039,0.0,-4.787231e-15,0.00079996005,-0.00019999393,-0.0005999965,0.0,1.8222264e-15,0.00030742478,-0.00074840756,0.000440997,0.0,-1.1985715e-15,0.00057185313,-0.0004308602,-0.00014099895,-5.999973e-09,-2.8e-09,1.1627931e-06,-9.786686e-07,6.687061e-18
0.07700049999999506,5.0,-5.0,0.0,1.0,-5.0743006e-06,0.999999,-2.9999886,1.3391694e-06,2.0,2.9999785,-4.99062e-06,-1.4099872,1.8191996e-06,0.59828097,-5.712449e-07,-4.9999895,-1.4,-6.0828155e-13,0.00011108459,-0.0001499995,9.999993e-05,0.00029999836,0.00029999836,-0.0002999977,-0.0002999977,0.00014099867,2.9914076e-05,-3.2067363e-10,4.9999882e-05,-0.002929811,0.0030296363,0.0,-2e-09,-9.999993e-05,2.8e-09,0.0,-1.0148609e-14,0.0004999682,-0.00049996853,3.2055023e-10,2e-09,1.999998e-09,0.0005155015,-0.00046551364,-5.0001883e-05,0.0,2.6783385e-15,0.00023394029,-0.0006839139,0.00045000386,0.0,-9.98124e-15,0.00079996,-0.00019999429,-0.000599996,0.0,3.6383995e-15,0.00030742507,-0.00074840715,0.00044099634,0.0,-1.1424899e-15,0.00057185296,-0.00043086032,-0.00014099867,-5.999977e-09,-2.8e-09,1.1627931e-06,-9.786686e-07,2.8133495e-17
0.07700075064935694,5.0,-5.0,0.0,1.1246647,-0.00046989962,1.0059423,-3.0001872,0.0013169422,2.0,2.999827,-0.00019171895,-1.4100348,-8.265068e-05,0.5982873,2.212565e-06,-4.9999895,-1.4,-6.0828155e-13,0.00011108959,-0.00015007597,9.9933925e-05,0.00030000124,0.00030000124,-0.00029999105,-0.00029999105,0.00014100432,2.9914077e-05,-8.9342095e-08,5.0231076e-05,-0.002930127,0.0030298939,0.0,-2.2493374e-09,-9.9933925e-05,2.8e-09,0.0,-9.397991e-13,0.0004999216,-0.00050001475,8.934162e-08,2.2493374e-09,2.01188e-09,0.0005158728,-0.00046565107,-5.0232826e-05,0.0,2.633884e-12,0.00023393522,-0.0006839911,0.00045008204,0.0,-3.8343794e-13,0.00079995923,-0.00019999806,-0.0005999951,0.0,-1.6530129e-13,0.00030742222,-0.0007484008,0.0004409956,0.0,4.425127e-15,0.0005718587,-0.00043085744,-0.00014100432,-6.000389e-09,-2.8e-09,1.1627931e-06,-9.786671e-07,-3.9779464e-13
0.07700100129871881,5.0,-5.0,0.0,0.9987013,-5.3102987e-05,0.9999391,-3.000004,-2.9479357e-05,2.0,2.9999611,-2.1346801e-05,-1.4099882,-4.363389e-06,0.5982814,-1.3880023e-07,-4.9999895,-1.4,-6.0828155e-13,0.00011108473,-0.00014999873,0.000100001474,0.00029999827,0.00029999827,-0.00029999655,-0.00029999655,0.0001409988,2.9914077e-05,-1.1811815e-09,4.999843e-05,-0.0029298062,0.0030296333,0.0,-1.9974025e-09,-0.000100001474,2.8e-09,0.0,-1.0620598e-13,0.0004999678,-0.00049996894,1.1812877e-09,1.9974025e-09,1.9998783e-09,0.0005154981,-0.00046551175,-5.000043e-05,0.0,-5.895871e-14,0.0002339386,-0.00068391126,0.000450003,0.0,-4.26936e-14,0.0007999607,-0.0001999962,-0.0005999948,0.0,-8.726779e-15,0.0003074252,-0.0007484063,0.00044099535,0.0,-2.7760044e-16,0.000571853,-0.00043086027,-0.0001409988,-6.000008e-09,-2.8e-09,1.1627931e-06,-9.786686e-07,-4.397894e-17
0.07700100259747725,5.0,-5.0,0.0,0.99740255,-4.9110407e-05,0.9997628,-2.9999983,-7.119679e-05,2.0,2.9999623,-1.797113e-05,-1.4099877,-3.6774659e-06,0.5982814,-1.6356874e-07,-4.9999895,-1.4,-6.0828155e-13,0.000111084686,-0.00014999635,0.000100003555,0.00029999804,0.00029999804,-0.0002999966,-0.0002999966,0.00014099876,2.9914077e-05,1.104319e-09,4.9991697e-05,-0.0029298032,0.0030296324,0.0,-1.994805e-09,-0.000100003555,2.8e-09,0.0,-9.8220816e-14,0.0004999689,-0.00049996783,-1.1042188e-09,1.994805e-09,1.9995254e-09,0.0005154946,-0.00046551498,-4.9993698e-05,0.0,-1.4239358e-13,0.0002339384,-0.00068390847,0.0004500004,0.0,-3.594226e-14,0.00079996034,-0.00019999602,-0.0005999947,0.0,-7.354932e-15,0.00030742522,-0.00074840634,0.00044099538,0.0,-3.271375e-16,0.000571853,-0.0004308603,-0.00014099876,-5.999997e-09,-2.8e-09,1.1627931e-06,-9.786686e-07,-1.1979517e-17
0.07700100519499412,5.0,-5.0,0.0,0.994805,-4.225169e-05,0.9991127,-2.9999647,-0.00022359093,2.0,2.9999623,-1.1773795e-06,-1.409987,-3.1628972e-06,0.5982813,-2.0844057e-07,-4.9999895,-1.4,-6.0828155e-13,0.000111084606,-0.00014998706,0.00010001118,0.00029999638,0.00029999638,-0.00029999658,-0.00029999658,0.00014099869,2.9914076e-05,9.066962e-09,4.9966813e-05,-0.0029297997,0.0030296366,0.0,-1.98961e-09,-0.00010001118,2.8e-09,0.0,-8.450338e-14,0.0004999729,-0.0004999638,-9.066807e-09,1.98961e-09,1.9982254e-09,0.0005154887,-0.00046553387,-4.9968814e-05,0.0,-4.471819e-13,0.00023393882,-0.00068389793,0.00044998943,0.0,-2.3547607e-15,0.00079995836,-0.00019999576,-0.0005999929,0.0,-6.3257945e-15,0.00030742527,-0.0007484063,0.00044099524,0.0,-4.1688114e-16,0.00057185296,-0.00043086032,-0.00014099869,-5.9999294e-09,-2.8e-09,1.1627931e-06,-9.786686e-07,-2.8208245e-17
0.07700101039002785,5.0,-5.0,0.0,0.98960996,-3.192197e-05,0.9968998,-2.9997497,-0.0007204359,2.0,2.9999342,9.232734e-05,-1.4099835,-9.758971e-06,0.5982812,-2.3990268e-07,-4.9999895,-1.4,-6.0828144e-13,0.00011108425,-0.00014995146,0.00010003602,0.0002999842,0.0002999842,-0.0002999944,-0.0002999944,0.00014099832,2.9914072e-05,3.4425696e-08,4.988101e-05,-0.0029298016,0.003029663,0.0,-1.97922e-09,-0.00010003602,2.8e-09,0.0,-6.3843936e-14,0.00049998553,-0.00049995113,-3.4424048e-08,1.97922e-09,1.9937996e-09,0.00051547925,-0.0004656102,-4.988301e-05,0.0,-1.4408718e-12,0.00023395005,-0.00068386144,0.00044994167,0.0,1.8465467e-13,0.00079994515,-0.0001999969,-0.0005999786,0.0,-1.9517941e-14,0.00030742594,-0.0007484044,0.00044099274,0.0,-4.7980536e-16,0.0005718528,-0.00043086047,-0.00014099832,-5.999499e-09,-2.8e-09,1.1627928e-06,-9.786688e-07,-4.34932e-17
0.07700102078009533,5.0,-5.0,0.0,0.9792199,-1.9447694e-05,0.99019283,-2.9985087,-0.002083775,2.0,2.9996047,0.0005480059,-1.4099331,-8.084409e-05,0.59828067,3.8284054e-07,-4.9999895,-1.4,-6.082803e-13,0.000111079324,-0.00014982124,0.00010010419,0.00029990566,0.00029990566,-0.00029996855,-0.00029996855,0.00014099335,2.9914016e-05,1.0321635e-07,4.961383e-05,-0.0029298377,0.0030297674,0.0,-1.9584399e-09,-0.000100104175,2.8e-09,0.0,-3.8895387e-14,0.00050001993,-0.0004999167,-1.0320029e-07,1.9584399e-09,1.9803856e-09,0.0005154629,-0.00046586094,-4.961587e-05,0.0,-4.1675496e-12,0.00023404305,-0.0006837457,0.00044973294,0.0,1.0960117e-12,0.00079986465,-0.00020002073,-0.00059987424,0.0,-1.6168817e-13,0.00030743447,-0.00074838207,0.00044096189,0.0,7.6568115e-16,0.00057184993,-0.00043086262,-0.00014099335,-5.997017e-09,-2.8e-09,1.1627915e-06,-9.786701e-07,-1.4848805e-17
0.07700104156023027,5.0,-5.0,0.0,0.95843977,-8.713764e-06,0.9726237,-2.9925795,-0.0049910527,2.0,2.9969833,0.0022019441,-1.4093225,-0.00050361216,0.59827304,6.6488483e-06,-4.9999895,-1.4,-6.0826637e-13,0.0001110196,-0.00014937941,0.00010024955,0.00029947812,0.00029947812,-0.0002997487,-0.0002997487,0.00014093291,2.9913319e-05,2.4911694e-07,4.8880735e-05,-0.0029300167,0.0030300915,0.0,-1.9168795e-09,-0.0001002495,2.8e-09,0.0,-1.7427528e-14,0.0005000929,-0.00049984385,-2.490575e-07,1.9168795e-09,1.9452473e-09,0.00051541696,-0.00046654773,-4.8882914e-05,0.0,-9.982105e-12,0.00023456376,-0.0006833973,0.00044886372,0.0,4.4038883e-12,0.00079944317,-0.00020024652,-0.0005992269,0.0,-1.0072243e-12,0.00030752155,-0.00074818893,0.00044068164,0.0,1.3297697e-14,0.00057181553,-0.00043088864,-0.00014093293,-5.985159e-09,-2.8e-09,1.1627856e-06,-9.78676e-07,-2.9368856e-17
0.07700108312050016,5.0,-5.0,0.0,0.9168795,-2.9056614e-06,0.9326673,-2.9702144,-0.009387433,2.0,2.9825106,0.0061480105,-1.4046648,-0.0019623882,0.59819525,3.5919937e-05,-4.9999895,-1.4,-6.0815903e-13,0.00011056225,-0.00014804135,0.00010046937,0.00029763626,0.00029763626,-0.0002984473,-0.00029844732,0.00014047007,2.9907966e-05,4.6922634e-07,4.7102738e-05,-0.0029306356,0.0030309297,0.0,-1.833759e-09,-0.000100469355,2.8e-09,0.0,-5.811323e-15,0.00050020305,-0.00049973384,-4.692103e-07,1.833759e-09,1.8653346e-09,0.00051524304,-0.000468151,-4.7105066e-05,0.0,-1.8774865e-11,0.0002366956,-0.00068235025,0.00044568465,0.0,1.2296021e-11,0.00079765456,-0.0002016001,-0.00059608463,0.0,-3.9247763e-12,0.0003081239,-0.00074702763,0.00043891792,0.0,7.183987e-14,0.00057155255,-0.00043108838,-0.0001404702,-5.940429e-09,-2.8e-09,1.1627633e-06,-9.786984e-07,-4.8230797e-17
0.07700116624103995,5.0,-5.0,0.0,0.83375895,-8.871273e-07,0.8498276,-2.904303,-0.013618988,2.0,2.9276068,0.01165172,-1.3828274,-0.0046613147,0.5977473,0.00010466973,-4.9999895,-1.4,-6.076418e-13,0.000108411485,-0.00014453422,0.00010068095,0.0002915955,0.0002915955,-0.0002932268,-0.00029322683,0.00013829321,2.9882132e-05,6.8090503e-07,4.3172327e-05,-0.0029322428,0.0030327481,0.0,-1.6675179e-09,-0.00010068112,2.8e-09,0.0,-1.7742546e-15,0.00050030905,-0.0004996279,-6.810775e-07,1.6675179e-09,1.6996551e-09,0.00051463954,-0.00047147696,-4.3174492e-05,0.0,-2.7237976e-11,0.00024324146,-0.00067935005,0.0004361379,0.0,2.330344e-11,0.00079175265,-0.00020695732,-0.00058482494,0.0,-9.3226295e-12,0.0003108175,-0.000742325,0.00043152145,0.0,2.0933945e-13,0.0005703198,-0.00043203228,-0.00013829357,-5.8086065e-09,-2.8e-09,1.1626973e-06,-9.787642e-07,-2.2506195e-17
0.07700133248211952,5.0,-5.0,0.0,0.6675179,-1.2217316e-07,0.68357474,-2.747,-0.015856203,2.0,2.778107,0.015553284,-1.3161333,-0.0070904763,0.59617084,0.00018689538,-4.9999895,-1.4,-6.059821e-13,0.00010183362,-0.0001365572,0.00010079281,0.00027625533,0.00027625536,-0.00027851973,-0.00027851976,0.00013163203,2.9799196e-05,7.9280403e-07,3.4971545e-05,-0.0029354782,0.0030360944,0.0,-1.3350357e-09,-0.00010079296,2.8e-09,0.0,-2.4434632e-16,0.000500365,-0.000499572,-7.9295256e-07,1.3350357e-09,1.3671494e-09,0.00051284145,-0.00047787794,-3.4973094e-05,0.0,-3.1712407e-11,0.00025903658,-0.0006718287,0.00041281985,0.0,3.110657e-11,0.00077658414,-0.00022183431,-0.0005547779,0.0,-1.4180953e-11,0.00031892155,-0.0007290621,0.00041015394,0.0,3.7379076e-13,0.0005665669,-0.00043494016,-0.00013163273,-5.494e-09,-2.8e-09,1.1625401e-06,-9.789215e-07,4.2521137e-18
0.0770015701572688,5.0,-5.0,0.0,0.42984274,-1.4185689e-08,0.4458991,-2.5105042,-0.016151136,2.0,2.5428052,0.016150285,-1.206228,-0.0075575174,0.593315,0.00022569152,-4.9999895,-1.4,-6.03086e-13,9.099227e-05,-0.00012471766,0.000100807556,0.00025266546,0.0002526655,-0.00025503626,-0.00025503628,0.000120645374,2.9654464e-05,8.075561e-07,2.3102511e-05,-0.0029395022,0.0030401314,0.0,-8.596855e-10,-0.00010080761,2.8e-09,0.0,-2.837138e-17,0.0005003723,-0.00049956475,-8.076092e-07,8.596855e-10,8.917982e-10,0.00050953496,-0.00048643773,-2.3103457e-05,0.0,-3.2302272e-11,0.0002826256,-0.0006599897,0.0003773895,0.0,3.2300572e-11,0.0007530874,-0.00024540807,-0.00050770503,0.0,-1.5115034e-11,0.00033230806,-0.0007079808,0.00037568496,0.0,4.5138304e-13,0.00056041166,-0.00043977107,-0.000120646575,-5.0210085e-09,-2.8e-09,1.1623036e-06,-9.791581e-07,8.350767e-17
0.07700166069534278,5.0,-5.0,0.0,0.33930466,-1.7895362e-08,0.35536104,-2.419891,-0.01613235,2.0,2.4521234,0.016116,-1.1635708,-0.007532432,0.59210736,0.00023466749,-4.9999895,-1.4,-6.018705e-13,8.678778e-05,-0.000120187935,0.00010080662,0.00024360072,0.00024360075,-0.00024596558,-0.0002459656,0.00011638054,2.9593635e-05,8.0661664e-07,1.857467e-05,-0.0029407064,0.0030413338,0.0,-6.7860934e-10,-0.00010080665,2.8e-09,0.0,-3.5790725e-17,0.00050037185,-0.0004995652,-8.0665046e-07,6.7860934e-10,7.107221e-10,0.00050799095,-0.0004894205,-1.8575414e-05,0.0,-3.22647e-11,0.00029151878,-0.0006552887,0.00036379433,0.0,3.2232002e-11,0.00074404635,-0.00025450272,-0.00048956845,0.0,-1.5064864e-11,0.00033757763,-0.00069991406,0.00036234825,0.0,4.6933497e-13,0.00055803865,-0.0004416633,-0.00011638131,-4.839782e-09,-2.8e-09,1.1622129e-06,-9.792487e-07,1.1431329e-16
0.07700200000000001,5.0,-5.0,0.0,0.0,2.7714382e-08,0.01606674,-2.0805855,-0.016129542,2.0,2.1129048,0.016159464,-1.0042014,-0.007575593,0.58702797,0.000282081,-4.9999895,-1.4,-5.967445e-13,7.111115e-05,-0.0001032228,0.00010080648,0.0002096745,0.00020967453,-0.00021204805,-0.00021204806,0.00010044836,2.9337294e-05,8.0647845e-07,1.609814e-06,-0.0029435265,0.003044151,0.0,0.0,-0.00010080648,2.8e-09,0.0,5.5428764e-17,0.00050037174,-0.00049956527,-8.064787e-07,0.0,3.213348e-11,0.00050077063,-0.00049916096,-1.6098464e-06,0.0,-3.225908e-11,0.00032403241,-0.0006369129,0.00031290148,0.0,3.231893e-11,0.0007102188,-0.0002885176,-0.0004217226,0.0,-1.5151186e-11,0.0003577071,-0.00067019335,0.00031249644,0.0,5.64162e-13,0.0005492639,-0.00044882143,-0.00010044838,-4.161171e-09,-2.8e-09,1.1618729e-06,-9.795908e-07,-6.049721e-18
0.07700201810761481,5.0,-5.0,0.0,0.0,9.172312e-07,0.00904299,-2.0654376,-0.014098274,2.0,2.0960088,0.0152853895,-0.9959649,-0.007374677,0.5867281,0.00028068048,-4.9999895,-1.4,-5.9644694e-13,7.030222e-05,-0.00010256696,0.000100704914,0.00020807229,0.00020807232,-0.00021033833,-0.00021033834,9.962456e-05,2.932237e-05,7.049595e-07,1.1570631e-06,-0.0029436925,0.0030442155,0.0,0.0,-0.000100704914,2.8e-09,0.0,1.8344622e-15,0.000500321,-0.00049961597,-7.049596e-07,0.0,1.808598e-11,0.0005005457,-0.0004993887,-1.1570813e-06,0.0,-2.8196546e-11,0.00032548961,-0.0006361122,0.0003106434,0.0,3.057078e-11,0.00070860377,-0.0002902143,-0.00041841067,0.0,-1.4749355e-11,0.00035875622,-0.00066870905,0.00030996292,0.0,5.61361e-13,0.0005488144,-0.00044919577,-9.9624565e-05,-4.130875e-09,-2.8e-09,1.1618577e-06,-9.796066e-07,-6.4778294e-17
0.0770020543228444,5.0,-5.0,0.0,0.0,1.79826e-06,0.0023065887,-2.0421484,-0.009959893,2.0,2.0672975,0.0125743775,-0.98120123,-0.006511181,0.58616596,0.0002616091,-4.9999895,-1.4,-5.9590435e-13,6.885107e-05,-0.000101609425,0.00010049799,0.00020547227,0.0002054723,-0.00020738086,-0.00020738086,9.814629e-05,2.9295217e-05,4.980846e-07,6.133241e-07,-0.0029439891,0.0030443054,0.0,0.0,-0.00010049799,2.8e-09,0.0,3.5965197e-15,0.0005002175,-0.0004997194,-4.980846e-07,0.0,4.6131775e-12,0.0005002748,-0.00049966155,-6.133287e-07,0.0,-1.9919788e-11,0.00032777496,-0.0006348401,0.00030708578,0.0,2.5148755e-11,0.0007059384,-0.00029310616,-0.00041285314,0.0,-1.3022363e-11,0.00036061255,-0.00066612975,0.00030552715,0.0,5.232182e-13,0.00054800906,-0.00044986873,-9.814629e-05,-4.0842965e-09,-2.8e-09,1.1618339e-06,-9.796314e-07,-4.9276423e-17
0.07700212675330359,5.0,-5.0,0.0,0.0,1.4862113e-06,-8.366463e-05,-2.017719,-0.0044502737,2.0,2.0318525,0.0070666005,-0.9611001,-0.0041696737,0.5853337,0.00018524876,-4.9999895,-1.4,-5.9514844e-13,6.6871115e-05,-0.00010066344,0.00010022252,0.00020247858,0.00020247858,-0.0002036022,-0.00020360222,9.612854e-05,2.9257422e-05,2.2258799e-07,2.1833044e-07,-0.0029443349,0.0030443757,0.0,0.0,-0.00010022252,2.8e-09,0.0,2.9724226e-15,0.00050007965,-0.00049985707,-2.2258799e-07,0.0,-1.6732926e-13,0.00050007756,-0.0004998592,-2.1833027e-07,0.0,-8.900547e-12,0.00033026098,-0.00063338666,0.00030314602,0.0,1.4133201e-11,0.00070276164,-0.0002967014,-0.0004060808,0.0,-8.3393474e-12,0.00036308094,-0.00066280196,0.00029973075,0.0,3.704975e-13,0.0005469124,-0.00045078972,-9.612854e-05,-4.035438e-09,-2.8e-09,1.1618085e-06,-9.796596e-07,1.5879715e-17
0.07700227161422196,5.0,-5.0,0.0,0.0,3.2663178e-07,1.6636366e-05,-2.003063,-0.00076149177,2.0,2.0062654,0.0016011839,-0.94465554,-0.0011637984,0.58457667,6.04488e-05,-4.9999895,-1.4,-5.945162e-13,6.524579e-05,-0.000100115074,0.00010003807,0.00020046641,0.00020046643,-0.00020074291,-0.00020074291,9.4471594e-05,2.9225812e-05,3.8090917e-08,3.8906403e-08,-0.0029445346,0.003044391,0.0,0.0,-0.00010003807,2.8e-09,0.0,6.532635e-16,0.0004999874,-0.0004999493,-3.8090917e-08,0.0,3.3272728e-14,0.0004999878,-0.0004999489,-3.8906435e-08,0.0,-1.5229835e-12,0.00033182482,-0.00063239015,0.0003005855,0.0,3.2023678e-12,0.00070051546,-0.00029932638,-0.00040120934,0.0,-2.3275967e-12,0.00036504332,-0.0006602483,0.0002952145,0.0,1.2089761e-13,0.000546014,-0.0004515483,-9.4471594e-05,-4.0061257e-09,-2.8e-09,1.1617917e-06,-9.796821e-07,4.2084485e-17
0.07700252564542752,5.0,-5.0,0.0,0.0,-1.5424234e-08,-3.064453e-06,-1.9999077,2.2311957e-05,2.0,1.9998,-5.384725e-05,-0.939857,3.3319706e-05,0.5843265,-1.829862e-06,-4.9999895,-1.4,-5.943283e-13,6.4769105e-05,-9.99965e-05,9.9998884e-05,0.00019998538,0.00019998538,-0.00019997667,-0.00019997667,9.3985516e-05,2.9216417e-05,-1.1163691e-09,-1.2688205e-09,-0.0029445677,0.0030443848,0.0,0.0,-9.9998884e-05,2.8e-09,0.0,-3.0848473e-17,0.0004999678,-0.00049996894,1.1163703e-09,0.0,-6.128909e-15,0.0004999677,-0.000499969,1.2688142e-09,0.0,4.4623918e-14,0.0003321775,-0.0006321432,0.00029998587,0.0,-1.0769451e-13,0.0006999427,-0.00030000083,-0.00039996204,0.0,6.6639416e-14,0.000365599,-0.0006595517,0.0002939622,0.0,-3.659724e-15,0.0005457511,-0.0004517715,-9.3985516e-05,-3.999815e-09,-2.8e-09,1.1617856e-06,-9.796966e-07,3.3993503e-17
0.07700282515112043,5.0,-5.0,0.0,0.0,1.5493818e-08,4.6111804e-06,-2.0000265,-5.4714446e-06,2.0,2.000077,2.5322719e-05,-0.94005007,-9.378502e-06,0.5843352,-7.3859627e-07,-4.9999895,-1.4,-5.9433594e-13,6.478814e-05,-0.00010000105,0.000100000274,0.00020000518,0.00020000519,-0.00020000865,-0.00020000865,9.400493e-05,2.9216799e-05,2.7434693e-10,5.041313e-10,-0.0029445663,0.003044385,0.0,0.0,-0.000100000274,2.8e-09,0.0,3.098763e-17,0.0004999685,-0.00049996824,-2.7434477e-10,0.0,9.222362e-15,0.0004999686,-0.0004999681,-5.0415155e-10,0.0,-1.094289e-14,0.00033216362,-0.0006321537,0.00030001023,0.0,5.0645428e-14,0.00069996587,-0.00029997222,-0.00040001384,0.0,-1.8757004e-14,0.00036557636,-0.00065958046,0.0002940136,0.0,-1.477193e-15,0.00054576166,-0.0004517626,-9.400493e-05,-4.000053e-09,-2.8e-09,1.1617833e-06,-9.797052e-07,3.786936e-17
0.07700342416250627,5.0,-5.0,0.0,0.0,-5.8951266e-09,-1.9090232e-06,-1.9999847,3.3549327e-06,2.0,1.9999661,-9.253125e-06,-0.9399809,2.1450335e-06,0.5843329,-3.768173e-07,-4.9999895,-1.4,-5.9433323e-13,6.4781394e-05,-9.99994e-05,9.999983e-05,0.00019999754,0.00019999754,-0.0001999964,-0.0001999964,9.399805e-05,2.9216664e-05,-1.680414e-10,-2.631977e-10,-0.0029445668,0.003044385,0.0,0.0,-9.999983e-05,2.8e-09,0.0,-1.1790258e-17,0.00049996824,-0.0004999684,1.6804175e-10,0.0,-3.818045e-15,0.00049996824,-0.0004999685,2.6322147e-10,0.0,6.709865e-15,0.00033216874,-0.0006321495,0.00030000095,0.0,-1.8506252e-14,0.00069995725,-0.0002999835,-0.00039999394,0.0,4.290066e-15,0.00036558465,-0.00065956963,0.00029399447,0.0,-7.5363544e-16,0.00054575794,-0.00045176575,-9.399805e-05,-3.9999692e-09,-2.8e-09,1.161781e-06,-9.797138e-07,4.3656396e-17
0.079999,5.0,-5.0,0.0,0.0,4.274806e-10,1.4221911e-07,-1.999992,2.0507146e-06,2.0,1.9999883,-1.8498152e-06,-0.93999285,1.1170442e-06,0.58433306,-6.126842e-07,-4.9999895,-1.4,-5.943337e-13,6.4782536e-05,-9.99997e-05,9.9999896e-05,0.000199999,0.000199999,-0.00019999871,-0.00019999871,9.3999224e-05,2.9216684e-05,-1.0251435e-10,-9.542475e-11,-0.0029445668,0.003044385,0.0,0.0,-9.9999896e-05,2.8e-09,0.0,8.5496044e-19,0.0004999683,-0.0004999684,1.0251426e-10,0.0,2.844393e-16,0.0004999683,-0.0004999684,9.54263e-11,0.0,4.101429e-15,0.0003321678,-0.00063215033,0.0003000027,0.0,-3.699629e-15,0.0006999588,-0.0002999813,-0.00039999772,0.0,2.2340873e-15,0.00036558317,-0.0006595716,0.00029399793,0.0,-1.2253683e-15,0.0005457586,-0.00045176523,-9.3999224e-05,-3.999984e-09,-2.8e-09,1.1617791e-06,-9.797212e-07,-1.6251876e-17
0.08,5.0,-5.0,0.0,0.0,9.122455e-08,2.6320533e-05,-1.9999844,1.0516565e-05,2.0,2.0000124,1.3979719e-05,-0.93995994,3.1163574e-05,0.5843292,-3.1119944e-06,-4.9999895,-1.4,-5.943323e-13,6.477907e-05,-9.999974e-05,9.999947e-05,0.00019999983,0.00019999983,-0.00019999812,-0.00019999812,9.399569e-05,2.9216615e-05,-5.212671e-10,7.9019835e-10,-0.0029445668,0.0030443845,0.0,0.0,-9.999947e-05,2.8e-09,0.0,1.824491e-16,0.00049996807,-0.0004999686,5.212668e-10,0.0,5.2641068e-14,0.00049996877,-0.00049996795,-7.9024964e-10,0.0,2.1033133e-14,0.00033216798,-0.0006321514,0.00030000356,0.0,2.795944e-14,0.00069995766,-0.00029997987,-0.00039999795,0.0,6.2327144e-14,0.0003655858,-0.0006595701,0.0002939938,0.0,-6.2239888e-15,0.00054575666,-0.0004517669,-9.399569e-05,-3.999969e-09,-2.8e-09,1.1617791e-06,-9.797212e-07,-1.4536568e-17
0.0800001,5.0,-5.0,0.1,0.0,0.09015508,1.0879426e-05,-2.0616717,0.0071235257,2.0,2.049861,-0.0059052208,-0.9598879,0.0024127157,0.5849976,-8.684123e-05,-4.9999895,-1.4,-5.9508095e-13,6.6725435e-05,-0.00010343976,9.9643825e-05,0.00020557664,0.00020557662,-0.00020474484,-0.00020474482,9.598011e-05,2.925422e-05,4.1515777e-06,-3.5563232e-07,-0.0029445111,0.003043974,-2e-10,0.0,-9.964377e-05,2.8e-09,2e-10,1.8031016e-10,0.00050188706,-0.0004977374,-4.1509525e-06,0.0,2.1758852e-14,0.0004997906,-0.00050014624,3.5568735e-07,0.0,1.42470515e-11,0.00032660563,-0.00063560257,0.00030901775,0.0,-1.18104415e-11,0.0007053466,-0.0002950493,-0.00041031797,0.0,4.8254317e-12,0.00036288222,-0.00066359516,0.00030072266,0.0,-1.7368247e-13,0.0005468372,-0.00045086365,-9.5979485e-05,-4.1233434e-09,-2.8e-09,1.1618423e-06,-9.796549e-07,1.9377114e-17
0.08000030000000001,5.0,-5.0,0.3,0.0,0.28407276,7.106624e-07,-2.2264404,0.014408149,2.0,2.1995568,-0.01344166,-1.0250653,0.005936221,0.5871478,-0.0002075627,-4.9999895,-1.4,-5.973532e-13,7.311774e-05,-0.00011204243,9.927959e-05,0.00022129987,0.00022129984,-0.00021936205,-0.00021936203,0.00010248578,2.9367766e-05,1.3483231e-05,-7.203719e-07,-0.0029432783,0.0030423787,-6e-10,0.0,-9.927956e-05,2.8e-09,6e-10,5.6814553e-10,0.0005056784,-0.0004921991,-1.3483311e-05,0.0,1.4213246e-15,0.0004996083,-0.0005003287,7.2040456e-07,0.0,2.8816295e-11,0.00031120854,-0.00064453116,0.0003333451,0.0,-2.688332e-11,0.0007208303,-0.0002801927,-0.0004406598,0.0,1.1872442e-11,0.00035439106,-0.00067622715,0.00032184646,0.0,-4.1512537e-13,0.0005503998,-0.00044792032,-0.0001024854,-4.4528807e-09,-2.8e-09,1.1620097e-06,-9.794802e-07,2.842454e-17
0.0800006,5.0,-5.0,0.6,0.0,0.5838888,-1.1158587e-07,-2.51839,0.01637456,2.0,2.485569,-0.016410273,-1.1569483,0.0076659666,0.5912188,-0.0002465512,-4.9999895,-1.4,-6.0146533e-13,8.609691e-05,-0.00012673822,9.918127e-05,0.00025019795,0.00025019792,-0.0002477903,-0.00024779027,0.00011567018,2.9573268e-05,2.8375713e-05,-8.1873355e-07,-0.0029391996,0.0030382038,-1.2e-09,0.0,-9.918127e-05,2.8e-09,1.2e-09,1.1677777e-09,0.00051038933,-0.00048202067,-2.8376877e-05,0.0,-2.2317177e-16,0.00049955916,-0.0005003779,8.187335e-07,0.0,3.274912e-11,0.00028288164,-0.00065979746,0.0003769412,0.0,-3.2820545e-11,0.0007496755,-0.00025171236,-0.0004979882,0.0,1.5331932e-11,0.0003378467,-0.0007012955,0.00036346045,0.0,-4.931024e-13,0.000557685,-0.00044202074,-0.00011567018,-5.0367794e-09,-2.8e-09,1.1623048e-06,-9.791755e-07,-1.2248958e-17
0.080001,5.0,-5.0,1.0,0.0,0.9828354,-1.3307199e-06,-2.918121,0.0161781,2.0,2.8872519,-0.01543449,-1.3466959,0.007015191,0.5966,-0.00017835453,-4.9999895,-1.4,-6.0677835e-13,0.00010481284,-0.00014671496,9.919109e-05,0.00029026865,0.00029026862,-0.00028802367,-0.00028802364,0.00013465175,2.9838919e-05,4.8332866e-05,-8.0897155e-07,-0.0029316319,0.003030649,-2e-09,0.0,-9.919109e-05,2.8e-09,2e-09,1.965671e-09,0.0005150267,-0.0004667057,-4.8334834e-05,0.0,-2.6614398e-15,0.00049956405,-0.000500373,8.0897155e-07,0.0,3.23562e-11,0.00024304984,-0.0006800099,0.00043698945,0.0,-3.086898e-11,0.00078990136,-0.00021163822,-0.0005782923,0.0,1.4030382e-11,0.0003146625,-0.0007373243,0.0004226754,0.0,-3.5670905e-13,0.00056826475,-0.000433619,-0.00013465175,-5.836242e-09,-2.8e-09,1.1627079e-06,-9.787627e-07,-2.850647e-17
0.08000104,5.0,-5.0,1.0,0.0,0.9922132,-1.6318261e-06,-2.9442751,0.011983972,2.0,2.9180522,-0.013111383,-1.362127,0.006365634,0.5969816,-0.00016831406,-4.9999895,-1.4,-6.0714964e-13,0.00010633804,-0.00014781296,9.94008e-05,0.00029311638,0.00029311638,-0.00029116866,-0.00029116863,0.00013619587,2.9857494e-05,4.901146e-05,-5.992802e-07,-0.0029309914,0.0030302184,-2e-09,0.0,-9.940092e-05,2.8e-09,2e-09,1.9844266e-09,0.00051516434,-0.0004661662,-4.9012113e-05,0.0,-3.263652e-15,0.0004996689,-0.00050026807,5.9915874e-07,0.0,2.3967946e-11,0.00024023216,-0.00068113505,0.00044093258,0.0,-2.6222765e-11,0.00079277094,-0.00020851799,-0.00058428245,0.0,1.2731267e-11,0.0003128556,-0.000740205,0.00042736312,0.0,-3.3662808e-13,0.0005691368,-0.0004329473,-0.00013619552,-5.8885505e-09,-2.8e-09,1.1627343e-06,-9.787359e-07,-8.331501e-17
0.08000112,5.0,-5.0,1.0,0.0,0.9992148,-1.4494807e-06,-2.976152,0.0057653096,2.0,2.96015,-0.008000906,-1.3848143,0.004391982,0.5975658,-0.00012384076,-4.9999895,-1.4,-6.076895e-13,0.00010858433,-0.00014909587,9.971173e-05,0.0002968151,0.0002968151,-0.0002955758,-0.0002955758,0.00013846904,2.9884483e-05,4.967248e-05,-2.8833793e-07,-0.0029302603,0.003029798,-2e-09,0.0,-9.971182e-05,2.8e-09,2e-09,1.9984299e-09,0.0005153478,-0.00046568827,-4.967359e-05,0.0,-2.8989616e-15,0.00049982424,-0.00050011254,2.8825698e-07,0.0,1.1530619e-11,0.00023670902,-0.00068259414,0.00044591515,0.0,-1.6001811e-11,0.00079655333,-0.00020419408,-0.00059238914,0.0,8.783964e-12,0.0003102411,-0.00074427103,0.0004340439,0.0,-2.4768151e-13,0.00057042204,-0.00043195926,-0.00013846881,-5.952304e-09,-2.8e-09,1.1627665e-06,-9.787027e-07,-6.2971215e-17
0.08000128,5.0,-5.0,1.0,0.0,1.000147,-4.0136808e-07,-2.9967191,0.0008568593,2.0,2.9931242,-0.0017974504,-1.4049326,0.0012488348,0.5981229,-4.0166877e-05,-4.9999895,-1.4,-6.0816304e-13,0.00011058109,-0.0001498788,9.995716e-05,0.00029949218,0.00029949218,-0.00029918755,-0.00029918755,0.00014048924,2.9908153e-05,4.996451e-05,-4.286303e-08,-0.0029298542,0.003029637,-2e-09,0.0,-9.995716e-05,2.8e-09,2e-09,2.0002942e-09,0.00051547936,-0.00046552691,-4.996651e-05,0.0,-8.027362e-16,0.00049994694,-0.0004999898,4.2863032e-08,0.0,1.7137187e-12,0.0002343394,-0.0006836861,0.00044937697,0.0,-3.5949009e-12,0.00079938374,-0.00020073426,-0.0005986797,0.0,2.4976694e-12,0.00030797708,-0.0007476396,0.00043967678,0.0,-8.033376e-14,0.00057156495,-0.00043108172,-0.00014048924,-5.993438e-09,-2.8e-09,1.1627876e-06,-9.786799e-07,2.368695e-17
0.0800015229383608,5.0,-5.0,1.0,0.0,0.9999693,3.6360976e-08,-3.0001743,-5.1247185e-05,2.0,3.0004048,0.000115164046,-1.4102889,-6.71758e-05,0.5982896,1.1195958e-06,-4.9999895,-1.4,-6.082885e-13,0.00011111458,-0.00015000616,0.000100002566,0.00030002894,0.00030002894,-0.0003000472,-0.0003000472,0.000141029,2.9914425e-05,5.000103e-05,2.5641775e-09,-0.0029298086,0.0030296366,-2e-09,0.0,-0.00010000256,2.8e-09,2e-09,1.9999387e-09,0.00051550276,-0.00046551376,-5.0003047e-05,0.0,7.2721954e-17,0.00049996964,-0.0004999671,-2.5607214e-09,0.0,-1.02494375e-13,0.00023391703,-0.00068392785,0.00045004112,0.0,2.3032805e-13,0.00079999404,-0.00019994822,-0.00060007616,0.0,-1.3435161e-13,0.000307392,-0.00074845395,0.0004410762,0.0,2.239192e-15,0.0005718701,-0.00043084717,-0.00014102901,-6.0003487e-09,-2.8e-09,1.1627918e-06,-9.786739e-07,1.0900634e-17
0.0800017861514594,5.0,-5.0,1.0,0.0,1.0000525,-2.946506e-08,-2.9998949,3.9393763e-05,2.0,2.9997702,-6.237873e-05,-1.4098712,1.4158268e-05,0.5982785,-3.43887e-07,-4.9999895,-1.4,-6.082789e-13,0.00011107313,-0.00014999672,9.999803e-05,0.00029998325,0.00029998325,-0.0002999756,-0.0002999756,0.00014098707,2.9913945e-05,5.0000654e-05,-1.9711621e-09,-0.0029298125,0.003029636,-2e-09,0.0,-9.9998026e-05,2.8e-09,2e-09,2.000105e-09,0.0005155006,-0.00046551198,-5.000267e-05,0.0,-5.893012e-17,0.00049996737,-0.00049996935,1.9761066e-09,0.0,7.8787556e-14,0.00023395213,-0.0006839078,0.00044998596,0.0,-1.2475746e-13,0.00079994486,-0.00020001638,-0.0005999588,0.0,2.8316538e-14,0.0003074383,-0.0007483867,0.00044096267,0.0,-6.8777376e-16,0.0005718464,-0.00043086533,-0.00014098707,-5.9997896e-09,-2.8e-09,1.162792e-06,-9.786723e-07,-2.2810111e-17
0.08000223821221601,5.0,-5.0,1.0,0.0,0.9999699,1.1098023e-08,-3.0000143,-1.1057906e-05,2.0,3.00004,1.2939546e-05,-1.4100112,5.244105e-06,0.598281,-1.0241193e-06,-4.9999895,-1.4,-6.082821e-13,0.00011108689,-0.00015000015,0.00010000055,0.00030000272,0.00030000272,-0.00030000348,-0.00030000348,0.000141001,2.9914103e-05,4.999905e-05,5.5344973e-10,-0.0029298104,0.0030296366,-2e-09,0.0,-0.00010000055,2.8e-09,2e-09,1.99994e-09,0.0005155017,-0.00046551472,-5.000104e-05,0.0,2.2196047e-17,0.00049996865,-0.00049996807,-5.5354504e-10,0.0,-2.2115781e-14,0.00023393698,-0.0006839155,0.00045000884,0.0,2.5879091e-14,0.0007999637,-0.00019998793,-0.00060000614,0.0,1.0488215e-14,0.0003074222,-0.0007484124,0.00044100443,0.0,-2.0482385e-15,0.0005718543,-0.00043085933,-0.000141001,-6.0000285e-09,-2.8e-09,1.1627926e-06,-9.786706e-07,-2.1169754e-17
0.08000314233372921,5.0,-5.0,1.0,0.0,1.0000119,-4.0526893e-09,-2.9999776,8.620016e-06,2.0,2.9999616,-7.904956e-06,-1.4099842,-1.5044085e-06,0.598281,-3.94568e-07,-4.9999895,-1.4,-6.0828144e-13,0.00011108431,-0.00014999931,9.999957e-05,0.00029999696,0.00029999696,-0.00029999632,-0.00029999632,0.00014099838,2.9914074e-05,5.0000166e-05,-4.3120352e-10,-0.0029298111,0.0030296366,-2e-09,0.0,-9.999957e-05,2.8e-09,2e-09,2.0000241e-09,0.0005155013,-0.0004655132,-5.0002167e-05,0.0,-8.105377e-18,0.0004999681,-0.0004999686,4.300976e-10,0.0,1.7240053e-14,0.00023394162,-0.00068391365,0.0004500023,0.0,-1.5809912e-14,0.00079995894,-0.00019999596,-0.0005999933,0.0,-3.0088237e-15,0.00030742554,-0.000748406,0.0004409947,0.0,-7.8913555e-16,0.0005718528,-0.00043086044,-0.00014099838,-5.9999548e-09,-2.8e-09,1.1627928e-06,-9.786693e-07,-4.8122764e-17
0.08196006078878476,5.0,-5.0,1.0,0.0,1.0000001,-2.2456585e-10,-2.9999864,3.459628e-06,2.0,2.99998,-3.2092855e-06,-1.409989,1.0546428e-06,0.598281,-5.8517816e-07,-4.9999895,-1.4,-6.0828155e-13,0.000111084766,-0.00014999948,9.999983e-05,0.0002999983,0.0002999983,-0.0002999979,-0.0002999979,0.00014099883,2.9914077e-05,4.9999835e-05,-1.7299258e-10,-0.002929811,0.0030296366,-2e-09,0.0,-9.999983e-05,2.8e-09,2e-09,2.0000004e-09,0.0005155014,-0.00046551364,-5.0001832e-05,0.0,-4.491326e-19,0.00049996824,-0.0004999684,1.729344e-10,0.0,6.9192563e-15,0.00023394052,-0.000683914,0.0004500038,0.0,-6.418565e-15,0.00079996,-0.00019999412,-0.0005999962,0.0,2.1092702e-15,0.00030742493,-0.0007484074,0.00044099672,0.0,-1.1703561e-15,0.0005718531,-0.00043086027,-0.00014099883,-5.9999725e-09,-2.8e-09,1.1627931e-06,-9.786686e-07,-1.9439512e-17
0.08199406078878477,5.0,-5.0,1.0,0.0,0.9999993,3.7107598e-11,-2.9999871,3.066394e-06,2.0,2.9999812,-2.980053e-06,-1.4099891,1.3775085e-06,0.59828097,-6.035811e-07,-4.9999895,-1.4,-6.0828155e-13,0.00011108476,-0.00014999951,9.9999845e-05,0.0002999984,0.0002999984,-0.00029999798,-0.00029999798,0.00014099885,2.991408e-05,4.999981e-05,-1.5331758e-10,-0.002929811,0.0030296366,-2e-09,0.0,-9.9999845e-05,2.8e-09,2e-09,1.9999986e-09,0.0005155014,-0.00046551367,-5.0001803e-05,0.0,7.421631e-20,0.0004999683,-0.0004999684,1.5278948e-10,0.0,6.132787e-15,0.00023394043,-0.00068391406,0.0004500039,0.0,-5.960104e-15,0.00079996,-0.00019999401,-0.00059999636,0.0,2.7550143e-15,0.0003074249,-0.0007484074,0.0004409968,0.0,-1.2071621e-15,0.0005718531,-0.00043086027,-0.00014099885,-5.9999743e-09,-2.8e-09,1.1627931e-06,-9.786686e-07,-7.870643e-17
0.081996,5.0,-5.0,1.0,0.0,0.99991363,7.049444e-10,-3.0000198,-2.6530548e-05,2.0,3.000004,-7.7347195e-06,-1.4099555,3.160231e-05,0.59827906,-1.7301877e-06,-4.9999895,-1.4,-6.0828073e-13,0.00011108134,-0.00014999966,0.00010000133,0.00030000118,0.00030000118,-0.00029999725,-0.00029999725,0.00014099538,2.9914037e-05,4.9997005e-05,1.3265627e-09,-0.0029298097,0.0030296368,-2e-09,0.0,-0.00010000133,2.8e-09,2e-09,1.9998272e-09,0.00051550195,-0.00046551702,-4.999901e-05,0.0,1.4098909e-18,0.000499969,-0.0004999677,-1.3264894e-09,0.0,-5.3061095e-14,0.00023393663,-0.0006839132,0.00045000686,0.0,-1.5469436e-14,0.0007999605,-0.00019999237,-0.00059999846,0.0,6.320462e-14,0.00030742778,-0.00074840616,0.00044099265,0.0,-3.4603754e-15,0.0005718511,-0.00043086178,-0.00014099538,-6.0000396e-09,-2.8e-09,1.1627931e-06,-9.786686e-07,-1.7259797e-17
0.08199636473270862,5.0,-5.0,1.0,0.0,1.0000148,2.4412081e-09,-2.9999816,8.258128e-06,2.0,2.9999814,-1.5600806e-07,-1.4099967,-3.7676593e-06,0.59828126,-4.6593243e-07,-4.9999895,-1.4,-6.0828176e-13,0.000111085545,-0.0001499995,9.999958e-05,0.00029999815,0.00029999815,-0.0002999985,-0.0002999985,0.00014099963,2.9914087e-05,5.0000323e-05,-4.127844e-10,-0.0029298111,0.0030296366,-2e-09,0.0,-9.999958e-05,2.8e-09,2e-09,2.0000295e-09,0.0005155013,-0.00046551306,-5.0002323e-05,0.0,4.8824038e-18,0.0004999682,-0.00049996853,4.1309756e-10,0.0,1.651626e-14,0.000233941,-0.00068391435,0.00045000366,0.0,-3.1201306e-16,0.00079996017,-0.00019999381,-0.00059999665,0.0,-7.5353194e-15,0.00030742417,-0.000748408,0.00044099815,0.0,-9.318649e-16,0.0005718535,-0.00043085992,-0.00014099963,-5.9999636e-09,-2.8e-09,1.1627931e-06,-9.786686e-07,-1.4732161e-17
0.0819990756186229,5.0,-5.0,1.0,0.0,0.9999966,-1.1221906e-09,-2.9999876,2.232337e-06,2.0,2.9999802,-3.670016e-06,-1.409988,1.8526827e-06,0.5982809,-6.031066e-07,-4.9999895,-1.4,-6.0828155e-13,0.000111084664,-0.00014999948,9.999989e-05,0.00029999838,0.00029999838,-0.00029999786,-0.00029999786,0.00014099875,2.9914077e-05,4.999972e-05,-1.1167288e-10,-0.002929811,0.0030296366,-2e-09,0.0,-9.999989e-05,2.8e-09,2e-09,1.999993e-09,0.0005155014,-0.0004655138,-5.000172e-05,0.0,-2.2443788e-18,0.0004999683,-0.0004999684,1.1168431e-10,0.0,4.464673e-15,0.00023394036,-0.000683914,0.0004500039,0.0,-7.3400335e-15,0.00079996005,-0.0001999941,-0.00059999625,0.0,3.7053655e-15,0.000307425,-0.0007484073,0.00044099658,0.0,-1.2062132e-15,0.000571853,-0.0004308603,-0.00014099875,-5.999975e-09,-2.8e-09,1.1627931e-06,-9.786686e-07,1.199871e-17
0.082,5.0,-5.0,1.0,0.0,0.99991035,-8.106572e-08,-3.0000162,-2.6490266e-05,2.0,2.9999564,-2.9895824e-05,-1.409976,2.3975208e-06,0.59828115,-1.1305785e-07,-4.9999895,-1.4,-6.082813e-13,0.00011108353,-0.00014999948,0.00010000132,0.00029999865,0.00029999865,-0.00029999542,-0.00029999542,0.0001409976,2.9914063e-05,4.9996845e-05,1.3204601e-09,-0.002929811,0.003029638,-2e-09,0.0,-0.00010000132,2.8e-09,2e-09,1.9998208e-09,0.00051550195,-0.00046551717,-4.9998842e-05,0.0,-1.6213144e-16,0.000499969,-0.0004999677,-1.3204513e-09,0.0,-5.2980535e-14,0.00023393761,-0.00068391144,0.00045000413,0.0,-5.979165e-14,0.00079996075,-0.00019999701,-0.00059999403,0.0,4.7950417e-15,0.00030742638,-0.0007484051,0.000440993,0.0,-2.261157e-16,0.0005718523,-0.0004308608,-0.0001409976,-6.0000325e-09,-2.8e-09,1.1627931e-06,-9.786686e-07,-1.0046933e-16
0.08200009243813772,5.0,-5.0,1.0,0.09243814,0.99996525,0.08265903,-3.054988,0.006909046,2.0,3.0436578,-0.0056650005,-1.4271975,0.0022596284,0.5986198,-4.9875136e-05,-4.9999895,-1.4,-6.0866877e-13,0.00011278072,-0.00015309484,9.965454e-05,0.00030493227,0.00030493227,-0.0003041398,-0.0003041398,0.00014271477,2.9933486e-05,4.9652812e-05,3.7874988e-06,-0.0029296689,0.0030291497,-2e-09,-1.8487628e-10,-9.96545e-05,2.8e-09,2e-09,1.9999304e-09,0.00051531993,-0.00046567922,-4.9654762e-05,1.8487628e-10,1.6531805e-10,0.00050172984,-0.0004979442,-3.786899e-06,0.0,1.3818091e-11,0.0002284763,-0.0006864761,0.00045803067,0.0,-1.1330001e-11,0.00080481794,-0.0001957799,-0.00060906884,0.0,4.519257e-12,0.00030533236,-0.0007521704,0.00044685244,0.0,-9.9750266e-14,0.0005728295,-0.0004301214,-0.00014271415,-6.1099756e-09,-2.8e-09,1.1628481e-06,-9.786136e-07,-9.111615e-17
0.08200027731441314,5.0,-5.0,1.0,0.27731442,0.9999986,0.26145592,-3.205578,0.013968979,2.0,3.179975,-0.012801483,-1.4864277,0.005551299,0.59980935,-0.00012390268,-4.9999895,-1.4,-6.099326e-13,0.00011863335,-0.00016097735,9.930155e-05,0.00031927766,0.00031927763,-0.00031744235,-0.00031744235,0.00014863038,2.9996663e-05,4.930148e-05,1.23743475e-05,-0.002927986,0.0030271153,-2e-09,-5.5462884e-10,-9.930152e-05,2.8e-09,2e-09,1.999997e-09,0.0005151346,-0.00046584522,-4.930345e-05,5.5462884e-10,5.229119e-10,0.0005051997,-0.0004928291,-1.2374357e-05,0.0,2.7937958e-11,0.00021281722,-0.00069304457,0.0004802597,0.0,-2.5602966e-11,0.0008190636,-0.00018237797,-0.0006367178,0.0,1.1102598e-11,0.00029839168,-0.00076444796,0.0004660713,0.0,-2.4780536e-13,0.000576216,-0.0004275921,-0.00014862997,-6.411156e-09,-2.8e-09,1.1629986e-06,-9.78463e-07,-6.8491964e-17
0.08200064706696399,5.0,-5.0,1.0,0.64706695,0.999999,0.63100135,-3.5654974,0.016375557,2.0,3.5326438,-0.016426688,-1.649125,0.007630999,0.60300916,-0.00016289465,-4.9999895,-1.4,-6.1317135e-13,0.00013473748,-0.00017909365,9.918122e-05,0.00035490707,0.00035490704,-0.0003525013,-0.00035250126,0.0001648962,3.0158602e-05,4.9181173e-05,3.073129e-05,-0.0029212704,0.0030202826,-2e-09,-1.2941339e-09,-9.9181256e-05,2.8e-09,2e-09,1.999998e-09,0.00051507144,-0.0004659023,-4.9183207e-05,1.2941339e-09,1.2620027e-09,0.0005109772,-0.0004802537,-3.0732393e-05,0.0,3.2751114e-11,0.000173838,-0.00070780964,0.0005340076,0.0,-3.2853376e-11,0.000854693,-0.00014732074,-0.00070740795,0.0,1.5261998e-11,0.00027992728,-0.0007973077,0.0005173971,0.0,-3.257893e-13,0.0005856004,-0.00042071045,-0.00016489605,-7.130995e-09,-2.8e-09,1.1633585e-06,-9.781031e-07,-4.979124e-17
0.082001,5.0,-5.0,1.0,1.0,1.000006,0.98278254,-3.9174783,0.016327389,2.0,3.8864255,-0.015526263,-1.816388,0.006960505,0.6061488,-0.00012896712,-4.9999895,-1.4,-6.1627504e-13,0.00015131154,-0.00019669028,9.918363e-05,0.0003901952,0.00039019517,-0.0003879465,-0.0003879465,0.0001816259,3.0313886e-05,4.918393e-05,4.8322756e-05,-0.0029127272,0.0030117442,-2e-09,-2e-09,-9.9183766e-05,2.8e-09,2e-09,2.000012e-09,0.0005150728,-0.00046590078,-4.9186066e-05,2e-09,1.965565e-09,0.0005150226,-0.00046671234,-4.832412e-05,0.0,3.2654778e-11,0.00013462969,-0.00072148256,0.0005868925,0.0,-3.1052525e-11,0.0008901108,-0.00011200979,-0.0007781403,0.0,1.392101e-11,0.00026139815,-0.0008309507,0.0005695709,0.0,-2.5793424e-13,0.0005953295,-0.00041371037,-0.00018162529,-7.834957e-09,-2.8e-09,1.1637105e-06,-9.777511e-07,-8.4051926e-17
0.0820010352933036,5.0,-5.0,1.0,1.0,1.0000012,0.99194646,-3.9418058,0.012535366,2.0,3.914593,-0.013606234,-1.8303388,0.006476073,0.606387,-0.00012353116,-4.9999895,-1.4,-6.165096e-13,0.0001526956,-0.00019771706,9.937323e-05,0.00039281996,0.00039281993,-0.0003908117,-0.00039081168,0.00018302153,3.0325527e-05,4.937329e-05,4.8970556e-05,-0.002911922,0.0030111289,-2e-09,-2e-09,-9.9373414e-05,2.8e-09,2e-09,2.0000024e-09,0.0005151724,-0.00046581094,-4.9375478e-05,2e-09,1.983893e-09,0.0005151491,-0.00046619194,-4.8971142e-05,0.0,2.5070734e-11,0.00013166713,-0.00072216976,0.00059054245,0.0,-2.7212468e-11,0.0008927149,-0.00010912531,-0.0007836292,0.0,1.2952146e-11,0.00025990396,-0.0008337172,0.0005738317,0.0,-2.4706233e-13,0.00059615093,-0.000413136,-0.00018302108,-7.883611e-09,-2.8e-09,1.1637349e-06,-9.777268e-07,1.7720035e-17
0.0820011058799108,5.0,-5.0,1.0,1.0,0.99999785,0.99903864,-3.9728043,0.0065579354,2.0,3.9549325,-0.008935963,-1.8518158,0.0047635357,0.60677123,-9.661141e-05,-4.9999895,-1.4,-6.168678e-13,0.00015482836,-0.00019896812,9.96721e-05,0.00039638684,0.00039638684,-0.00039501686,-0.00039501686,0.00018517191,3.0343392e-05,4.9671995e-05,4.9624035e-05,-0.0029109356,0.0030104409,-2e-09,-2e-09,-9.9672194e-05,2.8e-09,2e-09,1.9999957e-09,0.0005153293,-0.00046566926,-4.967409e-05,2e-09,1.9980773e-09,0.0005153265,-0.0004657153,-4.9625236e-05,0.0,1.311587e-11,0.000127805,-0.00072312634,0.00059536146,0.0,-1.7871926e-11,0.0008962683,-0.000104905965,-0.0007914024,0.0,9.527071e-12,0.0002576249,-0.00083779433,0.0005801881,0.0,-1.9322282e-13,0.0005974177,-0.00041225206,-0.00018517175,-7.945609e-09,-2.8e-09,1.1637659e-06,-9.776958e-07,3.5131714e-17
0.08200124705312521,5.0,-5.0,1.0,1.0,0.99999845,1.0001043,-3.9956572,0.0011113724,2.0,3.9912481,-0.0022044973,-1.873721,0.0014731925,0.60719585,-3.434101e-05,-4.9999895,-1.4,-6.1723017e-13,0.00015700716,-0.00019983843,9.994443e-05,0.00039934527,0.00039934527,-0.00039897749,-0.00039897749,0.00018736867,3.0361509e-05,4.9944356e-05,4.9949645e-05,-0.0029102871,0.0030100646,-2e-09,-2e-09,-9.994443e-05,2.8e-09,2e-09,1.999997e-09,0.0005154723,-0.00046554,-4.9946357e-05,2e-09,2.0002087e-09,0.00051547255,-0.00046553498,-4.9951646e-05,0.0,2.2227448e-12,0.00012486364,-0.0007240149,0.0005991917,0.0,-4.408995e-12,0.0008992717,-0.00010098938,-0.0007983228,0.0,2.9463849e-12,0.00025533058,-0.0008416578,0.00058634614,0.0,-6.8682026e-14,0.00059871253,-0.00041135,-0.00018736867,-7.991314e-09,-2.8e-09,1.1637887e-06,-9.776729e-07,1.1956347e-17
0.08200141095608994,5.0,-5.0,1.0,1.0,0.99999905,0.9999392,-4.0001407,-5.0632545e-05,2.0,4.0002866,7.285708e-05,-1.8801359,-8.0822855e-07,0.60733443,-1.4709751e-06,-4.9999895,-1.4,-6.1733593e-13,0.00015764665,-0.0002000045,0.00010000253,0.00040002135,0.00040002135,-0.00040002872,-0.00040002872,0.00018801344,3.0366795e-05,5.0002483e-05,4.999949e-05,-0.0029101914,0.003010027,-2e-09,-2e-09,-0.00010000253,2.8e-09,2e-09,1.9999982e-09,0.0005155028,-0.00046551242,-5.0004484e-05,2e-09,1.9998785e-09,0.0005155027,-0.00046551522,-5.00015e-05,0.0,-1.01265066e-13,0.00012426816,-0.00072426157,0.0006000339,0.0,1.4571416e-13,0.0008999938,-9.998424e-05,-0.00080005015,0.0,-1.6164752e-15,0.00025466763,-0.0008426908,0.0005880422,0.0,-2.9419517e-15,0.0005990925,-0.0004110852,-0.00018801344,-8.000281e-09,-2.8e-09,1.1637932e-06,-9.776685e-07,-2.4816585e-18
0.0820016072804197,5.0,-5.0,1.0,1.0,0.999999,1.000039,-3.9999545,2.0895179e-05,2.0,3.9999373,-8.560965e-06,-1.8800021,-2.154988e-05,0.6073341,3.1579793e-07,-4.9999895,-1.4,-6.1733377e-13,0.00015763356,-0.00019999877,9.999896e-05,0.00039999458,0.00039999458,-0.0003999959,-0.0003999959,0.00018800025,3.036669e-05,4.9998904e-05,5.00009e-05,-0.0029101982,0.0030100304,-2e-09,-2e-09,-9.999895e-05,2.8e-09,2e-09,1.999998e-09,0.00051550096,-0.0004655141,-5.0000897e-05,2e-09,2.0000779e-09,0.0005155011,-0.0004655122,-5.0002924e-05,0.0,4.1790366e-14,0.0001242936,-0.00072425447,0.00060000137,0.0,-1.7121929e-14,0.00089997204,-0.0001000221,-0.0007999905,0.0,-4.3099767e-14,0.0002546822,-0.0008426593,0.00058799615,0.0,6.3159515e-16,0.00059908465,-0.00041109056,-0.00018800025,-7.999909e-09,-2.8e-09,1.1637931e-06,-9.776686e-07,-3.9698346e-17
0.08200186907769293,5.0,-5.0,1.0,1.0,0.99999905,0.9999625,-3.9999962,-8.622432e-06,2.0,3.9999793,-8.364074e-06,-1.879958,2.1946626e-05,0.60733175,-1.2464055e-06,-4.9999895,-1.4,-6.17333e-13,0.00015762902,-0.00019999937,0.00010000043,0.00039999877,0.00039999877,-0.0003999957,-0.0003999957,0.00018799568,3.0366653e-05,5.0000384e-05,4.9998554e-05,-0.0029101954,0.003010029,-2e-09,-2e-09,-0.000100000434,2.8e-09,2e-09,1.9999982e-09,0.0005155017,-0.0004655134,-5.0002378e-05,2e-09,1.9999251e-09,0.0005155016,-0.00046551513,-5.0000566e-05,0.0,-1.7244854e-14,0.00012428769,-0.00072425336,0.0006000062,0.0,-1.6728147e-14,0.0008999723,-0.000100018326,-0.0007999945,0.0,4.3893257e-14,0.00025468628,-0.0008426587,0.00058799144,0.0,-2.4928112e-15,0.000599082,-0.00041109245,-0.00018799568,-7.999992e-09,-2.8e-09,1.1637931e-06,-9.776686e-07,-6.017897e-17
0.08200239267223938,5.0,-5.0,1.0,1.0,0.999999,1.0000135,-3.9999764,9.0067115e-06,2.0,3.9999733,-1.5395659e-06,-1.8799956,-5.501366e-06,0.60733324,-4.0475777e-07,-4.9999895,-1.4,-6.1733366e-13,0.00015763284,-0.00019999928,9.999955e-05,0.0003999975,0.0003999975,-0.0003999979,-0.0003999979,0.00018799953,3.0366684e-05,4.99995e-05,5.0000224e-05,-0.002910197,0.0030100297,-2e-09,-2e-09,-9.9999554e-05,2.8e-09,2e-09,1.999998e-09,0.00051550125,-0.00046551382,-5.0001498e-05,2e-09,2.000027e-09,0.0005155013,-0.00046551315,-5.000223e-05,0.0,1.8013428e-14,0.0001242905,-0.0007242548,0.0006000048,0.0,-3.0791274e-15,0.0008999732,-0.00010001838,-0.0007999954,0.0,-1.1002728e-14,0.00025468267,-0.0008426611,0.00058799743,0.0,-8.095155e-16,0.00059908425,-0.00041109085,-0.00018799953,-7.999953e-09,-2.8e-09,1.1637931e-06,-9.776686e-07,-2.7301707e-17
0.08200972299588974,5.0,-5.0,1.0,1.0,0.999999,0.9999975,-3.9999824,3.5394671e-06,2.0,3.9999735,-4.361824e-06,-1.8799838,2.6011123e-06,0.6073328,-6.322909e-07,-4.9999895,-1.4,-6.1733344e-13,0.00015763164,-0.00019999928,9.999982e-05,0.0003999978,0.0003999978,-0.0003999971,-0.0003999971,0.00018799832,3.0366673e-05,4.9999773e-05,4.9999697e-05,-0.0029101965,0.0030100294,-2e-09,-2e-09,-9.999982e-05,2.8e-09,2e-09,1.999998e-09,0.0005155014,-0.0004655137,-5.000177e-05,2e-09,1.9999948e-09,0.0005155014,-0.00046551376,-5.0001698e-05,0.0,7.0789233e-15,0.00012428967,-0.0007242543,0.0006000051,0.0,-8.723651e-15,0.00089997286,-0.00010001856,-0.0007999949,0.0,5.2022256e-15,0.00025468384,-0.0008426602,0.0005879954,0.0,-1.2645818e-15,0.00059908355,-0.00041109137,-0.00018799832,-7.999965e-09,-2.8e-09,1.1637931e-06,-9.776686e-07,3.4272647e-17
0.08499513501846014,5.0,-5.0,1.0,1.0,0.999999,0.9999987,-3.9999819,3.9593006e-06,2.0,3.9999735,-4.126387e-06,-1.8799847,1.9861889e-06,0.6073328,-6.1565555e-07,-4.9999895,-1.4,-6.1733344e-13,0.00015763173,-0.00019999928,9.99998e-05,0.00039999778,0.00039999778,-0.00039999717,-0.00039999717,0.0001879984,3.0366673e-05,4.999975e-05,4.9999737e-05,-0.0029101965,0.0030100297,-2e-09,-2e-09,-9.99998e-05,2.8e-09,2e-09,1.999998e-09,0.00051550136,-0.0004655137,-5.0001752e-05,2e-09,1.9999973e-09,0.0005155014,-0.00046551373,-5.0001738e-05,0.0,7.918607e-15,0.00012428974,-0.0007242543,0.00060000503,0.0,-8.2527724e-15,0.0008999729,-0.00010001854,-0.0007999949,0.0,3.9723795e-15,0.00025468372,-0.00084266026,0.0005879956,0.0,-1.231311e-15,0.0005990836,-0.00041109134,-0.0001879984,-7.999963e-09,-2.8e-09,1.1637931e-06,-9.776686e-07,-3.080023e-17
0.08499727003692027,5.0,-5.0,1.0,1.0,0.999999,1.0000151,-3.9999766,9.423996e-06,2.0,3.9999762,-1.2100038e-07,-1.8799948,-4.037922e-06,0.6073331,-4.9872006e-07,-4.9999895,-1.4,-6.1733366e-13,0.00015763275,-0.00019999928,9.9999525e-05,0.00039999763,0.00039999763,-0.00039999804,-0.00039999804,0.00018799942,3.0366682e-05,4.999948e-05,5.0000286e-05,-0.002910197,0.0030100297,-2e-09,-2e-09,-9.9999525e-05,2.8e-09,2e-09,1.999998e-09,0.00051550125,-0.00046551385,-5.000148e-05,2e-09,2.0000301e-09,0.0005155013,-0.0004655131,-5.0002283e-05,0.0,1.8847992e-14,0.00012429051,-0.00072425493,0.0006000049,0.0,-2.4199617e-16,0.00089997315,-0.000100018064,-0.0007999956,0.0,-8.075843e-15,0.00025468273,-0.0008426612,0.00058799743,0.0,-9.974401e-16,0.0005990842,-0.0004110909,-0.00018799942,-7.999953e-09,-2.8e-09,1.1637931e-06,-9.776686e-07,-9.4369244e-17
0.08499989025844189,5.0,-5.0,1.0,1.0,0.999999,0.9999983,-3.9999819,3.8054113e-06,2.0,3.9999735,-4.2464626e-06,-1.8799844,2.136737e-06,0.6073328,-6.180226e-07,-4.9999895,-1.4,-6.173335e-13,0.00015763172,-0.00019999928,9.999981e-05,0.00039999778,0.00039999778,-0.00039999714,-0.00039999714,0.00018799839,3.0366673e-05,4.9999762e-05,4.9999722e-05,-0.0029101965,0.0030100294,-2e-09,-2e-09,-9.999981e-05,2.8e-09,2e-09,1.999998e-09,0.0005155014,-0.0004655137,-5.000176e-05,2e-09,1.9999964e-09,0.0005155014,-0.00046551373,-5.0001723e-05,0.0,7.610824e-15,0.00012428971,-0.0007242543,0.0006000051,0.0,-8.492926e-15,0.0008999729,-0.00010001855,-0.0007999949,0.0,4.273473e-15,0.00025468375,-0.00084266026,0.0005879955,0.0,-1.2360452e-15,0.0005990836,-0.00041109134,-0.00018799839,-7.999964e-09,-2.8e-09,1.1637931e-06,-9.776686e-07,-8.6122695e-18
0.08500100000000001,5.0,-5.0,1.0,1.0,0.9999989,0.9998301,-4.0000367,-5.1922634e-05,2.0,3.9999282,-5.429149e-05,-1.8799425,1.6133503e-05,0.6073326,-2.0976199e-07,-4.9999895,-1.4,-6.173328e-13,0.0001576276,-0.00019999924,0.000100002595,0.00039999824,0.00039999824,-0.0003999912,-0.0003999912,0.00018799423,3.036664e-05,5.0002545e-05,4.99941e-05,-0.0029101965,0.0030100325,-2e-09,-2e-09,-0.000100002595,2.8e-09,2e-09,1.999998e-09,0.0005155029,-0.0004655124,-5.0004543e-05,2e-09,1.9996602e-09,0.0005155024,-0.00046552037,-4.9996102e-05,0.0,-1.0384527e-13,0.0001242832,-0.0007242482,0.0006000055,0.0,-1.0858298e-13,0.00089997525,-0.00010002636,-0.00079998944,0.0,3.2267005e-14,0.000254688,-0.0008426544,0.00058798544,0.0,-4.1952398e-16,0.0005990811,-0.00041109303,-0.00018799423,-8.0000735e-09,-2.8e-09,1.1637931e-06,-9.776685e-07,-5.149325e-17
0.08500110000000001,5.0,-5.0,0.9,1.0,0.90984595,0.9999331,-3.9386609,-0.0072203954,2.0,3.9505591,0.0059489612,-1.8602521,-0.0023737517,0.6070478,3.952688e-05,-4.9999895,-1.4,-6.1700775e-13,0.00015567907,-0.00019657203,0.00010036102,0.00039446098,0.000394461,-0.0003952933,-0.0003952933,0.00018602917,3.0350413e-05,4.5853318e-05,5.0357674e-05,-0.0029120336,0.003012227,-1.8e-09,-2e-09,-0.000100360965,2.8e-09,1.8e-09,1.819692e-09,0.00051496516,-0.0004691221,-4.585582e-05,2e-09,1.9998663e-09,0.00051569106,-0.00046534548,-5.0359617e-05,0.0,-1.4440791e-11,0.00013101572,-0.0007220182,0.00059104234,0.0,1.1897923e-11,0.00089443126,-0.00010471555,-0.0007897558,0.0,-4.7475036e-12,0.00025684526,-0.0008381498,0.0005813234,0.0,7.905377e-14,0.00059792143,-0.00041189813,-0.00018602944,-7.877322e-09,-2.8e-09,1.1637317e-06,-9.777299e-07,-5.1491414e-17
0.08500130000000002,5.0,-5.0,0.7,1.0,0.7159281,0.9999972,-3.7741923,-0.0145666255,2.0,3.8013895,0.013598431,-1.795359,-0.0059223445,0.60600054,0.00010908698,-4.9999895,-1.4,-6.1589113e-13,0.00014925242,-0.00018798129,0.000100728335,0.00037877908,0.0003787791,-0.0003807312,-0.00038073122,0.0001795468,3.0294572e-05,3.6524736e-05,5.072819e-05,-0.0029163538,0.003016913,-1.4e-09,-2e-09,-0.0001007283,2.8e-09,1.4e-09,1.4318562e-09,0.0005130895,-0.0004765729,-3.6526584e-05,2e-09,1.9999944e-09,0.0005158843,-0.00046516824,-5.0730156e-05,0.0,-2.913325e-11,0.00014930489,-0.0007160354,0.00056676875,0.0,2.7196861e-11,0.0008788139,-0.00011934121,-0.0007595112,0.0,-1.1844689e-11,0.0002639818,-0.0008242422,0.00056027854,0.0,2.1817396e-13,0.0005941159,-0.00041457504,-0.00017954697,-7.548385e-09,-2.8e-09,1.1635673e-06,-9.778944e-07,-3.435193e-17
0.08500160000000001,5.0,-5.0,0.4,1.0,0.41488573,0.9999871,-3.4788637,-0.015997546,2.0,3.5129535,0.017044766,-1.6632502,-0.008273411,0.60372114,0.00017473183,-4.9999895,-1.4,-6.135464e-13,0.00013616517,-0.0001731433,0.00010079988,0.00034959085,0.00034959087,-0.0003521227,-0.0003521227,0.00016634249,3.017732e-05,2.1544163e-05,5.0799234e-05,-0.0029231773,0.0030238058,-8e-10,-2e-09,-0.00010079988,2.8e-09,8e-10,8.297714e-10,0.0005091075,-0.00048756832,-2.1544993e-05,2e-09,1.9999744e-09,0.0005159219,-0.00046513477,-5.0801234e-05,0.0,-3.199509e-11,0.00018223285,-0.0007049388,0.0005227411,0.0,3.408953e-11,0.00084978243,-0.0001481044,-0.00070171355,0.0,-1.6546821e-11,0.00027857343,-0.0007970218,0.0005184652,0.0,3.4946368e-13,0.0005863959,-0.00042005954,-0.00016634249,-6.9577273e-09,-2.8e-09,1.1632719e-06,-9.781896e-07,-8.9929786e-18
0.08500161952541767,5.0,-5.0,0.3804746,1.0,0.3960834,0.9999945,-3.4596722,-0.015898414,2.0,3.4929008,0.016614202,-1.6534711,-0.008032359,0.6035336,0.00017153092,-4.9999895,-1.4,-6.1336206e-13,0.00013519615,-0.00017218868,0.00010079492,0.00034762867,0.00034762867,-0.00035009332,-0.00035009335,0.00016536427,3.0168103e-05,2.0599091e-05,5.0794646e-05,-0.0029235159,0.0030241392,-7.6094914e-10,-2e-09,-0.00010079492,2.8e-09,7.6094914e-10,7.9216683e-10,0.000508781,-0.00048818663,-2.0599884e-05,2e-09,1.999989e-09,0.00051591935,-0.00046513678,-5.0796647e-05,0.0,-3.1796826e-11,0.00018434323,-0.0007041325,0.0005198243,0.0,3.3228406e-11,0.000847817,-0.00015013035,-0.000697722,0.0,-1.6064719e-11,0.0002796637,-0.00079510454,0.0005154576,0.0,3.4306184e-13,0.0005858283,-0.0004204702,-0.00016536427,-6.919344e-09,-2.8e-09,1.1632527e-06,-9.782088e-07,3.4347328e-17
0.0850016418401807,5.0,-5.0,0.3581598,1.0,0.3740645,0.99999744,-3.437796,-0.01593336,2.0,3.4704654,0.016334599,-1.6426103,-0.007817269,0.6033225,0.00016770935,-4.9999895,-1.4,-6.1315476e-13,0.00013412006,-0.00017109312,0.000100796664,0.00034541305,0.0003454131,-0.0003478283,-0.0003478283,0.0001642778,3.0157738e-05,1.9499894e-05,5.079654e-05,-0.0029238777,0.0030245024,-7.163196e-10,-2e-09,-0.000100796664,2.8e-09,7.163196e-10,7.4812906e-10,0.0005083877,-0.00048889226,-1.9500643e-05,2e-09,1.9999948e-09,0.0005159203,-0.00046513582,-5.079854e-05,0.0,-3.186672e-11,0.00018673051,-0.00070320885,0.0005165131,0.0,3.2669197e-11,0.0008455967,-0.0001523905,-0.00069324137,0.0,-1.5634539e-11,0.0002808802,-0.00079296966,0.0005121061,0.0,3.354187e-13,0.000585199,-0.00042092727,-0.0001642778,-6.875592e-09,-2.8e-09,1.1632309e-06,-9.782307e-07,3.4171533e-17
0.08500168646970678,5.0,-5.0,0.3135303,1.0,0.32957262,0.9999988,-3.3937573,-0.016046312,2.0,3.426073,0.016157709,-1.6214411,-0.007610034,0.6029088,0.00016396679,-4.9999895,-1.4,-6.127448e-13,0.00013202327,-0.00016888556,0.00010080232,0.0003409915,0.00034099154,-0.0003433683,-0.00034336833,0.0001621605,3.013724e-05,1.7280947e-05,5.0802257e-05,-0.002924566,0.003025196,-6.2706057e-10,-2e-09,-0.00010080232,2.8e-09,6.2706057e-10,6.591453e-10,0.0005075597,-0.00049028266,-1.7281609e-05,2e-09,1.9999975e-09,0.00051592325,-0.00046513305,-5.0804254e-05,0.0,-3.2092624e-11,0.00019150497,-0.00070135447,0.00050988386,0.0,3.231542e-11,0.00084117416,-0.00015684901,-0.00068435987,0.0,-1.5220068e-11,0.00028326624,-0.00078877865,0.0005055289,0.0,3.279336e-13,0.00058397447,-0.00042182,-0.00016216052,-6.7875146e-09,-2.8e-09,1.1631869e-06,-9.782748e-07,1.9817572e-17
0.08500177572875893,5.0,-5.0,0.22427124,1.0,0.24033104,0.999999,-3.305086,-0.016188825,2.0,3.3374684,0.016191043,-1.5796807,-0.0075309332,0.60208637,0.00016477478,-4.9999895,-1.4,-6.119216e-13,0.00012788846,-0.00016444486,0.00010080944,0.0003321277,0.00033212773,-0.00033449993,-0.00033449996,0.00015798454,3.009608e-05,1.28259935e-05,5.080939e-05,-0.0029258563,0.003026493,-4.4854248e-10,-2e-09,-0.00010080944,2.8e-09,4.4854248e-10,4.8066207e-10,0.00050581235,-0.0004929892,-1.28264755e-05,2e-09,1.999998e-09,0.00051592704,-0.00046512968,-5.081139e-05,0.0,-3.237765e-11,0.00020105822,-0.000697604,0.00049657916,0.0,3.2382087e-11,0.00083232654,-0.00016573262,-0.00066662766,0.0,-1.5061867e-11,0.00028800505,-0.0007804736,0.00049248454,0.0,3.2954957e-13,0.0005815641,-0.00042358562,-0.00015798456,-6.610172e-09,-2.8e-09,1.1630981e-06,-9.783636e-07,-9.050307e-18
0.08500200000000001,5.0,-5.0,0.0,1.0,0.016060438,0.999999,-3.0808885,-0.016207127,2.0,3.1133785,0.016244853,-1.4744381,-0.007585098,0.59990746,0.00017914733,-4.9999895,-1.4,-6.097283e-13,0.00011747531,-0.00015323407,0.00010081036,0.00030971336,0.0003097134,-0.00031209638,-0.00031209638,0.00014746173,2.9986417e-05,1.6133783e-06,5.0810308e-05,-0.0029283168,0.0030289527,0.0,-2e-09,-0.00010081036,2.8e-09,0.0,3.212088e-11,0.00050077244,-0.0004991592,-1.6134106e-06,2e-09,1.999998e-09,0.0005159275,-0.00046512924,-5.0812305e-05,0.0,-3.2414255e-11,0.00022481658,-0.00068773906,0.00046295358,0.0,3.2489705e-11,0.0008099766,-0.00018819835,-0.00062180974,0.0,-1.5170197e-11,0.00030013287,-0.00075967604,0.00045955813,0.0,3.5829467e-13,0.00057552796,-0.0004280723,-0.00014746173,-6.1617773e-09,-2.8e-09,1.162874e-06,-9.785877e-07,2.7661767e-17
0.08500200870118309,5.0,-5.0,0.0,1.0,0.011060267,0.9999995,-3.0727217,-0.015415341,2.0,3.1048033,0.016040593,-1.4703643,-0.007555623,0.59981865,0.0001793915,-4.9999895,-1.4,-6.096393e-13,0.00011707241,-0.00015286532,0.00010077077,0.00030887625,0.00030887628,-0.0003112359,-0.0003112359,0.00014705438,2.9981966e-05,1.3237803e-06,5.0770745e-05,-0.0029284335,0.0030290298,0.0,-2e-09,-0.00010077073,2.8e-09,0.0,2.2120535e-11,0.00050062884,-0.0004993051,-1.323926e-06,2e-09,1.999999e-09,0.00051590666,-0.000465148,-5.077271e-05,0.0,-3.0830682e-11,0.00022568957,-0.0006874063,0.00046174778,0.0,3.2081185e-11,0.00080914295,-0.0001890622,-0.0006201122,0.0,-1.5111246e-11,0.00030060703,-0.00075888244,0.0004582903,0.0,3.58783e-13,0.00057529553,-0.0004282472,-0.00014705438,-6.1454433e-09,-2.8e-09,1.1628658e-06,-9.785958e-07,1.3122799e-17
0.08500202610354923,5.0,-5.0,0.0,1.0,0.004972932,1.0000005,-3.0582159,-0.01331047,2.0,3.0884986,0.015141281,-1.462412,-0.00735885,0.5996424,0.00017792363,-4.9999895,-1.4,-6.094645e-13,0.000116285766,-0.00015224527,0.00010066552,0.0003073357,0.00030733575,-0.00030958577,-0.00030958577,0.00014625899,2.9973224e-05,9.141701e-07,5.066555e-05,-0.0029286817,0.0030291728,0.0,-2e-09,-0.0001006655,2.8e-09,0.0,9.945864e-12,0.00050042506,-0.00049951085,-9.142643e-07,2e-09,2.0000008e-09,0.0005158513,-0.00046519787,-5.0667524e-05,0.0,-2.662094e-11,0.00022726436,-0.0006868206,0.00045958714,0.0,3.028256e-11,0.000807607,-0.00019071676,-0.0006169215,0.0,-1.47177e-11,0.00030152913,-0.0007573591,0.00045584477,0.0,3.5584727e-13,0.000574842,-0.00042858903,-0.00014625899,-6.1164314e-09,-2.8e-09,1.1628513e-06,-9.786104e-07,-1.6800369e-17
0.08500206090828152,5.0,-5.0,0.0,1.0,0.0009636321,1.0000012,-3.037343,-0.009094472,2.0,3.06168,0.012168379,-1.4484076,-0.006406764,0.5993163,0.00016298186,-4.9999895,-1.4,-6.0915335e-13,0.00011489939,-0.00015141243,0.00010045472,0.00030495113,0.00030495116,-0.00030680868,-0.00030680868,0.00014485705,2.9957666e-05,5.029052e-07,5.045478e-05,-0.0029290973,0.0030293777,0.0,-2e-09,-0.00010045472,2.8e-09,0.0,1.9272641e-12,0.0005002198,-0.0004997169,-5.0290885e-07,2e-09,2.0000022e-09,0.00051574054,-0.0004652978,-5.045678e-05,0.0,-1.8188945e-11,0.00022958966,-0.0006859286,0.00045636966,0.0,2.4336757e-11,0.0008052052,-0.00019347633,-0.00061175984,0.0,-1.2813528e-11,0.00030313554,-0.00075478666,0.00045166575,0.0,3.259637e-13,0.0005740436,-0.00042919262,-0.00014485705,-6.074686e-09,-2.8e-09,1.1628305e-06,-9.786312e-07,7.805832e-18
0.08500213051774612,5.0,-5.0,0.0,1.0,-2.3213392e-05,1.0000005,-3.016058,-0.00402012,2.0,3.02937,0.006656054,-1.4296958,-0.0040080855,0.5988438,0.000111813766,-4.9999895,-1.4,-6.0873203e-13,0.00011304417,-0.00015060189,0.000100201,0.0003022714,0.0003022714,-0.00030333782,-0.00030333782,0.00014298077,2.99366e-05,1.9984533e-07,5.0201026e-05,-0.0029295313,0.003029558,0.0,-2e-09,-0.000100201,2.8e-09,0.0,-4.6426784e-14,0.0005000683,-0.0004998684,-1.9984529e-07,2e-09,2.0000008e-09,0.0005156071,-0.00046541818,-5.0203027e-05,0.0,-8.04024e-12,0.00023203262,-0.00068488147,0.00045287932,0.0,1.33121075e-11,0.00080243574,-0.00019685712,-0.0006056092,0.0,-8.016171e-12,0.00030524764,-0.00075155176,0.0004463186,0.0,2.2362753e-13,0.00057297706,-0.00043000234,-0.00014298077,-6.0321157e-09,-2.8e-09,1.1628092e-06,-9.786525e-07,5.539345e-17
0.08500226973667531,5.0,-5.0,0.0,1.0,4.0477794e-06,0.9999993,-3.0027947,-0.0006978575,2.0,3.005657,0.0014311081,-1.4141877,-0.0010400335,0.59841144,3.3110075e-05,-4.9999895,-1.4,-6.083783e-13,0.00011150316,-0.00015010484,0.00010003489,0.0003004226,0.0003004226,-0.00030066972,-0.00030066972,0.00014142208,2.9918914e-05,3.5095265e-08,5.0034854e-05,-0.0029297716,0.0030296321,0.0,-2e-09,-0.00010003489,2.8e-09,0.0,8.095557e-15,0.00049998594,-0.0004999508,-3.5095272e-08,2e-09,1.9999986e-09,0.0005155198,-0.00046549705,-5.0036855e-05,0.0,-1.3957151e-12,0.00023360056,-0.00068410364,0.00045053344,0.0,2.862216e-12,0.0008004426,-0.00019938065,-0.0006010923,0.0,-2.0800672e-12,0.0003069671,-0.0007490445,0.00044209178,0.0,6.622015e-14,0.0005720927,-0.0004306767,-0.00014142208,-6.00559e-09,-2.8e-09,1.1627959e-06,-9.786658e-07,1.8266368e-17
0.08500247484572679,5.0,-5.0,0.0,1.0,-1.2726325e-06,0.999999,-2.9999182,1.9863797e-05,2.0,2.999831,-4.3636566e-05,-1.4098841,2.4806299e-05,0.5982781,-1.0423859e-06,-4.9999895,-1.4,-6.082791e-13,0.00011107435,-0.00014999691,9.999901e-05,0.00029998747,0.00029998747,-0.00029998063,-0.00029998063,0.00014098831,2.9913957e-05,-1.0568214e-09,4.999896e-05,-0.0029298118,0.0030296366,0.0,-2e-09,-9.999901e-05,2.8e-09,0.0,-2.545266e-15,0.00049996783,-0.0004999689,1.0568243e-09,2e-09,1.999998e-09,0.00051550096,-0.00046551408,-5.0000956e-05,0.0,3.972759e-14,0.00023394889,-0.000683909,0.00044999036,0.0,-8.7273145e-14,0.00079994794,-0.00020001017,-0.0005999681,0.0,4.9612597e-14,0.00030743642,-0.0007483911,0.00044096893,0.0,-2.0847717e-15,0.0005718471,-0.00043086483,-0.00014098831,-5.9998366e-09,-2.8e-09,1.1627931e-06,-9.786686e-07,-3.2048517e-17
0.08500273796677647,5.0,-5.0,0.0,1.0,1.1951316e-06,0.999999,-3.0000024,-5.6508014e-07,2.0,3.0000198,8.725616e-06,-1.4100112,-1.2036028e-06,0.59828126,-7.95485e-07,-4.9999895,-1.4,-6.0828203e-13,0.00011108693,-0.0001500001,0.00010000003,0.00030000112,0.00030000112,-0.0003000021,-0.0003000021,0.00014100103,2.9914103e-05,8.8010564e-11,4.999998e-05,-0.0029298107,0.0030296363,0.0,-2e-09,-0.00010000003,2.8e-09,0.0,2.3902626e-15,0.00049996836,-0.0004999683,-8.8011216e-11,2e-09,1.999998e-09,0.0005155015,-0.0004655136,-5.0001978e-05,0.0,-1.1301606e-15,0.00023393847,-0.0006839154,0.0004500072,0.0,1.7451232e-14,0.0007999628,-0.00019998987,-0.00060000323,0.0,-2.4072045e-15,0.0003074224,-0.0007484112,0.00044100315,0.0,-1.5909697e-15,0.0005718543,-0.0004308593,-0.00014100103,-6.000005e-09,-2.8e-09,1.1627931e-06,-9.786686e-07,-2.3857161e-17
0.08500322140366649,5.0,-5.0,0.0,1.0,-5.64901e-07,0.999999,-2.9999838,3.6952508e-06,2.0,2.9999714,-6.184012e-06,-1.4099851,9.82971e-07,0.598281,-4.690352e-07,-4.9999895,-1.4,-6.082815e-13,0.00011108439,-0.00014999937,9.9999816e-05,0.00029999774,0.00029999774,-0.00029999702,-0.00029999702,0.00014099845,2.9914074e-05,-2.1300763e-10,4.9999766e-05,-0.002929811,0.0030296366,0.0,-2e-09,-9.9999816e-05,2.8e-09,0.0,-1.1298036e-15,0.00049996824,-0.0004999685,2.130104e-10,2e-09,1.999998e-09,0.0005155014,-0.0004655137,-5.0001763e-05,0.0,7.390501e-15,0.00023394087,-0.0006839137,0.0004500031,0.0,-1.2368022e-14,0.00079995947,-0.00019999503,-0.0005999948,0.0,1.9659408e-15,0.00030742536,-0.0007484066,0.0004409955,0.0,-9.380701e-16,0.00057185284,-0.0004308604,-0.00014099845,-5.999967e-09,-2.8e-09,1.1627931e-06,-9.786686e-07,2.395515e-17
0.08700000000000001,5.0,-5.0,0.0,1.0,1.5446668e-07,0.99999905,-2.999987,3.0588294e-06,2.0,2.9999814,-2.7806666e-06,-1.4099885,1.8760448e-06,0.5982809,-6.419465e-07,-4.9999895,-1.4,-6.0828155e-13,0.00011108471,-0.0001499995,9.9999845e-05,0.0002999984,0.0002999984,-0.00029999795,-0.00029999795,0.00014099879,2.9914077e-05,-1.4521814e-10,4.99998e-05,-0.002929811,0.0030296366,0.0,-2e-09,-9.9999845e-05,2.8e-09,0.0,3.089334e-16,0.0004999683,-0.0004999684,1.4521784e-10,2e-09,1.999998e-09,0.0005155014,-0.00046551367,-5.0001796e-05,0.0,6.117659e-15,0.00023394043,-0.00068391406,0.0004500039,0.0,-5.5613333e-15,0.00079996,-0.00019999399,-0.00059999636,0.0,3.752089e-15,0.00030742495,-0.0007484074,0.00044099672,0.0,-1.283893e-15,0.000571853,-0.0004308603,-0.00014099879,-5.999974e-09,-2.8e-09,1.1627931e-06,-9.786686e-07,7.102769e-17
0.08700100000000001,5.0,-5.0,0.0,1.0,6.7614433e-06,0.99999905,-2.9999852,5.1481916e-06,2.0,2.99999,2.403135e-06,-1.4099692,1.7731962e-05,0.5982794,-1.6413491e-06,-4.9999895,-1.4,-6.0828106e-13,0.00011108271,-0.00014999951,9.999974e-05,0.00029999876,0.00029999876,-0.00029999722,-0.00029999722,0.00014099677,2.9914054e-05,8.0662595e-11,4.9999693e-05,-0.0029298107,0.003029636,0.0,-2e-09,-9.999974e-05,2.8e-09,0.0,1.3522887e-14,0.0004999684,-0.0004999683,-8.067607e-11,2e-09,1.999998e-09,0.00051550136,-0.00046551373,-5.0001694e-05,0.0,1.0296383e-14,0.0002339405,-0.00068391446,0.00045000427,0.0,4.8062703e-15,0.00079995894,-0.0001999933,-0.000599996,0.0,3.5463924e-14,0.00030742667,-0.0007484064,0.000440994,0.0,-3.2826982e-15,0.0005718519,-0.0004308612,-0.00014099677,-5.9999703e-09,-2.8e-09,1.1627931e-06,-9.786686e-07,7.102604e-17
0.08700110000000001,5.0,-5.0,0.0,0.9,1.8722004e-06,0.90984595,-2.9383736,-0.0071313838,2.0,2.9502172,0.005921649,-1.3901138,-0.002388998,0.5978701,5.4362277e-05,-4.9999895,-1.4,-6.078147e-13,0.00010912667,-0.00014656212,0.00010035657,0.00029442954,0.00029442954,-0.0002952606,-0.0002952606,0.00013901682,2.9890787e-05,3.566628e-07,4.584887e-05,-0.0029313655,0.0030315472,0.0,-1.8e-09,-0.00010035659,2.8e-09,0.0,3.744401e-15,0.00050014677,-0.00049979007,-3.5668856e-07,1.8e-09,1.819692e-09,0.0005149629,-0.00046912418,-4.5851455e-05,0.0,-1.4262767e-11,0.00024000136,-0.0006809716,0.00044099992,0.0,1.1843298e-11,0.00079449423,-0.00020483094,-0.0005896931,0.0,-4.7779957e-12,0.0003098675,-0.0007441328,0.0004342794,0.0,1.08724546e-13,0.0005707301,-0.0004317187,-0.00013901741,-5.876747e-09,-2.8e-09,1.1627315e-06,-9.787302e-07,1.7312718e-17
0.08700130000000002,5.0,-5.0,0.0,0.7,-4.62259e-07,0.7159281,-2.7736516,-0.014430857,2.0,2.800584,0.013466085,-1.3249964,-0.005933211,0.5963443,0.00015358129,-4.9999895,-1.4,-6.0619007e-13,0.00010270584,-0.00013796103,0.00010072154,0.00027871178,0.0002787118,-0.00028065173,-0.00028065173,0.000132515,2.9809536e-05,7.2151977e-07,3.6517948e-05,-0.002934831,0.0030353758,0.0,-1.4e-09,-0.000100721554,2.8e-09,0.0,-9.24518e-16,0.00050032925,-0.0004996077,-7.215349e-07,1.4e-09,1.4318562e-09,0.000513086,-0.00047657616,-3.6519843e-05,0.0,-2.8861715e-11,0.00025638292,-0.0006730347,0.0004166798,0.0,2.6932172e-11,0.0007789766,-0.00021963958,-0.0005593653,0.0,-1.1866423e-11,0.00031782658,-0.00073098106,0.00041316793,0.0,3.0716255e-13,0.00056706695,-0.00043455765,-0.00013251536,-5.5473035e-09,-2.8e-09,1.1625667e-06,-9.78895e-07,1.2772114e-17
0.08700160000000001,5.0,-5.0,0.0,0.4,1.6768562e-08,0.41610953,-2.481611,-0.016375229,2.0,2.514449,0.016418705,-1.1930647,-0.00766913,0.59276193,0.00023266886,-4.9999895,-1.4,-6.0252926e-13,8.970327e-05,-0.0001232618,0.00010081876,0.00024980298,0.000249803,-0.0002522118,-0.00025221182,0.00011932973,2.9626464e-05,8.1876226e-07,2.1624239e-05,-0.0029393348,0.0030399747,0.0,-8e-10,-0.00010081876,2.8e-09,0.0,3.3537105e-17,0.0005003779,-0.00049955916,-8.187622e-07,8e-10,8.3221907e-10,0.0005085722,-0.00048695292,-2.1625074e-05,0.0,-3.2750455e-11,0.00028519405,-0.0006582387,0.00037306975,0.0,3.2837413e-11,0.00075023726,-0.00024824787,-0.0005020148,0.0,-1.533826e-11,0.00033408302,-0.0007056125,0.00037154157,0.0,4.653377e-13,0.0005597082,-0.00044038444,-0.000119329736,-4.9632223e-09,-2.8e-09,1.1622744e-06,-9.791879e-07,2.552685e-18
0.08700200000000001,5.0,-5.0,0.0,0.0,-9.393095e-07,0.01715928,-2.0816715,-0.016128143,2.0,2.1124358,0.015382032,-1.0031596,-0.0070167985,0.5869689,0.00026233017,-4.9999895,-1.4,-5.9670655e-13,7.100687e-05,-0.00010327717,0.00010080641,0.00020970537,0.0002097054,-0.00021194527,-0.00021194528,0.0001003422,2.9335328e-05,8.0636016e-07,1.6643711e-06,-0.0029435125,0.003044137,0.0,0.0,-0.00010080641,2.8e-09,0.0,-1.878619e-15,0.0005003717,-0.0004995653,-8.0636016e-07,0.0,3.4318562e-11,0.0005007976,-0.00049913337,-1.6644054e-06,0.0,-3.2256284e-11,0.00032395663,-0.0006369223,0.0003129867,0.0,3.0764065e-11,0.0007102077,-0.00028857842,-0.00042165065,0.0,-1.4033597e-11,0.00035781076,-0.00067008805,0.00031228748,0.0,5.2466034e-13,0.0005492063,-0.00044886998,-0.0001003422,-4.163343e-09,-2.8e-09,1.1618736e-06,-9.795915e-07,1.1128954e-17
0.08700204,5.0,-5.0,0.0,0.0,5.971029e-07,0.007818082,-2.05556,-0.011935225,2.0,2.0816667,0.013053249,-0.98773396,-0.0063608964,0.58639044,0.00024754796,-4.9999895,-1.4,-5.9614287e-13,6.949101e-05,-0.00010218124,0.000100596764,0.00020686132,0.00020686135,-0.00020880277,-0.00020880278,9.8798155e-05,2.9307143e-05,5.967911e-07,9.876653e-07,-0.0029438285,0.0030442434,0.0,0.0,-0.000100596764,2.8e-09,0.0,1.1942057e-15,0.00050026685,-0.00049967004,-5.967911e-07,0.0,1.5636166e-11,0.0005004611,-0.0004994735,-9.87681e-07,0.0,-2.3870449e-11,0.00032649603,-0.00063552195,0.0003090467,0.0,2.6106497e-11,0.0007073156,-0.00029167248,-0.0004156641,0.0,-1.2721793e-11,0.0003597625,-0.00066735345,0.00030760095,0.0,4.950959e-13,0.0005483647,-0.00044957243,-9.8798155e-05,-4.1111203e-09,-2.8e-09,1.1618471e-06,-9.796191e-07,-1.0612582e-17
0.08700212,5.0,-5.0,0.0,0.0,1.3382797e-06,0.0008159607,-2.0237427,-0.0057312944,2.0,2.0396419,0.007949559,-0.9650727,-0.004381567,0.58548313,0.00018651913,-4.9999895,-1.4,-5.9529665e-13,6.726109e-05,-0.00010090057,0.00010028657,0.00020316923,0.00020316924,-0.00020440236,-0.00020440236,9.6525924e-05,2.9264833e-05,2.8663166e-07,3.2736276e-07,-0.0029442473,0.0030443522,0.0,0.0,-0.00010028657,2.8e-09,0.0,2.6765593e-15,0.00050011167,-0.00049982505,-2.8663166e-07,0.0,1.6319215e-12,0.0005001319,-0.0004998046,-3.273644e-07,0.0,-1.14625896e-11,0.00032966395,-0.0006337174,0.00030407385,0.0,1.5899117e-11,0.00070346973,-0.0002959187,-0.00040757158,0.0,-8.7631334e-12,0.00036257965,-0.0006634982,0.00030092828,0.0,3.7303824e-13,0.0005471287,-0.00045060864,-9.6525924e-05,-4.0474855e-09,-2.8e-09,1.1618142e-06,-9.796547e-07,1.3629607e-17
0.08700228,5.0,-5.0,0.0,0.0,4.8751355e-07,-0.00019019615,-2.0036616,-0.0009628609,2.0,2.0076954,0.002016784,-0.9456668,-0.0013944947,0.5846244,6.960447e-05,-4.9999895,-1.4,-5.945548e-13,6.53459e-05,-0.000100134945,0.00010004814,0.00020056785,0.00020056785,-0.000200909,-0.000200909,9.457363e-05,2.922774e-05,4.816742e-08,3.863324e-08,-0.0029445253,0.003044392,0.0,0.0,-0.00010004814,2.8e-09,0.0,9.75027e-16,0.00049999246,-0.00049994426,-4.816742e-08,0.0,-3.803922e-13,0.0004999876,-0.00049994903,-3.863286e-08,0.0,-1.9257217e-12,0.00033175416,-0.00063244073,0.0003007068,0.0,4.0335678e-12,0.00070063473,-0.00029917815,-0.00040147683,0.0,-2.7889895e-12,0.00036492528,-0.0006603984,0.00029548263,0.0,1.3920894e-13,0.00054606935,-0.00045150158,-9.457363e-05,-4.007324e-09,-2.8e-09,1.1617919e-06,-9.796828e-07,3.132377e-17
0.0870026,5.0,-5.0,0.0,0.0,-1.598906e-08,4.0721447e-06,-1.9998932,2.7706616e-05,2.0,1.9997667,-6.3284235e-05,-0.9398269,4.3147877e-05,0.58432454,-2.6194464e-06,-4.9999895,-1.4,-5.943271e-13,6.476607e-05,-9.999605e-05,9.9998615e-05,0.000199983,0.000199983,-0.00019997236,-0.00019997236,9.3982424e-05,2.921636e-05,-1.3861309e-09,-1.1817228e-09,-0.0029445677,0.0030443848,0.0,0.0,-9.9998615e-05,2.8e-09,0.0,-3.1978104e-17,0.00049996766,-0.00049996906,1.3830282e-09,0.0,8.144283e-15,0.0004999677,-0.00049996894,1.1972086e-09,0.0,5.5413248e-14,0.00033217916,-0.000632142,0.00029998302,0.0,-1.265685e-13,0.00069993956,-0.00030000438,-0.00039995532,0.0,8.6295764e-14,0.00036560238,-0.00065954763,0.00029395477,0.0,-5.238893e-15,0.0005457495,-0.00045177294,-9.3982424e-05,-3.9997867e-09,-2.8e-09,1.1617847e-06,-9.796997e-07,1.2129702e-17
0.08700289770128462,5.0,-5.0,0.0,0.0,4.288894e-08,-5.763095e-05,-2.000115,-4.3130494e-05,2.0,2.0002673,7.612446e-05,-0.94015896,-2.270968e-05,0.58433956,-7.6544376e-07,-4.9999895,-1.4,-5.9434017e-13,6.4798805e-05,-0.00010000359,0.00010000216,0.0002000191,0.0002000191,-0.000200029,-0.000200029,9.401582e-05,2.9217017e-05,2.158669e-09,-7.2502243e-10,-0.0029445642,0.003044385,0.0,0.0,-0.00010000216,2.8e-09,0.0,8.577789e-17,0.00049996946,-0.00049996725,-2.1646598e-09,0.0,-1.1526193e-13,0.00049996795,-0.0004999687,7.5505496e-10,0.0,-8.6260975e-14,0.00033215358,-0.00063216005,0.00030002667,0.0,1.5224891e-13,0.000699981,-0.0002999531,-0.00040004807,0.0,-4.5419353e-14,0.000365563,-0.00065959827,0.0002940448,0.0,-1.5308872e-15,0.0005457676,-0.00045175763,-9.401582e-05,-4.00023e-09,-2.8e-09,1.1617828e-06,-9.797074e-07,4.2073185e-18
0.08700349310385387,5.0,-5.0,0.0,0.0,-1.409045e-08,2.4710287e-05,-1.9999617,1.5732881e-05,2.0,1.9999201,-2.0868321e-05,-0.9399604,1.357667e-06,0.5843324,-8.156803e-08,-4.9999895,-1.4,-5.9433247e-13,6.477941e-05,-9.999888e-05,9.999921e-05,0.00019999409,0.00019999409,-0.00019999186,-0.00019999186,9.399604e-05,2.9216626e-05,-7.8734796e-10,4.4887058e-10,-0.0029445675,0.0030443852,0.0,0.0,-9.999922e-05,2.8e-09,0.0,-2.8180902e-17,0.00049996795,-0.00049996877,7.833541e-10,0.0,4.9420574e-14,0.00049996853,-0.0004999681,-4.2897566e-10,0.0,3.146577e-14,0.0003321713,-0.00063214806,0.00029999693,0.0,-4.173664e-14,0.00069995376,-0.00029998802,-0.00039998593,0.0,2.7153301e-15,0.00036558736,-0.00065956573,0.0002939879,0.0,-1.6313685e-16,0.00054575683,-0.00045176668,-9.399603e-05,-3.9999235e-09,-2.8e-09,1.1617808e-06,-9.797149e-07,-4.0357591e-19
0.08700468390899237,5.0,-5.0,0.0,0.0,5.771605e-09,-1.0990111e-05,-2.000003,-3.5493624e-06,2.0,2.0000124,4.588193e-06,-0.94000286,2.0133546e-06,0.5843332,-8.670634e-07,-4.9999895,-1.4,-5.943341e-13,6.47835e-05,-9.999998e-05,0.00010000018,0.00020000078,0.00020000078,-0.00020000104,-0.00020000104,9.40002e-05,2.9216704e-05,1.7775707e-10,-3.720375e-10,-0.0029445663,0.003044385,0.0,0.0,-0.00010000018,2.8e-09,0.0,1.1543206e-17,0.0004999684,-0.00049996824,-1.7775707e-10,0.0,-2.1980193e-14,0.0004999682,-0.00049996853,3.720594e-10,0.0,-7.0987235e-15,0.00033216653,-0.0006321511,0.00030000476,0.0,9.1763865e-15,0.00069996057,-0.00029997894,-0.00040000182,0.0,4.0267087e-15,0.00036558183,-0.00065957353,0.00029400125,0.0,-1.7341283e-15,0.0005457591,-0.0004517648,-9.40002e-05,-4.0000065e-09,-2.8e-09,1.1617796e-06,-9.797196e-07,1.4381208e-17
0.08700706551926937,5.0,-5.0,0.0,0.0,-2.6141471e-09,5.2429386e-06,-1.9999871,4.5507136e-06,2.0,1.9999775,-4.7850986e-06,-0.9399891,2.0986772e-07,0.58433306,-4.484738e-07,-4.9999895,-1.4,-5.9433356e-13,6.478219e-05,-9.999958e-05,9.999977e-05,0.00019999822,0.00019999822,-0.00019999772,-0.00019999772,9.399887e-05,2.9216679e-05,-2.2766662e-10,3.4609943e-11,-0.002944567,0.003044385,0.0,0.0,-9.999977e-05,2.8e-09,0.0,-5.2282956e-18,0.00049996824,-0.0004999685,2.2766662e-10,0.0,1.0485861e-14,0.00049996836,-0.00049996836,-3.46209e-11,0.0,9.101426e-15,0.00033216836,-0.00063215,0.0003000018,0.0,-9.5701975e-15,0.00069995807,-0.00029998232,-0.00039999594,0.0,4.1973532e-16,0.0003655837,-0.0006595708,0.0002939966,0.0,-8.969469e-16,0.00054575835,-0.0004517654,-9.399887e-05,-3.999974e-09,-2.8e-09,1.1617791e-06,-9.797212e-07,5.2294262e-17
0.0899732927732079,5.0,-5.0,0.0,0.0,7.785325e-10,-1.2394836e-06,-1.9999937,1.2672486e-06,2.0,1.9999909,-1.3324274e-06,-0.93999386,1.3215007e-06,0.5843331,-6.401281e-07,-4.9999895,-1.4,-5.943337e-13,6.478262e-05,-9.999975e-05,9.999994e-05,0.00019999924,0.00019999924,-0.00019999896,-0.00019999896,9.399932e-05,2.9216688e-05,-6.332387e-11,-1.2533707e-10,-0.0029445668,0.003044385,0.0,0.0,-9.999994e-05,2.8e-09,0.0,1.5570638e-18,0.00049996836,-0.00049996836,6.20024e-11,0.0,-2.478956e-15,0.0004999683,-0.0004999684,1.4935282e-10,0.0,2.5345123e-15,0.00033216766,-0.0006321504,0.00030000292,0.0,-2.6648544e-15,0.000699959,-0.00029998107,-0.00039999813,0.0,2.6430047e-15,0.00036558308,-0.0006595718,0.00029399822,0.0,-1.280257e-15,0.00054575864,-0.0004517652,-9.3999304e-05,-3.9999875e-09,-2.8e-09,1.1617791e-06,-9.797211e-07,1.7281484e-17
0.08998720550724615,5.0,-5.0,0.0,0.0,4.7340025e-09,-1.1682462e-05,-1.9999994,-2.7742233e-06,2.0,2.0000033,1.943792e-06,-0.93999636,3.5401147e-06,0.58433294,-9.127078e-07,-4.9999895,-1.4,-5.943338e-13,6.478288e-05,-9.999983e-05,0.000100000136,0.00020000013,0.00020000013,-0.00019999998,-0.00019999998,9.3999544e-05,2.9216691e-05,1.3894796e-10,-4.454126e-10,-0.0029445665,0.003044385,0.0,0.0,-0.000100000136,2.8e-09,0.0,9.468005e-18,0.0004999684,-0.0004999683,-1.3716465e-10,0.0,-2.3364955e-14,0.0004999682,-0.00049996853,4.124668e-10,0.0,-5.548459e-15,0.0003321669,-0.0006321508,0.00030000406,0.0,3.8875865e-15,0.00069995987,-0.00029997985,-0.00040000022,0.0,7.080238e-15,0.00036558256,-0.00065957266,0.00029399962,0.0,-1.825416e-15,0.00054575875,-0.00045176508,-9.399957e-05,-3.999999e-09,-2.8e-09,1.1617791e-06,-9.797212e-07,-4.8109002e-18
0.08999320550724615,5.0,-5.0,0.0,0.0,-5.347818e-09,1.48817835e-05,-1.9999834,7.837235e-06,2.0,1.9999727,-5.4322895e-06,-0.9399921,-3.3215838e-06,0.58433354,-1.4967927e-07,-4.9999895,-1.4,-5.9433366e-13,6.4782485e-05,-9.999957e-05,9.999961e-05,0.00019999781,0.00019999781,-0.0001999976,-0.0001999976,9.399919e-05,2.9216684e-05,-3.9212883e-10,3.5222794e-10,-0.0029445672,0.0030443852,0.0,0.0,-9.999961e-05,2.8e-09,0.0,-1.0695636e-17,0.0004999682,-0.00049996853,3.9113077e-10,0.0,2.9763593e-14,0.00049996853,-0.0004999682,-3.3231923e-10,0.0,1.5674468e-14,0.00033216877,-0.00063214987,0.00030000132,0.0,-1.0864578e-14,0.0006999579,-0.00029998273,-0.00039999533,0.0,-6.6431752e-15,0.00036558355,-0.0006595708,0.00029399674,0.0,-2.993589e-16,0.0005457585,-0.00045176526,-9.399917e-05,-3.999967e-09,-2.8e-09,1.1617791e-06,-9.797212e-07,-5.1229102e-17
0.08999720550724616,5.0,-5.0,0.0,0.0,8.565827e-10,-3.480011e-06,-1.9999937,7.160023e-07,2.0,1.9999897,-1.9513773e-06,-0.9399918,2.3183052e-06,0.58433294,-6.9561196e-07,-4.9999895,-1.4,-5.943336e-13,6.478242e-05,-9.9999714e-05,9.999996e-05,0.00019999917,0.00019999917,-0.00019999874,-0.00019999874,9.399911e-05,2.9216682e-05,-3.575709e-11,-2.0980129e-10,-0.0029445665,0.003044385,0.0,0.0,-9.999996e-05,2.8e-09,0.0,1.7131646e-18,0.00049996836,-0.00049996836,3.5200894e-11,0.0,-6.9599973e-15,0.00049996824,-0.0004999685,2.1915078e-10,0.0,1.4320032e-15,0.00033216766,-0.0006321504,0.00030000287,0.0,-3.9027547e-15,0.0006999589,-0.00029998118,-0.0003999979,0.0,4.636606e-15,0.00036558326,-0.0006595716,0.00029399781,0.0,-1.3912238e-15,0.00054575846,-0.00045176529,-9.39991e-05,-3.9999875e-09,-2.8e-09,1.1617791e-06,-9.797212e-07,-1.4792828e-17
0.08999841101449232,5.0,-5.0,0.0,0.0,-4.8496105e-09,1.8437766e-05,-1.9999834,8.7442095e-06,2.0,1.9999769,-3.3215172e-06,-0.9399972,-5.5105374e-06,0.58433384,-5.470531e-08,-4.9999895,-1.4,-5.943339e-13,6.478302e-05,-9.999961e-05,9.999957e-05,0.00019999802,0.00019999802,-0.00019999823,-0.00019999823,9.399971e-05,2.9216695e-05,-4.374531e-10,4.846781e-10,-0.0029445672,0.0030443852,0.0,0.0,-9.999956e-05,2.8e-09,0.0,-9.699222e-18,0.0004999681,-0.0004999686,4.3721618e-10,0.0,3.687555e-14,0.0004999686,-0.0004999681,-4.812131e-10,0.0,1.7488425e-14,0.00033216868,-0.0006321501,0.00030000161,0.0,-6.6430355e-15,0.0006999583,-0.00029998223,-0.00039999624,0.0,-1.10210845e-14,0.000365583,-0.0006595714,0.00029399793,0.0,-1.09410683e-16,0.0005457588,-0.000451765,-9.399971e-05,-3.999967e-09,-2.8e-09,1.1617791e-06,-9.797211e-07,-4.4979567e-17
0.08999923304347698,5.0,-5.0,0.0,0.0,1.6669155e-10,6.175481e-07,-1.999992,2.1496064e-06,2.0,1.9999886,-1.7677198e-06,-0.93999344,7.833032e-07,0.5843331,-5.873139e-07,-4.9999895,-1.4,-5.943337e-13,6.4782595e-05,-9.999971e-05,9.9999896e-05,0.00019999903,0.00019999903,-0.00019999877,-0.00019999877,9.399928e-05,2.9216688e-05,-1.07472156e-10,-7.660258e-11,-0.0029445668,0.003044385,0.0,0.0,-9.9999896e-05,2.8e-09,0.0,3.3338444e-19,0.0004999683,-0.0004999684,1.0694794e-10,0.0,1.2351011e-15,0.0004999683,-0.0004999684,8.3873186e-11,0.0,4.299212e-15,0.0003321678,-0.00063215033,0.00030000272,0.0,-3.5354418e-15,0.0006999589,-0.00029998127,-0.00039999778,0.0,1.5666e-15,0.0003655831,-0.0006595716,0.00029399805,0.0,-1.1746278e-15,0.0005457586,-0.0004517652,-9.399928e-05,-3.999984e-09,-2.8e-09,1.1617791e-06,-9.797212e-07,-6.42564e-17
0.09,5.0,-5.0,0.0,0.0,-8.311833e-08,-0.0003580418,-2.0001159,-0.0001185148,2.0,1.9999697,-7.311887e-05,-0.9398638,8.296663e-05,0.5843245,-4.0569594e-06,-4.9999895,-1.4,-5.943285e-13,6.476955e-05,-9.9999874e-05,0.00010000593,0.00020000429,0.00020000429,-0.00019998867,-0.00019998867,9.3985975e-05,2.9216426e-05,5.921584e-09,-1.1976351e-08,-0.0029445586,0.003044383,0.0,0.0,-0.00010000593,2.8e-09,0.0,-1.6623665e-16,0.0004999713,-0.0004999654,-5.9213887e-09,0.0,-7.160836e-13,0.00049996236,-0.00049997435,1.1974503e-08,0.0,-2.370296e-13,0.00033215844,-0.00063214643,0.00030000816,0.0,-1.4623774e-13,0.000699958,-0.00029998523,-0.00039999298,0.0,1.6593325e-13,0.0003655953,-0.00065956044,0.00029397465,0.0,-8.113918e-15,0.0005457514,-0.00045177134,-9.3985975e-05,-4.0002317e-09,-2.8e-09,1.1617792e-06,-9.797211e-07,-3.019609e-17
0.0900000766956523,5.0,-5.0,0.07669565,0.0,0.06709282,-0.00014258809,-2.0417585,0.0062978542,2.0,2.0317512,-0.0050036157,-0.95203,0.001968072,0.5847229,-6.9489746e-05,-4.9999895,-1.4,-5.947911e-13,6.595615e-05,-0.000102402824,9.968511e-05,0.0002036755,0.00020367549,-0.00020297832,-0.00020297832,9.5196054e-05,2.9239618e-05,3.039748e-06,-3.2202212e-07,-0.0029446217,0.0030441256,-1.533913e-10,0.0,-9.968511e-05,2.8e-09,1.533913e-10,1.3418563e-10,0.00050140085,-0.0004983626,-3.0392475e-06,0.0,-2.8517618e-13,0.0004998074,-0.0005001294,3.220203e-07,0.0,1.2595708e-11,0.00032844802,-0.0006345081,0.00030608062,0.0,-1.0007231e-11,0.00070347707,-0.0002968459,-0.0004066517,0.0,3.9361444e-12,0.00036391662,-0.00066208007,0.00029817305,0.0,-1.389795e-13,0.0005464099,-0.00045122014,-9.51957e-05,-4.083517e-09,-2.8e-09,1.1618217e-06,-9.796768e-07,-7.299208e-17
0.0900002300869569,5.0,-5.0,0.23008695,0.0,0.21430124,-5.0255317e-06,-2.161065,0.01330765,2.0,2.1372721,-0.011896361,-0.99704397,0.00508429,0.58621,-0.00017907044,-4.9999895,-1.4,-5.9638823e-13,7.036684e-05,-0.00010871864,9.933462e-05,0.00021491687,0.00021491686,-0.00021321878,-0.00021321878,9.9686484e-05,2.9319453e-05,1.0049679e-05,-6.656337e-07,-0.0029438976,0.0030430523,-4.6017393e-10,0.0,-9.933462e-05,2.8e-09,4.6017393e-10,4.286025e-10,0.0005043479,-0.00049430126,-1.0049682e-05,0.0,-1.0051066e-14,0.00049963564,-0.0005003013,6.6563285e-07,0.0,2.6615299e-11,0.00031739334,-0.0006410102,0.00032363864,0.0,-2.3792721e-11,0.0007144966,-0.00028638393,-0.00042813423,0.0,1.01685795e-11,0.00035799626,-0.0006708906,0.0003129044,0.0,-3.5814087e-13,0.0005488658,-0.0004491855,-9.968625e-05,-4.32213e-09,-2.8e-09,1.1619427e-06,-9.795506e-07,-5.894047e-17
0.0900005368695661,5.0,-5.0,0.5368696,0.0,0.521571,-1.7468674e-05,-2.4569445,0.016152108,2.0,2.4227846,-0.01707974,-1.1264809,0.008318201,0.5904694,-0.00028354462,-4.9999895,-1.4,-6.007529e-13,8.3082086e-05,-0.00012365483,9.9192395e-05,0.00024398646,0.00024398643,-0.00024144664,-0.00024144663,0.00011261974,2.9537649e-05,2.5270943e-05,-8.0847883e-07,-0.0029407707,0.0030397857,-1.0737391e-09,0.0,-9.9192395e-05,2.8e-09,1.0737391e-09,1.0431419e-09,0.0005100238,-0.00048475922,-2.5271973e-05,0.0,-3.4937344e-14,0.0004995643,-0.0005003727,8.0847695e-07,0.0,3.2304215e-11,0.00028921803,-0.00065683946,0.00036764616,0.0,-3.415948e-11,0.00074340194,-0.00025799338,-0.00048543303,0.0,1.66364e-11,0.0003414371,-0.000695492,0.00035406635,0.0,-5.6708924e-13,0.0005559633,-0.00044334956,-0.00011261973,-4.913889e-09,-2.8e-09,1.1622425e-06,-9.792396e-07,-3.1840692e-18
0.0900005610765038,5.0,-5.0,0.5610765,0.0,0.54560095,-1.3401351e-05,-2.4812045,0.016095629,2.0,2.4473443,-0.016929852,-1.1381224,0.008251274,0.5908424,-0.00027816553,-4.9999895,-1.4,-6.0112055e-13,8.4228384e-05,-0.00012486501,9.919522e-05,0.00024642746,0.00024642743,-0.00024390931,-0.0002439093,0.00011378442,2.955603e-05,2.6475265e-05,-8.0545146e-07,-0.0029404443,0.0030394623,-1.122153e-09,0.0,-9.9195226e-05,2.8e-09,1.122153e-09,1.0912018e-09,0.0005104156,-0.00048394696,-2.647633e-05,0.0,-2.68027e-14,0.0004995658,-0.0005003712,8.054465e-07,0.0,3.2191257e-11,0.00028685835,-0.00065813074,0.00037129736,0.0,-3.38597e-11,0.000745854,-0.00025554202,-0.0004903367,0.0,1.6502546e-11,0.0003399828,-0.000697665,0.00035769367,0.0,-5.563311e-13,0.0005566056,-0.00044282715,-0.00011378441,-4.9624087e-09,-2.8e-09,1.1622672e-06,-9.792143e-07,8.586091e-18
0.09000060949037918,5.0,-5.0,0.6094904,0.0,0.5934819,-1.1758381e-06,-2.5293274,0.016038189,2.0,2.4966226,-0.01635221,-1.1618853,0.00784167,0.59156936,-0.00025474804,-4.9999895,-1.4,-6.0182404e-13,8.6571825e-05,-0.00012726829,9.919809e-05,0.00025129752,0.00025129746,-0.0002488781,-0.00024887806,0.00011616305,2.9591207e-05,2.8872184e-05,-8.019682e-07,-0.0029396748,0.003038696,-1.2189808e-09,0.0,-9.91981e-05,2.8e-09,1.2189808e-09,1.1869637e-09,0.0005110849,-0.00048221997,-2.8873317e-05,0.0,-2.3516762e-15,0.00049956754,-0.00050036947,8.019582e-07,0.0,3.2076376e-11,0.00028210963,-0.00066065486,0.00037857075,0.0,-3.270442e-11,0.00075076596,-0.0002506157,-0.00050017546,0.0,1.568334e-11,0.00033706066,-0.0007020899,0.00036504105,0.0,-5.0949604e-13,0.00055792386,-0.00044176684,-0.000116163035,-5.058655e-09,-2.8e-09,1.1623158e-06,-9.791643e-07,1.9142132e-17
0.09000070631812994,5.0,-5.0,0.70631814,0.0,0.6902536,7.9276774e-08,-2.6257594,0.016123453,2.0,2.5934837,-0.016137624,-1.2078048,0.007573101,0.59290516,-0.00023063585,-4.9999895,-1.4,-6.031356e-13,9.110061e-05,-0.00013209414,9.919383e-05,0.00026096217,0.00026096212,-0.00025859106,-0.00025859103,0.00012075742,2.9656789e-05,3.370651e-05,-8.061687e-07,-0.0029379737,0.0030369912,-1.4126362e-09,0.0,-9.9193836e-05,2.8e-09,1.4126362e-09,1.3805073e-09,0.00051230687,-0.00047860874,-3.3707864e-05,0.0,1.5855356e-16,0.00049956545,-0.00050037156,8.061641e-07,0.0,3.2246907e-11,0.00027255627,-0.0006655913,0.0003930615,0.0,-3.227525e-11,0.00076047727,-0.00024095036,-0.0005195531,0.0,1.5146202e-11,0.00033142703,-0.00071076315,0.00037934835,0.0,-4.612717e-13,0.0005604784,-0.00043972704,-0.00012075739,-5.2515188e-09,-2.8e-09,1.1624131e-06,-9.790643e-07,-9.242119e-18
0.090001,5.0,-5.0,1.0,0.0,0.9839426,-1.7379253e-07,-2.9192019,0.016185004,2.0,2.8868055,-0.016197918,-1.3456665,0.0075727953,0.5965512,-0.00020196642,-4.9999895,-1.4,-6.0675266e-13,0.00010470883,-0.00014676934,9.919075e-05,0.00029030038,0.00029030035,-0.0002879233,-0.00028792326,0.00013454646,2.9837656e-05,4.8387883e-05,-8.0925895e-07,-0.0029315855,0.0030306021,-2e-09,0.0,-9.919075e-05,2.8e-09,2e-09,1.9678852e-09,0.0005150299,-0.0004666539,-4.838985e-05,0.0,-3.4758505e-16,0.0004995639,-0.00050037313,8.092582e-07,0.0,3.237001e-11,0.00024295908,-0.00068000524,0.00043707556,0.0,-3.2395836e-11,0.00078989996,-0.00021170547,-0.00057822367,0.0,1.514559e-11,0.00031476418,-0.00073722034,0.00042246975,0.0,-4.0393283e-13,0.0005682058,-0.00043366535,-0.00013454647,-5.8384035e-09,-2.8e-09,1.1627087e-06,-9.787627e-07,-1.7870278e-17
0.09000101936555015,5.0,-5.0,1.0,0.0,0.99114466,-1.0257438e-06,-2.935158,0.013996307,2.0,2.904705,-0.015226277,-1.3544198,0.0073411614,0.5967678,-0.00019703149,-4.9999895,-1.4,-6.069647e-13,0.000105574014,-0.0001474577,9.930018e-05,0.00029199317,0.00029199314,-0.00028973637,-0.00028973637,0.00013542228,2.9848241e-05,4.8857422e-05,-6.9986663e-07,-0.002931183,0.003030309,-2e-09,0.0,-9.930025e-05,2.8e-09,2e-09,1.9822894e-09,0.0005151086,-0.0004662635,-4.8859045e-05,0.0,-2.0514875e-15,0.0004996186,-0.00050031836,6.997998e-07,0.0,2.7992613e-11,0.0002412587,-0.0006806854,0.0004394563,0.0,-3.0452554e-11,0.00079160125,-0.00020990144,-0.00058172917,0.0,1.4682323e-11,0.0003137328,-0.0007388776,0.0004251585,0.0,-3.9406298e-13,0.0005687002,-0.000433284,-0.00013542225,-5.870316e-09,-2.8e-09,1.1627247e-06,-9.787464e-07,2.7346917e-17
0.09000105809665045,5.0,-5.0,1.0,0.0,0.997884,-1.8163382e-06,-2.9592843,0.0096493745,2.0,2.9346843,-0.012299849,-1.3699145,0.0063857655,0.5971604,-0.00017587621,-4.9999895,-1.4,-6.073363e-13,0.00010710703,-0.00014844668,9.951753e-05,0.00029469843,0.00029469843,-0.00029282985,-0.00029282982,0.00013697386,2.9866815e-05,4.941173e-05,-4.825595e-07,-0.0029306095,0.003029953,-2e-09,0.0,-9.9517514e-05,2.8e-09,2e-09,1.995768e-09,0.0005152421,-0.00046584243,-4.9413713e-05,0.0,-3.6326766e-15,0.00049972715,-0.0005002097,4.8257135e-07,0.0,1.9298748e-11,0.00023862599,-0.00068174704,0.00044315093,0.0,-2.4599697e-11,0.00079434394,-0.00020684545,-0.0005875281,0.0,1.2771531e-11,0.00031193075,-0.0007417205,0.00042980362,0.0,-3.5175243e-13,0.00056957686,-0.00043260906,-0.00013697385,-5.9185683e-09,-2.8e-09,1.1627491e-06,-9.787215e-07,4.696233e-17
0.09000113555885106,5.0,-5.0,1.0,0.0,1.00011,-1.399666e-06,-2.983724,0.004096138,2.0,2.970496,-0.0066139367,-1.3903582,0.003928456,0.59770554,-0.000115331124,-4.9999895,-1.4,-6.078209e-13,0.000109133245,-0.00014939101,9.9795194e-05,0.000297711,0.000297711,-0.00029665674,-0.00029665674,0.00013902428,2.9891045e-05,4.9800696e-05,-2.0487686e-07,-0.0029300898,0.0030297108,-2e-09,0.0,-9.979514e-05,2.8e-09,2e-09,2.0002202e-09,0.0005153942,-0.00046560535,-4.980289e-05,0.0,-2.799332e-15,0.0004998659,-0.0005000708,2.0492503e-07,0.0,8.192275e-12,0.00023586254,-0.00068294053,0.00044710812,0.0,-1.3227874e-11,0.0007974665,-0.00020312871,-0.0005943678,0.0,7.856912e-12,0.0003096017,-0.00074526866,0.00043568105,0.0,-2.3066225e-13,0.00057073624,-0.000431718,-0.0001390243,-5.967448e-09,-2.8e-09,1.162774e-06,-9.786957e-07,3.5563386e-18
0.09000129048325228,5.0,-5.0,1.0,0.0,0.99998003,-2.2506958e-07,-2.9977992,0.000545171,2.0,2.995471,-0.0011640232,-1.4066029,0.000862934,0.59817314,-2.9194725e-05,-4.9999895,-1.4,-6.0820234e-13,0.00011074725,-0.0001499172,9.997274e-05,0.0002996635,0.0002996635,-0.0002994608,-0.0002994608,0.00014065737,2.9910118e-05,4.9971743e-05,-2.7269802e-08,-0.00292984,0.0030296387,-2e-09,0.0,-9.997274e-05,2.8e-09,2e-09,1.9999602e-09,0.0005154871,-0.00046552744,-4.9973743e-05,0.0,-4.5013925e-16,0.00049995474,-0.000499982,2.7269802e-08,0.0,1.090342e-12,0.0002342061,-0.00068376254,0.00044958672,0.0,-2.3280464e-12,0.0007995757,-0.00020048165,-0.00059912435,0.0,1.725868e-12,0.00030779367,-0.0007478976,0.0004401182,0.0,-5.838945e-14,0.00057166,-0.00043100867,-0.00014065737,-5.9955982e-09,-2.8e-09,1.1627886e-06,-9.786793e-07,2.3764547e-17
0.09000149788681842,5.0,-5.0,1.0,0.0,1.0000077,2.5187061e-08,-3.000135,-3.178452e-05,2.0,3.0003195,9.231195e-05,-1.4102457,-6.488889e-05,0.5982888,1.2850408e-06,-4.9999895,-1.4,-6.082875e-13,0.00011111031,-0.00015000516,0.00010000159,0.00030002272,0.00030002272,-0.00030003846,-0.00030003846,0.00014102469,2.9914376e-05,5.000198e-05,1.5904852e-09,-0.002929809,0.0030296366,-2e-09,0.0,-0.00010000159,2.8e-09,2e-09,2.0000157e-09,0.00051550235,-0.00046551245,-5.000398e-05,0.0,5.0374105e-17,0.0004999692,-0.00049996754,-1.5904857e-09,0.0,-6.356904e-14,0.00023392207,-0.0006839257,0.0004500339,0.0,1.8462388e-13,0.00079998805,-0.00019995718,-0.00060006115,0.0,-1.2977778e-13,0.00030739701,-0.00074844586,0.00044106314,0.0,2.5700813e-15,0.0005718677,-0.00043084906,-0.00014102469,-6.00027e-09,-2.8e-09,1.1627916e-06,-9.786746e-07,6.256994e-17
0.09000177175248339,5.0,-5.0,1.0,0.0,0.99999136,-1.4136444e-08,-2.9999552,9.022868e-06,2.0,2.9998908,-3.2135802e-05,-1.409924,1.6810181e-05,0.5982793,-8.281314e-07,-4.9999895,-1.4,-6.082801e-13,0.00011107831,-0.00014999822,9.999955e-05,0.0002999923,0.0002999923,-0.0002999874,-0.0002999874,0.00014099231,2.9914005e-05,4.999912e-05,-4.518502e-10,-0.0029298114,0.0030296366,-2e-09,0.0,-9.999955e-05,2.8e-09,2e-09,1.9999826e-09,0.00051550125,-0.0004655142,-5.0001116e-05,0.0,-2.82729e-17,0.0004999681,-0.0004999686,4.5185336e-10,0.0,1.8045734e-14,0.00023394456,-0.0006839108,0.00044999653,0.0,-6.42716e-14,0.00079995324,-0.00020000382,-0.0005999797,0.0,3.362036e-14,0.000307432,-0.00074839743,0.00044097973,0.0,-1.6562627e-15,0.0005718494,-0.0004308631,-0.00014099231,-5.9999103e-09,-2.8e-09,1.1627919e-06,-9.786727e-07,3.3201352e-17
0.0900022738392263,5.0,-5.0,1.0,0.0,1.0000026,6.282157e-09,-2.9999933,2.3254127e-06,2.0,3.0000048,5.667013e-06,-1.4100046,-1.6389704e-06,0.5982813,-6.365382e-07,-4.9999895,-1.4,-6.082819e-13,0.0001110863,-0.00014999979,9.999988e-05,0.0002999999,0.0002999999,-0.00030000063,-0.00030000063,0.0001410004,2.9914097e-05,5.0000017e-05,-1.1595652e-10,-0.002929811,0.0030296366,-2e-09,0.0,-9.999988e-05,2.8e-09,2e-09,2.0000053e-09,0.0005155014,-0.0004655135,-5.0002018e-05,0.0,1.25643085e-17,0.0004999683,-0.0004999684,1.1596455e-10,0.0,4.6508246e-15,0.00023393953,-0.0006839149,0.0004500057,0.0,1.1334022e-14,0.0007999616,-0.00019999144,-0.0006000005,0.0,-3.2779406e-15,0.00030742318,-0.00074840995,0.00044100103,0.0,-1.2730763e-15,0.00057185395,-0.0004308596,-0.0001410004,-5.9999867e-09,-2.8e-09,1.1627925e-06,-9.786706e-07,-1.9635317e-17
0.0900052863596837,5.0,-5.0,1.0,0.0,0.99999976,1.3155343e-09,-2.9999876,3.0474523e-06,2.0,2.9999843,-1.6535463e-06,-1.4099909,1.158156e-06,0.598281,-6.2288547e-07,-4.9999895,-1.4,-6.082816e-13,0.00011108495,-0.00014999953,9.9999845e-05,0.0002999986,0.0002999986,-0.0002999983,-0.0002999983,0.00014099904,2.9914081e-05,4.9999835e-05,-1.5230683e-10,-0.002929811,0.0030296366,-2e-09,0.0,-9.9999845e-05,2.8e-09,2e-09,1.9999995e-09,0.0005155014,-0.00046551364,-5.0001836e-05,0.0,2.6310607e-18,0.0004999683,-0.0004999684,1.5230589e-10,0.0,6.0949056e-15,0.00023394033,-0.0006839142,0.00045000413,0.0,-3.3070945e-15,0.0007999602,-0.00019999366,-0.0005999969,0.0,2.3163122e-15,0.0003074247,-0.00074840774,0.00044099733,0.0,-1.2457708e-15,0.0005718532,-0.00043086018,-0.00014099904,-5.999975e-09,-2.8e-09,1.1627931e-06,-9.786686e-07,-4.7950148e-17
0.091998,5.0,-5.0,1.0,0.0,1.000002,5.4333404e-09,-2.999987,3.786935e-06,2.0,2.9999874,1.6089568e-07,-1.4099907,2.2368176e-06,0.59828085,-7.233693e-07,-4.9999895,-1.4,-6.082816e-13,0.00011108492,-0.00014999954,9.999981e-05,0.0002999987,0.0002999987,-0.0002999985,-0.0002999985,0.00014099899,2.9914081e-05,4.999991e-05,-1.8907509e-10,-0.002929811,0.0030296363,-2e-09,0.0,-9.999981e-05,2.8e-09,2e-09,2.0000042e-09,0.0005155014,-0.00046551356,-5.0001912e-05,0.0,1.0866696e-17,0.00049996824,-0.0004999685,1.8907466e-10,0.0,7.5738705e-15,0.00023394037,-0.0006839143,0.00045000424,0.0,3.217912e-16,0.0007999602,-0.00019999334,-0.0005999972,0.0,4.4736337e-15,0.00030742466,-0.0007484079,0.00044099748,0.0,-1.4467386e-15,0.00057185313,-0.0004308602,-0.00014099899,-5.999974e-09,-2.8e-09,1.1627931e-06,-9.786686e-07,-4.3327006e-17
0.09199866997839326,5.0,-5.0,1.0,0.0,1.0000392,8.59269e-08,-2.9999752,1.5982963e-05,2.0,3.0000165,2.0518879e-05,-1.4099727,2.3800787e-05,0.59827924,-1.8967357e-06,-4.9999895,-1.4,-6.0828117e-13,0.00011108302,-0.00014999957,9.9999204e-05,0.00029999958,0.00029999958,-0.00029999926,-0.00029999926,0.00014099709,2.9914057e-05,5.000116e-05,-7.9485185e-10,-0.0029298104,0.0030296354,-2e-09,0.0,-9.9999204e-05,2.8e-09,2e-09,2.0000783e-09,0.0005155012,-0.0004655121,-5.000316e-05,0.0,1.718538e-16,0.00049996795,-0.00049996877,7.948517e-10,0.0,3.196593e-14,0.00023394127,-0.00068391615,0.00045000514,0.0,4.1037757e-14,0.000799959,-0.0001999905,-0.00059999886,0.0,4.7601575e-14,0.00030742603,-0.00074840814,0.00044099634,0.0,-3.7934718e-15,0.0005718521,-0.00043086105,-0.00014099709,-5.9999508e-09,-2.8e-09,1.1627931e-06,-9.786686e-07,2.739128e-17
0.09199882645747495,5.0,-5.0,1.0,0.0,0.9999855,-3.087931e-08,-2.9999914,-1.4739445e-06,2.0,2.9999728,-9.255977e-06,-1.4099973,-6.8444956e-06,0.5982815,-2.394088e-07,-4.9999895,-1.4,-6.082817e-13,0.00011108562,-0.00014999948,0.00010000007,0.0002999982,0.0002999982,-0.00029999798,-0.00029999798,0.0001409997,2.9914088e-05,4.999935e-05,7.2153276e-11,-0.0029298111,0.003029637,-2e-09,0.0,-0.00010000007,2.8e-09,2e-09,1.999971e-09,0.00051550154,-0.0004655142,-5.0001352e-05,0.0,-6.175862e-17,0.0004999684,-0.0004999683,-7.2153214e-11,0.0,-2.9478898e-15,0.00023394005,-0.0006839135,0.00045000372,0.0,-1.8511954e-14,0.00079996063,-0.00019999477,-0.0005999962,0.0,-1.3688992e-14,0.0003074242,-0.0007484076,0.00044099768,0.0,-4.788175e-16,0.00057185354,-0.0004308599,-0.0001409997,-5.9999827e-09,-2.8e-09,1.1627931e-06,-9.786686e-07,-2.974254e-17
0.09199898293655664,5.0,-5.0,1.0,0.0,0.999999,4.4456966e-11,-2.999987,3.0243073e-06,2.0,2.999981,-3.0213039e-06,-1.4099889,1.4245077e-06,0.59828097,-6.034564e-07,-4.9999895,-1.4,-6.0828155e-13,0.00011108475,-0.0001499995,9.9999845e-05,0.00029999838,0.00029999838,-0.00029999795,-0.00029999795,0.00014099883,2.9914077e-05,4.99998e-05,-1.5121313e-10,-0.002929811,0.0030296366,-2e-09,0.0,-9.9999845e-05,2.8e-09,2e-09,1.999998e-09,0.0005155014,-0.00046551367,-5.00018e-05,0.0,8.891323e-20,0.0004999683,-0.0004999684,1.5121313e-10,0.0,6.0486144e-15,0.00023394045,-0.00068391406,0.0004500039,0.0,-6.042608e-15,0.00079996,-0.00019999403,-0.0005999963,0.0,2.8490152e-15,0.0003074249,-0.0007484074,0.00044099678,0.0,-1.2069128e-15,0.0005718531,-0.00043086027,-0.00014099883,-5.999974e-09,-2.8e-09,1.1627931e-06,-9.786686e-07,-5.760738e-17
0.092,5.0,-5.0,1.0,0.0,0.999999,4.6328913e-11,-2.999987,3.0331666e-06,2.0,2.999981,-3.0293263e-06,-1.4099889,1.4285304e-06,0.59828097,-6.0368916e-07,-4.9999895,-1.4,-6.0828155e-13,0.00011108475,-0.0001499995,9.999985e-05,0.00029999838,0.00029999838,-0.00029999795,-0.00029999795,0.00014099883,2.9914077e-05,4.99998e-05,-1.5165601e-10,-0.002929811,0.0030296366,-2e-09,0.0,-9.999985e-05,2.8e-09,2e-09,1.999998e-09,0.0005155014,-0.00046551367,-5.00018e-05,0.0,9.265829e-20,0.0004999683,-0.0004999684,1.5165601e-10,0.0,6.066333e-15,0.00023394046,-0.00068391406,0.0004500039,0.0,-6.0586526e-15,0.00079996005,-0.00019999404,-0.0005999963,0.0,2.8570608e-15,0.0003074249,-0.0007484074,0.00044099678,0.0,-1.2073783e-15,0.0005718531,-0.00043086027,-0.00014099883,-5.999974e-09,-2.8e-09,1.1627931e-06,-9.786686e-07,7.3440086e-17
0.09200002561344055,5.0,-5.0,1.0,0.02561344,1.0,0.017771276,-3.0060954,0.002918956,2.0,3.0030444,-0.0015255065,-1.4108127,0.0004205018,0.59829277,-7.5903918e-06,-4.9999895,-1.4,-6.083003e-13,0.00011116548,-0.00015045071,9.985405e-05,0.00030045697,0.00030045697,-0.00030026239,-0.00030026239,0.00014108051,2.9915016e-05,4.9854054e-05,7.4261595e-07,-0.002929943,0.003029623,-2e-09,-5.122688e-11,-9.9854085e-05,2.8e-09,2e-09,2.0000002e-09,0.0005154248,-0.00046558282,-4.9856088e-05,5.122688e-11,3.554255e-11,0.0005003337,-0.00049959146,-7.424897e-07,0.0,5.8379126e-12,0.00023339782,-0.000684281,0.00045091353,0.0,-3.0510128e-12,0.0008004112,-0.00019972233,-0.0006007192,0.0,8.410036e-13,0.00030731302,-0.00074864156,0.00044134283,0.0,-1.5180784e-14,0.0005718996,-0.0004308251,-0.0001410805,-6.0121907e-09,-2.8e-09,1.1627992e-06,-9.786625e-07,7.231907e-17
0.09200007684032165,5.0,-5.0,1.0,0.07684032,1.0000007,0.06226312,-3.029993,0.008067639,2.0,3.0191221,-0.005435461,-1.4162883,0.0018360827,0.5983883,-3.624847e-05,-4.9999895,-1.4,-6.0842455e-13,0.000111703965,-0.00015190303,9.959662e-05,0.00030245574,0.00030245574,-0.00030172858,-0.00030172858,0.0001416252,2.9921226e-05,4.9596656e-05,2.709774e-06,-0.0029300207,0.0030294436,-2e-09,-1.5368064e-10,-9.959664e-05,2.8e-09,2e-09,2.0000015e-09,0.0005152896,-0.000465705,-4.9598675e-05,1.5368064e-10,1.2452624e-10,0.0005012662,-0.00049855735,-2.7097904e-06,0.0,1.6135277e-11,0.00023110479,-0.000685439,0.00045436472,0.0,-1.0870921e-11,0.0008023671,-0.00019821338,-0.0006041842,0.0,3.672165e-12,0.00030662058,-0.00074996,0.00044335373,0.0,-7.249694e-14,0.0005722096,-0.0004305904,-0.00014162519,-6.059986e-09,-2.8e-09,1.1628231e-06,-9.786386e-07,7.402867e-17
0.09200017929408383,5.0,-5.0,1.0,0.17929408,1.0,0.16304156,-3.108871,0.013542522,2.0,3.0856714,-0.011599694,-1.4433497,0.0047046174,0.59892017,-0.00010284579,-4.9999895,-1.4,-6.0902303e-13,0.000114373535,-0.00015612067,9.9322875e-05,0.00030972713,0.0003097271,-0.00030809667,-0.00030809667,0.00014432469,2.9951152e-05,4.9322876e-05,7.474952e-06,-0.002929414,0.003028564,-2e-09,-3.5858816e-10,-9.9322875e-05,2.8e-09,2e-09,2.0000002e-09,0.00051514583,-0.000465835,-4.9324874e-05,3.5858816e-10,3.2608313e-10,0.00050336204,-0.0004958891,-7.4752775e-06,0.0,2.7085044e-11,0.00022308993,-0.0006889126,0.000465854,0.0,-2.3199389e-11,0.0008095338,-0.00019174117,-0.0006178238,0.0,9.409235e-12,0.00030337035,-0.0007557771,0.00045242134,0.0,-2.0569158e-13,0.0005737491,-0.0004294304,-0.00014432469,-6.217742e-09,-2.8e-09,1.162902e-06,-9.785597e-07,6.991911e-17
0.09200038420160819,5.0,-5.0,1.0,0.38420162,0.99999905,0.36815533,-3.3037043,0.016112372,2.0,3.2717555,-0.015974265,-1.5269248,0.0073469724,0.60063565,-0.00016757155,-4.9999895,-1.4,-6.108031e-13,0.00012263523,-0.00016599083,9.919438e-05,0.000328773,0.00032877296,-0.00032644084,-0.00032644082,0.00015267574,3.004016e-05,4.9194336e-05,1.7602148e-05,-0.0029267755,0.0030257984,-2e-09,-7.6840323e-10,-9.919438e-05,2.8e-09,2e-09,1.9999982e-09,0.00051507837,-0.00046589607,-4.9196336e-05,7.6840323e-10,7.363106e-10,0.0005073067,-0.000489709,-1.7602852e-05,0.0,3.2224747e-11,0.0002025486,-0.0006972854,0.0004947701,0.0,-3.194853e-11,0.000828498,-0.0001733181,-0.0006552129,0.0,1.4693946e-11,0.0002936515,-0.0007727517,0.00047911564,0.0,-3.351431e-13,0.0005785292,-0.00042585988,-0.00015267539,-6.6074084e-09,-2.8e-09,1.1630968e-06,-9.783648e-07,4.6552524e-17
0.09200059126775478,5.0,-5.0,1.0,0.59126776,0.99999905,0.57525766,-3.5101206,0.016283853,2.0,3.4776187,-0.016250743,-1.6233878,0.0075461906,0.6026006,-0.0001633057,-4.9999895,-1.4,-6.1276364e-13,0.00013218356,-0.00017632022,9.91858e-05,0.00034938697,0.00034938694,-0.00034700727,-0.00034700724,0.00016232245,3.0138195e-05,4.9185757e-05,2.794869e-05,-0.0029231817,0.0030221979,-2e-09,-1.1825355e-09,-9.918582e-05,2.8e-09,2e-09,1.999998e-09,0.0005150738,-0.00046590014,-4.918777e-05,1.1825355e-09,1.1505152e-09,0.00051075686,-0.00048281523,-2.794977e-05,0.0,3.256771e-11,0.00018028053,-0.0007059587,0.0005257136,0.0,-3.2501488e-11,0.0008491595,-0.00015280224,-0.00069639244,0.0,1.5092382e-11,0.00028266895,-0.00079198036,0.0005093278,0.0,-3.266114e-13,0.0005840788,-0.00042176308,-0.00016232175,-7.0202413e-09,-2.8e-09,1.1633032e-06,-9.781585e-07,5.1182863e-17
0.09200068117819057,5.0,-5.0,1.0,0.6811782,0.99999905,0.6651662,-3.6000347,0.016282465,2.0,3.567592,-0.016221263,-1.6657491,0.0074959486,0.6034218,-0.00015698094,-4.9999895,-1.4,-6.135786e-13,0.00013637984,-0.00018081586,9.9185876e-05,0.00035838134,0.0003583813,-0.00035600958,-0.00035600958,0.0001665592,3.0178939e-05,4.9185826e-05,3.2444186e-05,-0.0029212562,0.003020273,-2e-09,-1.3623563e-09,-9.918588e-05,2.8e-09,2e-09,1.999998e-09,0.0005150739,-0.00046590008,-4.9187835e-05,1.3623563e-09,1.3303323e-09,0.000511983,-0.0004795469,-3.2445463e-05,0.0,3.2564933e-11,0.00017039757,-0.0007095652,0.000539204,0.0,-3.2442524e-11,0.0008581839,-0.00014383018,-0.0007143898,0.0,1.4991898e-11,0.00027792284,-0.0008004736,0.0005225676,0.0,-3.1396188e-13,0.00058653165,-0.00041997898,-0.00016655878,-7.2000694e-09,-2.8e-09,1.1633931e-06,-9.780686e-07,6.0651556e-17
0.09200082017912842,5.0,-5.0,1.0,0.8201791,0.999999,0.804104,-3.7388506,0.016312942,2.0,3.7061646,-0.016342847,-1.7307634,0.007574047,0.60461175,-0.00015302001,-4.9999895,-1.4,-6.147647e-13,0.0001428228,-0.00018775817,9.918435e-05,0.00037225077,0.00037225074,-0.00036985904,-0.00036985904,0.00017306104,3.0238238e-05,4.9184302e-05,3.938955e-05,-0.0029177237,0.00301674,-2e-09,-1.6403583e-09,-9.918436e-05,2.8e-09,2e-09,1.999998e-09,0.0005150731,-0.0004659008,-4.918631e-05,1.6403583e-09,1.6082079e-09,0.0005134645,-0.0004740847,-3.939114e-05,0.0,3.2625885e-11,0.00015486858,-0.00071484724,0.00056001643,0.0,-3.2685694e-11,0.0008720905,-0.00013001822,-0.0007421098,0.0,1.5148095e-11,0.00027074377,-0.00081364636,0.0005429201,0.0,-3.0604002e-13,0.0005903198,-0.0004172649,-0.00017306104,-7.477701e-09,-2.8e-09,1.1635319e-06,-9.779297e-07,5.343392e-17
0.092001,5.0,-5.0,1.0,1.0,0.9999989,0.983855,-3.9184566,0.016349189,2.0,3.8856037,-0.016426232,-1.81512,0.00756035,0.6061085,-0.00014502005,-4.9999895,-1.4,-6.162534e-13,0.00015118488,-0.00019674028,9.918254e-05,0.00039020303,0.000390203,-0.00038780435,-0.00038780432,0.0001814975,3.0312674e-05,4.9182487e-05,4.8375292e-05,-0.0029126697,0.0030116856,-2e-09,-2e-09,-9.918256e-05,2.8e-09,2e-09,1.9999977e-09,0.00051507214,-0.00046590168,-4.9184502e-05,2e-09,1.96771e-09,0.00051502534,-0.00046666194,-4.8377264e-05,0.0,3.269838e-11,0.0001345314,-0.0007214431,0.0005869513,0.0,-3.2852464e-11,0.0008900987,-0.00011213041,-0.0007780076,0.0,1.51207e-11,0.00026152364,-0.0008308073,0.000569302,0.0,-2.900401e-13,0.00059525477,-0.00041376337,-0.00018149755,-7.836913e-09,-2.8e-09,1.1637115e-06,-9.777501e-07,-1.2220568e-18
0.09200101798208715,5.0,-5.0,1.0,1.0,0.99999803,0.9909053,-3.9335272,0.014343887,2.0,3.9023955,-0.015565764,-1.8232881,0.0073725455,0.6062489,-0.00014241507,-4.9999895,-1.4,-6.1639127e-13,0.000151995,-0.00019739356,9.9282806e-05,0.00039179614,0.00039179611,-0.0003895023,-0.00038950227,0.00018231457,3.0319565e-05,4.928271e-05,4.882807e-05,-0.0029121651,0.0030112814,-2e-09,-2e-09,-9.928288e-05,2.8e-09,2e-09,1.9999962e-09,0.0005151248,-0.0004658541,-4.928478e-05,2e-09,1.9818107e-09,0.0005150988,-0.00046628303,-4.8829712e-05,0.0,2.8687773e-11,0.00013271433,-0.0007218718,0.0005891972,0.0,-3.1131528e-11,0.0008916816,-0.000110422894,-0.0007812982,0.0,1.474509e-11,0.00026064645,-0.00083244476,0.00057181675,0.0,-2.8483016e-13,0.0005957353,-0.00041342693,-0.00018231457,-7.867055e-09,-2.8e-09,1.1637266e-06,-9.777351e-07,-2.017703e-19
0.09200105394626147,5.0,-5.0,1.0,1.0,0.99999714,0.99766856,-3.9568045,0.010215208,2.0,3.9310422,-0.012881029,-1.8379787,0.006538168,0.60650784,-0.00012974026,-4.9999895,-1.4,-6.166376e-13,0.000153453,-0.00019835099,9.948924e-05,0.00039439235,0.00039439232,-0.0003924504,-0.0003924504,0.0001837849,3.033188e-05,4.94891e-05,4.937267e-05,-0.0029114077,0.0030107303,-2e-09,-2e-09,-9.948924e-05,2.8e-09,2e-09,1.9999944e-09,0.00051523314,-0.00046575614,-4.9491096e-05,2e-09,1.9953372e-09,0.0005152266,-0.00046586606,-4.937461e-05,0.0,2.0430416e-11,0.0001298435,-0.00072255457,0.0005927511,0.0,-2.5762057e-11,0.0008942596,-0.000107456864,-0.00078684255,0.0,1.3076336e-11,0.00025908026,-0.0008352968,0.0005762352,0.0,-2.5948053e-13,0.0005966008,-0.00041282206,-0.00018378487,-7.913609e-09,-2.8e-09,1.1637499e-06,-9.777118e-07,1.6025122e-17
0.09200112587461011,5.0,-5.0,1.0,1.0,0.99999744,1.0000745,-3.9814887,0.0046457974,2.0,3.9667826,-0.0073529747,-1.8581609,0.0042359727,0.6068836,-8.96709e-05,-4.9999895,-1.4,-6.1697327e-13,0.00015545846,-0.00019930673,9.976771e-05,0.00039741356,0.00039741356,-0.00039625465,-0.00039625465,0.00018580712,3.0348661e-05,4.9767583e-05,4.9771435e-05,-0.0029106615,0.0030102623,-2e-09,-2e-09,-9.9767676e-05,2.8e-09,2e-09,1.9999948e-09,0.0005153794,-0.00046562395,-4.9769544e-05,2e-09,2.0001492e-09,0.00051537965,-0.00046562013,-4.9773585e-05,0.0,9.291595e-12,0.00012670846,-0.00072339654,0.00059672835,0.0,-1.470595e-11,0.0008972855,-0.000103657505,-0.0007936682,0.0,8.471946e-12,0.00025695245,-0.0008389954,0.00058206177,0.0,-1.7934181e-13,0.0005977921,-0.00041199112,-0.00018580712,-7.962977e-09,-2.8e-09,1.1637745e-06,-9.776871e-07,3.3735486e-17
0.09200126973130737,5.0,-5.0,1.0,1.0,0.99999875,0.9999917,-3.9973674,0.000655733,2.0,3.9946718,-0.001347776,-1.8760856,0.000959247,0.6072457,-2.3561452e-05,-4.9999895,-1.4,-6.1726926e-13,0.00015724274,-0.00019990116,9.996721e-05,0.00039960197,0.00039960197,-0.00039937126,-0.00039937126,0.00018760622,3.0363462e-05,4.996715e-05,4.9966795e-05,-0.0029102492,0.0030100497,-2e-09,-2e-09,-9.996721e-05,2.8e-09,2e-09,1.9999975e-09,0.00051548425,-0.00046552919,-4.9969152e-05,2e-09,1.9999833e-09,0.00051548425,-0.0004655295,-4.9968796e-05,0.0,1.311466e-12,0.00012463643,-0.0007241071,0.00059951114,0.0,-2.6955521e-12,0.00089954236,-0.00010060959,-0.0007989732,0.0,1.918494e-12,0.00025508564,-0.00084204413,0.00058697746,0.0,-4.7122903e-14,0.00059885246,-0.0004112524,-0.00018760622,-7.994735e-09,-2.8e-09,1.1637904e-06,-9.776712e-07,-3.1194222e-17
0.09200141850525699,5.0,-5.0,1.0,1.0,0.99999905,1.0000074,-4.000118,-2.7862701e-05,2.0,4.0002832,8.270318e-05,-1.8801955,-4.2437397e-05,0.6073368,-6.547796e-08,-4.9999895,-1.4,-6.173369e-13,0.0001576527,-0.0002000045,0.000100001394,0.00040002007,0.00040002007,-0.00040003256,-0.00040003256,0.00018801955,3.0366846e-05,5.0001345e-05,5.0001763e-05,-0.0029101935,0.0030100283,-2e-09,-2e-09,-0.000100001394,2.8e-09,2e-09,1.9999982e-09,0.00051550224,-0.00046551295,-5.0003346e-05,2e-09,2.0000148e-09,0.00051550224,-0.00046551254,-5.0003764e-05,0.0,-5.5725403e-14,0.00012427152,-0.0007242636,0.00060003257,0.0,1.6540637e-13,0.00089999585,-9.998377e-05,-0.00080005266,0.0,-8.4874795e-14,0.0002546619,-0.000842695,0.00058805215,0.0,-1.30956e-16,0.00059909606,-0.00041108267,-0.00018801955,-8.000235e-09,-2.8e-09,1.1637932e-06,-9.776685e-07,-5.2265864e-17
0.09200163045218414,5.0,-5.0,1.0,1.0,0.999999,0.99999535,-3.9999766,4.417144e-06,2.0,3.999952,-1.2298355e-05,-1.8799777,-1.2935824e-07,0.607333,-3.69603e-07,-4.9999895,-1.4,-6.1733333e-13,0.00015763106,-0.00019999906,9.999978e-05,0.00039999644,0.00039999644,-0.00039999522,-0.00039999522,0.00018799772,3.0366667e-05,4.9999726e-05,4.9999544e-05,-0.0029101968,0.00301003,-2e-09,-2e-09,-9.999978e-05,2.8e-09,2e-09,1.999998e-09,0.0005155014,-0.0004655137,-5.0001727e-05,2e-09,1.9999906e-09,0.00051550136,-0.00046551388,-5.0001545e-05,0.0,8.834288e-15,0.00012429048,-0.0007242535,0.00060000346,0.0,-2.4596707e-14,0.0008999721,-0.000100020996,-0.00079999166,0.0,-2.5871147e-16,0.0002546845,-0.00084265845,0.00058799295,0.0,-7.39206e-16,0.0005990832,-0.0004110916,-0.00018799772,-7.999954e-09,-2.8e-09,1.1637931e-06,-9.776686e-07,1.37113574e-17
0.09200252245335556,5.0,-5.0,1.0,1.0,0.999999,0.99999774,-3.9999819,3.715856e-06,2.0,3.9999714,-5.2967375e-06,-1.879986,3.6418228e-07,0.60733294,-5.3122903e-07,-4.9999895,-1.4,-6.173335e-13,0.00015763188,-0.00019999928,9.9999816e-05,0.00039999766,0.00039999766,-0.00039999708,-0.00039999708,0.00018799855,3.0366675e-05,4.9999762e-05,4.9999704e-05,-0.0029101965,0.0030100297,-2e-09,-2e-09,-9.9999816e-05,2.8e-09,2e-09,1.999998e-09,0.0005155014,-0.0004655137,-5.0001763e-05,2e-09,1.9999955e-09,0.00051550136,-0.00046551376,-5.0001705e-05,0.0,7.431711e-15,0.00012428974,-0.0007242542,0.0006000049,0.0,-1.05934735e-14,0.00089997303,-0.0001000188,-0.00079999474,0.0,7.2836135e-16,0.0002546836,-0.00084266026,0.00058799563,0.0,-1.0624579e-15,0.00059908367,-0.00041109126,-0.00018799855,-7.999964e-09,-2.8e-09,1.1637931e-06,-9.776686e-07,4.4491994e-17
0.09498890690195927,5.0,-5.0,1.0,1.0,0.999999,0.99999875,-3.9999819,3.973329e-06,2.0,3.9999733,-4.2260945e-06,-1.8799851,1.5939719e-06,0.6073329,-6.006319e-07,-4.9999895,-1.4,-6.1733344e-13,0.00015763177,-0.00019999928,9.99998e-05,0.00039999775,0.00039999775,-0.0003999972,-0.0003999972,0.00018799845,3.0366673e-05,4.999975e-05,4.9999737e-05,-0.0029101965,0.0030100297,-2e-09,-2e-09,-9.99998e-05,2.8e-09,2e-09,1.999998e-09,0.00051550136,-0.0004655137,-5.000175e-05,2e-09,1.9999975e-09,0.0005155014,-0.00046551373,-5.0001738e-05,0.0,7.946657e-15,0.00012428974,-0.0007242543,0.00060000503,0.0,-8.4521886e-15,0.000899973,-0.00010001856,-0.000799995,0.0,3.187943e-15,0.0002546837,-0.00084266026,0.00058799563,0.0,-1.2012637e-15,0.0005990836,-0.0004110913,-0.00018799845,-7.999963e-09,-2.8e-09,1.1637931e-06,-9.776686e-07,-2.2904406e-17
0.094993,5.0,-5.0,1.0,1.0,0.999999,0.99999475,-3.9999828,2.6938123e-06,2.0,3.9999695,-6.7601845e-06,-1.8799907,-3.4507354e-06,0.6073332,-3.9168995e-07,-4.9999895,-1.4,-6.173336e-13,0.00015763236,-0.00019999928,9.999986e-05,0.00039999763,0.00039999763,-0.00039999728,-0.00039999728,0.00018799903,3.0366678e-05,4.9999813e-05,4.9999606e-05,-0.0029101968,0.0030100297,-2e-09,-2e-09,-9.999986e-05,2.8e-09,2e-09,1.999998e-09,0.0005155014,-0.00046551367,-5.0001814e-05,2e-09,1.9999897e-09,0.0005155014,-0.00046551388,-5.0001603e-05,0.0,5.3876246e-15,0.0001242896,-0.000724254,0.0006000049,0.0,-1.35203696e-14,0.0008999734,-0.000100019,-0.0007999949,0.0,-6.9014707e-15,0.00025468317,-0.00084266043,0.0005879963,0.0,-7.833799e-16,0.00059908396,-0.00041109108,-0.00018799903,-7.999966e-09,-2.8e-09,1.1637931e-06,-9.776686e-07,-3.720504e-17
0.095001,5.0,-5.0,1.0,1.0,0.99999905,1.0000049,-3.99998,6.002877e-06,2.0,3.999976,-2.017887e-06,-1.8799794,6.2947647e-06,0.60733277,-5.969423e-07,-4.9999895,-1.4,-6.173334e-13,0.0001576312,-0.0001999993,9.99997e-05,0.00039999778,0.00039999778,-0.00039999696,-0.00039999696,0.00018799788,3.036667e-05,4.999965e-05,4.9999944e-05,-0.002910196,0.003010029,-2e-09,-2e-09,-9.99997e-05,2.8e-09,2e-09,1.999998e-09,0.00051550136,-0.00046551376,-5.000165e-05,2e-09,2.0000097e-09,0.00051550136,-0.00046551347,-5.0001945e-05,0.0,1.2005754e-14,0.00012428981,-0.0007242544,0.0006000051,0.0,-4.035774e-15,0.00089997216,-0.00010001799,-0.00079999474,0.0,1.25895295e-14,0.00025468422,-0.00084266,0.0005879948,0.0,-1.1938846e-15,0.00059908326,-0.00041109155,-0.00018799788,-7.99996e-09,-2.8e-09,1.1637931e-06,-9.776686e-07,-5.1486262e-17
0.0950010979137303,5.0,-5.0,0.90208626,1.0,0.91191506,1.0000005,-3.9404697,-0.0071384325,2.0,3.95226,0.0058951513,-1.8610046,-0.002341729,0.6070595,3.866839e-05,-4.9999895,-1.4,-6.170203e-13,0.00015575357,-0.00019666656,0.00010035692,0.00039463647,0.00039463647,-0.00039546017,-0.00039546017,0.00018610433,3.035104e-05,4.595267e-05,5.0356946e-05,-0.0029119817,0.003012171,-1.8041726e-09,-2e-09,-0.00010035686,2.8e-09,1.8041726e-09,1.8238301e-09,0.0005149826,-0.00046904024,-4.5955174e-05,2e-09,2.000001e-09,0.0005156891,-0.00046534426,-5.035889e-05,0.0,-1.4276864e-11,0.00013081213,-0.00072208454,0.0005913123,0.0,1.1790302e-11,0.00089460507,-0.000104546976,-0.0007900981,0.0,-4.683458e-12,0.00025676336,-0.00083830993,0.00058156543,0.0,7.733678e-14,0.00059796567,-0.00041186725,-0.00018610459,-7.8809395e-09,-2.8e-09,1.1637336e-06,-9.777281e-07,5.6751207e-18
0.09500129374119091,5.0,-5.0,0.70625883,1.0,0.72217023,0.99999845,-3.779931,-0.014440459,2.0,3.8067753,0.013421957,-1.7977494,-0.0058264527,0.6060385,0.00010697317,-4.9999895,-1.4,-6.1593124e-13,0.00014948923,-0.00018827453,0.00010072203,0.0003793353,0.00037933534,-0.00038126018,-0.0003812602,0.00017978562,3.0296576e-05,3.6830534e-05,5.072195e-05,-0.0029161957,0.0030167485,-1.4125177e-09,-2e-09,-0.00010072198,2.8e-09,1.4125177e-09,1.4443405e-09,0.00051314937,-0.00047632706,-3.68324e-05,2e-09,1.9999968e-09,0.00051588105,-0.00046517118,-5.072391e-05,0.0,-2.8880918e-11,0.00014865707,-0.0007162371,0.0005676183,0.0,2.6843914e-11,0.00087936677,-0.00011880891,-0.0007605964,0.0,-1.1652906e-11,0.00026372133,-0.0008247495,0.0005610464,0.0,2.1394633e-13,0.00059425645,-0.00041447682,-0.0001797858,-7.559862e-09,-2.8e-09,1.163573e-06,-9.778887e-07,3.423856e-17
0.09500160834507877,5.0,-5.0,0.3916549,1.0,0.40677196,0.99999976,-3.4706688,-0.015974114,2.0,3.5045724,0.016951606,-1.6592371,-0.008223154,0.6036431,0.0001742423,-4.9999895,-1.4,-6.134689e-13,0.0001357677,-0.00017273474,0.00010079871,0.00034876206,0.00034876209,-0.00035127954,-0.00035127957,0.00016594114,3.0173444e-05,2.1137304e-05,5.0798695e-05,-0.0029233047,0.0030239318,-7.8330986e-10,-2e-09,-0.0001007987,2.8e-09,7.8330986e-10,8.135439e-10,0.00050895405,-0.0004878216,-2.113812e-05,2e-09,1.9999997e-09,0.0005159214,-0.00046513474,-5.0800696e-05,0.0,-3.194823e-11,0.00018312225,-0.0007045909,0.00052150374,0.0,3.390321e-11,0.00084895425,-0.00014894808,-0.00070004165,0.0,-1.6446308e-11,0.00027902564,-0.0007962296,0.0005172207,0.0,3.4848461e-13,0.0005861638,-0.00042022875,-0.00016594114,-6.9413377e-09,-2.8e-09,1.1632637e-06,-9.781979e-07,3.408302e-17
0.09500161936527386,5.0,-5.0,0.38063473,1.0,0.3959127,0.99999964,-3.4596167,-0.015925895,2.0,3.4932797,0.016831396,-1.6538477,-0.008167476,0.6035433,0.00017402493,-4.9999895,-1.4,-6.133693e-13,0.00013523371,-0.00017218453,0.0001007963,0.0003476448,0.00034764482,-0.00035014472,-0.00035014472,0.00016540218,3.0168463e-05,2.059193e-05,5.0796276e-05,-0.0029235203,0.003024145,-7.6126944e-10,-2e-09,-0.00010079629,2.8e-09,7.6126944e-10,7.918254e-10,0.00050877914,-0.00048819196,-2.0592724e-05,2e-09,1.9999993e-09,0.0005159201,-0.00046513588,-5.0798277e-05,0.0,-3.1851796e-11,0.00018434407,-0.00070414535,0.00051983626,0.0,3.366279e-11,0.0008478386,-0.00015008438,-0.00069778954,0.0,-1.6334954e-11,0.0002796248,-0.000795155,0.00051554694,0.0,3.4804985e-13,0.00058585027,-0.00042045422,-0.00016540218,-6.919233e-09,-2.8e-09,1.1632527e-06,-9.78209e-07,3.405697e-17
0.09500164140566404,5.0,-5.0,0.35859433,1.0,0.37438166,0.9999992,-3.4380252,-0.015910931,2.0,3.4709373,0.016455872,-1.6429785,-0.0079169385,0.6033319,0.00017004058,-4.9999895,-1.4,-6.1316187e-13,0.00013415675,-0.00017110571,0.00010079554,0.00034544812,0.00034544815,-0.00034788542,-0.00034788545,0.00016431486,3.0158093e-05,1.951463e-05,5.079551e-05,-0.0029238781,0.003024502,-7.171887e-10,-2e-09,-0.00010079554,2.8e-09,7.171887e-10,7.4876333e-10,0.0005083931,-0.00048888294,-1.9515384e-05,2e-09,1.9999984e-09,0.0005159197,-0.00046513625,-5.0797506e-05,0.0,-3.1821865e-11,0.00018670365,-0.00070322957,0.00051656074,0.0,3.2911743e-11,0.0008456368,-0.00015233838,-0.00069333357,0.0,-1.583388e-11,0.00028084125,-0.00079302496,0.0005122003,0.0,3.4008118e-13,0.0005852204,-0.00042091162,-0.00016431486,-6.8760504e-09,-2.8e-09,1.1632311e-06,-9.782306e-07,5.433152e-18
0.0950016854864444,5.0,-5.0,0.31451356,1.0,0.33054104,0.999999,-3.3946023,-0.016015388,2.0,3.4269702,0.016183868,-1.6219263,-0.0076531568,0.60291964,0.00016529267,-4.9999895,-1.4,-6.127543e-13,0.00013207144,-0.00016892934,0.00010080077,0.00034107862,0.00034107864,-0.00034346234,-0.00034346236,0.00016220915,3.0137715e-05,1.7327822e-05,5.0800718e-05,-0.002924556,0.0030251849,-6.290271e-10,-2e-09,-0.00010080077,2.8e-09,6.290271e-10,6.610821e-10,0.00050757756,-0.0004902537,-1.7328492e-05,2e-09,1.999998e-09,0.00051592244,-0.00046513378,-5.0802715e-05,0.0,-3.2030777e-11,0.00019141397,-0.0007013944,0.00051001477,0.0,3.2367733e-11,0.000841264,-0.00015675767,-0.000684541,0.0,-1.5306314e-11,0.0002832124,-0.00078886753,0.00050567155,0.0,3.3058536e-13,0.0005840025,-0.00042179946,-0.00016220917,-6.7892048e-09,-2.8e-09,1.1631877e-06,-9.78274e-07,-5.1751066e-17
0.09500177364800512,5.0,-5.0,0.22635199,1.0,0.24241172,0.999999,-3.3071218,-0.016177608,2.0,3.3394732,0.01617554,-1.5806153,-0.0075257355,0.6021047,0.00016466052,-4.9999895,-1.4,-6.119401e-13,0.00012798101,-0.00016454721,0.00010080888,0.00033232974,0.00033232977,-0.0003346999,-0.0003346999,0.000158078,3.0097002e-05,1.2929467e-05,5.080883e-05,-0.0029258272,0.0030264633,-4.5270399e-10,-2e-09,-0.00010080888,2.8e-09,4.5270399e-10,4.8482346e-10,0.00050585304,-0.00049292645,-1.2929954e-05,2e-09,1.999998e-09,0.0005159267,-0.00046512994,-5.0810828e-05,0.0,-3.2355216e-11,0.00020083951,-0.00069768965,0.0004968836,0.0,3.235108e-11,0.000832528,-0.0001655321,-0.0006670297,0.0,-1.505147e-11,0.00028789876,-0.00078066066,0.00049277797,0.0,3.2932104e-13,0.00058161805,-0.00042354612,-0.00015807801,-6.6142434e-09,-2.8e-09,1.1631001e-06,-9.783614e-07,-2.4573566e-17
0.095002,5.0,-5.0,0.0,1.0,0.016060635,0.999999,-3.0808883,-0.01620697,2.0,3.113378,0.016244808,-1.4744377,-0.00758501,0.59990746,0.00017911519,-4.9999895,-1.4,-6.097283e-13,0.000117475276,-0.00015323405,0.00010081035,0.0003097133,0.00030971333,-0.00031209632,-0.00031209632,0.00014746169,2.9986417e-05,1.6133803e-06,5.0810297e-05,-0.0029283168,0.003028953,0.0,-2e-09,-0.00010081035,2.8e-09,0.0,3.212127e-11,0.00050077244,-0.0004991592,-1.6134127e-06,2e-09,1.999998e-09,0.0005159275,-0.00046512924,-5.0812298e-05,0.0,-3.241394e-11,0.0002248167,-0.00068773906,0.00046295353,0.0,3.248962e-11,0.0008099766,-0.00018819845,-0.0006218096,0.0,-1.517002e-11,0.0003001329,-0.000759676,0.000459558,0.0,3.5823037e-13,0.00057552796,-0.00042807232,-0.00014746169,-6.1617764e-09,-2.8e-09,1.162874e-06,-9.785877e-07,-5.7598876e-17
0.0950020100057747,5.0,-5.0,0.0,1.0,0.010665306,0.9999996,-3.0716352,-0.015242415,2.0,3.103572,0.015968218,-1.4697641,-0.0075409673,0.5998054,0.00017926973,-4.9999895,-1.4,-6.096261e-13,0.000117013034,-0.00015281963,0.000100762125,0.00030876033,0.00030876038,-0.0003111113,-0.0003111113,0.00014699434,2.9981307e-05,1.295386e-06,5.07621e-05,-0.002928453,0.003029041,0.0,-2e-09,-0.00010076208,2.8e-09,0.0,2.1330613e-11,0.00050061475,-0.0004993193,-1.2955649e-06,2e-09,1.9999993e-09,0.0005159021,-0.00046515212,-5.0764058e-05,0.0,-3.048483e-11,0.00022580799,-0.00068736315,0.00046158623,0.0,3.193644e-11,0.0008090276,-0.00018918727,-0.0006198717,0.0,-1.5081934e-11,0.00030067662,-0.00075876736,0.00045810564,0.0,3.5853945e-13,0.0005752613,-0.000428273,-0.00014699434,-6.1432703e-09,-2.8e-09,1.1628647e-06,-9.78597e-07,-5.8539857e-17
0.09500203001732407,5.0,-5.0,0.0,1.0,0.0043790294,1.0000006,-3.0555508,-0.012792663,2.0,3.0851927,0.014820838,-1.4607255,-0.007268633,0.5996039,0.00017672348,-4.9999895,-1.4,-6.0942717e-13,0.00011611887,-0.0001521379,0.000100639634,0.00030703715,0.0003070372,-0.00030924613,-0.00030924616,0.00014609023,2.997136e-05,8.585846e-07,5.063966e-05,-0.0029287343,0.0030291995,0.0,-2e-09,-0.000100639605,2.8e-09,0.0,8.7580585e-12,0.00050039735,-0.0004995387,-8.586943e-07,2e-09,2.000001e-09,0.00051583775,-0.00046521015,-5.0641636e-05,0.0,-2.5585326e-11,0.00022755959,-0.00068670994,0.00045918126,0.0,2.9641678e-11,0.00080730784,-0.00019105567,-0.0006162834,0.0,-1.4537266e-11,0.00030172325,-0.0007570449,0.00045533638,0.0,3.5344698e-13,0.0005747458,-0.00042866165,-0.00014609023,-6.1111014e-09,-2.8e-09,1.1628487e-06,-9.78613e-07,-6.0414235e-17
0.09500207004042283,5.0,-5.0,0.0,1.0,0.00064669474,1.0000011,-3.033521,-0.008218197,2.0,3.0562005,0.011339678,-1.4453558,-0.0060826587,0.59924173,0.00015674674,-4.9999895,-1.4,-6.0908494e-13,0.00011459701,-0.00015126514,0.00010041091,0.00030448608,0.00030448608,-0.00030622832,-0.00030622832,0.00014455126,2.9954248e-05,4.4324457e-07,5.0410967e-05,-0.0029291757,0.0030294124,0.0,-2e-09,-0.000100410914,2.8e-09,0.0,1.2933895e-12,0.00050019,-0.00049974676,-4.432425e-07,2e-09,2.0000022e-09,0.0005157175,-0.0004653186,-5.0412968e-05,0.0,-1.6436394e-11,0.00023002391,-0.0006857505,0.00045575725,0.0,2.2679357e-11,0.0008047299,-0.00019404637,-0.0006107144,0.0,-1.2165318e-11,0.00030348208,-0.000754247,0.0004507796,0.0,3.134935e-13,0.0005738697,-0.00042932446,-0.00014455126,-6.067042e-09,-2.8e-09,1.1628266e-06,-9.786351e-07,-5.0780472e-17
0.09500215008662034,5.0,-5.0,0.0,1.0,-4.1025043e-05,1.0000002,-3.0128655,-0.0032265927,2.0,3.023984,0.0055590095,-1.426335,-0.0034438963,0.59875375,9.803113e-05,-4.9999895,-1.4,-6.086557e-13,0.00011271051,-0.00015048195,0.00010016133,0.0003018425,0.0003018425,-0.00030274276,-0.00030274276,0.0001426433,2.9932786e-05,1.5927837e-07,5.016134e-05,-0.0029295927,0.0030295798,0.0,-2e-09,-0.00010016133,2.8e-09,0.0,-8.205008e-14,0.00050004805,-0.00049988873,-1.592783e-07,2e-09,2.0000004e-09,0.0005155863,-0.000465437,-5.016334e-05,0.0,-6.4531856e-12,0.00023240599,-0.000684706,0.00045233045,0.0,1.111802e-11,0.0008019814,-0.00019742675,-0.0006045853,0.0,-6.8877924e-12,0.00030562282,-0.0007509944,0.00044538607,0.0,1.9606227e-13,0.0005727855,-0.0004301482,-0.0001426433,-6.0257315e-09,-2.8e-09,1.1628059e-06,-9.786557e-07,-1.9049065e-17
0.09500231017901538,5.0,-5.0,0.0,1.0,6.1974347e-06,0.99999917,-3.0015726,-0.0003917956,2.0,3.0032384,0.0008329282,-1.4124521,-0.0006326981,0.59835905,2.0667265e-05,-4.9999895,-1.4,-6.0833836e-13,0.00011133036,-0.00015005903,0.00010001959,0.00030024056,0.00030024056,-0.0003003871,-0.0003003871,0.00014124728,2.991692e-05,1.9899652e-08,5.0019546e-05,-0.00292979,0.0030296352,0.0,-2e-09,-0.00010001959,2.8e-09,0.0,1.2394865e-14,0.0004999783,-0.0004999584,-1.9899664e-08,2e-09,1.9999984e-09,0.0005155118,-0.0004655043,-5.0021546e-05,0.0,-7.835912e-13,0.00023374788,-0.0006840232,0.00045030558,0.0,1.6658565e-12,0.0008002384,-0.0001996411,-0.0006006277,0.0,-1.2653963e-12,0.00030715708,-0.0007487772,0.0004416344,0.0,4.1334534e-14,0.0005719937,-0.0004307525,-0.00014124728,-6.003145e-09,-2.8e-09,1.1627947e-06,-9.78667e-07,2.4487233e-17
0.09500251837166122,5.0,-5.0,0.0,1.0,-3.4521113e-06,0.999999,-2.9998484,3.67876e-05,2.0,2.9996727,-8.7832705e-05,-1.4097474,6.720685e-05,0.5982733,-2.6944565e-06,-4.9999895,-1.4,-6.082759e-13,0.000111060675,-0.00014999426,9.9998164e-05,0.00029997606,0.00029997606,-0.00029996055,-0.00029996055,0.00014097447,2.99138e-05,-2.0119855e-09,4.999811e-05,-0.0029298123,0.0030296363,0.0,-2e-09,-9.9998164e-05,2.8e-09,0.0,-6.9042257e-15,0.0004999673,-0.0004999694,2.01199e-09,2e-09,1.999998e-09,0.00051550055,-0.0004655145,-5.000011e-05,0.0,7.357519e-14,0.00023395754,-0.0006839036,0.0004499763,0.0,-1.7566543e-13,0.00079993386,-0.0002000276,-0.0005999366,0.0,1.344137e-13,0.00030745103,-0.0007483718,0.00044093502,0.0,-5.3889134e-15,0.0005718393,-0.00043087083,-0.00014097447,-5.9996967e-09,-2.8e-09,1.162793e-06,-9.786687e-07,6.716196e-17
0.09500280915650541,5.0,-5.0,0.0,1.0,2.7664396e-06,0.999999,-3.0000165,-3.7042664e-06,2.0,3.0000577,2.0546358e-05,-1.4100506,-1.6023761e-05,0.5982829,-1.6309076e-07,-4.9999895,-1.4,-6.0828296e-13,0.0001110909,-0.00015000065,0.00010000019,0.0003000037,0.0003000037,-0.00030000735,-0.00030000735,0.00014100505,2.9914152e-05,3.2353525e-10,5.0000137e-05,-0.0029298107,0.0030296366,0.0,-2e-09,-0.00010000019,2.8e-09,0.0,5.532878e-15,0.0004999685,-0.00049996824,-3.2354247e-10,2e-09,1.999998e-09,0.0005155016,-0.00046551353,-5.0002134e-05,0.0,-7.408534e-15,0.00023393665,-0.00068391673,0.00045001035,0.0,4.109272e-14,0.00079996634,-0.00019998559,-0.0006000111,0.0,-3.2047525e-14,0.00030741823,-0.0007484164,0.00044101244,0.0,-3.261815e-16,0.00057185657,-0.00043085756,-0.00014100505,-6.0000334e-09,-2.8e-09,1.1627931e-06,-9.786686e-07,4.1475183e-17
0.09500338556144423,5.0,-5.0,0.0,1.0,-1.1575418e-06,0.999999,-2.9999807,4.2842717e-06,2.0,2.9999623,-9.219162e-06,-1.409974,5.6426456e-06,0.59828055,-6.801609e-07,-4.9999895,-1.4,-6.082812e-13,0.00011108327,-0.00014999925,9.999979e-05,0.00029999713,0.00029999713,-0.00029999565,-0.00029999565,0.00014099733,2.9914063e-05,-2.7209066e-10,4.9999737e-05,-0.002929811,0.0030296366,0.0,-2e-09,-9.999979e-05,2.8e-09,0.0,-2.3150844e-15,0.0004999682,-0.00049996853,2.7209804e-10,2e-09,1.999998e-09,0.00051550136,-0.0004655137,-5.0001734e-05,0.0,8.568543e-15,0.00023394126,-0.00068391336,0.0004500024,0.0,-1.8438323e-14,0.0007999586,-0.00019999608,-0.0005999928,0.0,1.1285292e-14,0.0003074265,-0.00074840523,0.000440993,0.0,-1.3603218e-15,0.0005718522,-0.0004308609,-0.00014099733,-5.9999614e-09,-2.8e-09,1.1627931e-06,-9.786686e-07,-2.3303182e-17
0.097001,5.0,-5.0,0.0,1.0,-7.654211e-06,0.999999,-2.9999895,4.8369964e-07,2.0,2.9999754,-6.972606e-06,-1.4099928,-3.00123e-06,0.5982814,-2.5181382e-07,-4.9999895,-1.4,-6.0828165e-13,0.00011108518,-0.0001499995,9.9999976e-05,0.00029999824,0.00029999824,-0.00029999783,-0.00029999783,0.00014099927,2.9914083e-05,-4.0689555e-10,4.9999926e-05,-0.002929811,0.0030296366,0.0,-2e-09,-9.9999976e-05,2.8e-09,0.0,-1.5308423e-14,0.0004999681,-0.00049996853,4.0691078e-10,2e-09,1.999998e-09,0.0005155015,-0.0004655136,-5.0001923e-05,0.0,9.673992e-16,0.00023394026,-0.0006839137,0.00045000375,0.0,-1.39452125e-14,0.00079996034,-0.0001999946,-0.00059999607,0.0,-6.00246e-15,0.00030742458,-0.00074840744,0.0004409971,0.0,-5.0362763e-16,0.0005718533,-0.00043086006,-0.00014099927,-5.9999787e-09,-2.8e-09,1.1627931e-06,-9.786686e-07,-1.4998412e-17
0.0970011,5.0,-5.0,0.0,0.9,-3.685005e-06,0.90984595,-2.9383752,-0.0071331616,2.0,2.9502108,0.0059177894,-1.3901229,-0.0023971526,0.5978709,5.4929835e-05,-4.9999895,-1.4,-6.0781496e-13,0.00010912762,-0.0001465621,0.00010035666,0.0002944293,0.0002944293,-0.0002952608,-0.0002952608,0.0001390178,2.9890798e-05,3.5647383e-07,4.5848956e-05,-0.0029313657,0.0030315472,0.0,-1.8e-09,-0.00010035669,2.8e-09,0.0,-7.37001e-15,0.00050014665,-0.0004997902,-3.564996e-07,1.8e-09,1.819692e-09,0.00051496294,-0.00046912415,-4.5851542e-05,0.0,-1.4266324e-11,0.00024000127,-0.0006809713,0.0004409997,0.0,1.18355785e-11,0.00079449476,-0.0002048315,-0.0005896931,0.0,-4.7943056e-12,0.00030986668,-0.0007441332,0.00043428055,0.0,1.09859665e-13,0.00057073066,-0.00043171828,-0.00013901838,-5.87675e-09,-2.8e-09,1.1627315e-06,-9.787302e-07,-1.13549705e-17
0.09700130000000001,5.0,-5.0,0.0,0.7,-5.707037e-07,0.7159281,-2.7736516,-0.01443088,2.0,2.8005838,0.013465915,-1.3249965,-0.0059333923,0.59634435,0.0001536011,-4.9999895,-1.4,-6.061901e-13,0.00010270585,-0.00013796103,0.00010072155,0.00027871176,0.00027871178,-0.0002806517,-0.00028065173,0.00013251501,2.9809536e-05,7.2151545e-07,3.651795e-05,-0.002934831,0.0030353758,0.0,-1.4e-09,-0.00010072156,2.8e-09,0.0,-1.1414076e-15,0.00050032925,-0.0004996077,-7.2153057e-07,1.4e-09,1.4318562e-09,0.000513086,-0.00047657616,-3.6519847e-05,0.0,-2.886176e-11,0.0002563829,-0.0006730347,0.00041667977,0.0,2.693183e-11,0.0007789766,-0.00021963962,-0.00055936526,0.0,-1.18667845e-11,0.00031782658,-0.00073098106,0.0004131679,0.0,3.0720218e-13,0.000567067,-0.00043455765,-0.00013251536,-5.547303e-09,-2.8e-09,1.1625667e-06,-9.78895e-07,1.27882495e-17
0.09700160000000001,5.0,-5.0,0.0,0.4,5.8971985e-08,0.41610956,-2.481611,-0.016375214,2.0,2.514449,0.016418757,-1.1930646,-0.0076690526,0.59276193,0.00023266174,-4.9999895,-1.4,-6.0252926e-13,8.9703266e-05,-0.0001232618,0.00010081876,0.000249803,0.00024980304,-0.0002522118,-0.00025221182,0.00011932972,2.9626464e-05,8.187637e-07,2.1624239e-05,-0.0029393348,0.0030399747,0.0,-8e-10,-0.00010081876,2.8e-09,0.0,1.1794396e-16,0.0005003779,-0.00049955916,-8.187636e-07,8e-10,8.3221907e-10,0.0005085722,-0.00048695292,-2.1625074e-05,0.0,-3.275043e-11,0.00028519405,-0.0006582387,0.00037306975,0.0,3.2837514e-11,0.00075023726,-0.00024824787,-0.0005020148,0.0,-1.5338106e-11,0.00033408302,-0.0007056125,0.00037154154,0.0,4.6532347e-13,0.00055970816,-0.00044038444,-0.00011932973,-4.9632223e-09,-2.8e-09,1.1622744e-06,-9.791879e-07,-2.5273346e-19
0.097002,5.0,-5.0,0.0,0.0,5.0137537e-08,0.017159283,-2.0816712,-0.016127815,2.0,2.1124368,0.01538262,-1.0031579,-0.007015304,0.5869687,0.00026223686,-4.9999895,-1.4,-5.967065e-13,7.100668e-05,-0.00010327717,0.00010080639,0.00020970538,0.00020970541,-0.00021194521,-0.00021194523,0.00010034201,2.9335324e-05,8.0639325e-07,1.6643548e-06,-0.0029435125,0.003044137,0.0,0.0,-0.00010080639,2.8e-09,0.0,1.00275076e-16,0.00050037174,-0.0004995653,-8.0639325e-07,0.0,3.4318565e-11,0.0005007976,-0.00049913337,-1.6643892e-06,0.0,-3.225563e-11,0.00032395666,-0.0006369223,0.00031298673,0.0,3.0765238e-11,0.0007102076,-0.00028857836,-0.00042165062,0.0,-1.4030608e-11,0.0003578109,-0.000670088,0.00031228724,0.0,5.2447375e-13,0.00054920616,-0.00044887007,-0.00010034201,-4.1633426e-09,-2.8e-09,1.1618736e-06,-9.795915e-07,-2.1768747e-18
0.09700204000000001,5.0,-5.0,0.0,0.0,1.0477746e-06,0.007818083,-2.0555599,-0.011935077,2.0,2.0816672,0.013053541,-0.9877331,-0.006360181,0.5863903,0.00024749798,-4.9999895,-1.4,-5.961428e-13,6.9490925e-05,-0.00010218124,0.00010059676,0.00020686134,0.00020686137,-0.00020880274,-0.00020880275,9.879806e-05,2.930714e-05,5.9680616e-07,9.876579e-07,-0.0029438287,0.0030442434,0.0,0.0,-0.00010059676,2.8e-09,0.0,2.0955491e-15,0.00050026685,-0.00049967004,-5.9680616e-07,0.0,1.5636168e-11,0.0005004611,-0.0004994735,-9.876736e-07,0.0,-2.3870152e-11,0.00032649603,-0.00063552195,0.0003090467,0.0,2.610708e-11,0.0007073155,-0.00029167245,-0.0004156641,0.0,-1.2720362e-11,0.00035976258,-0.0006673534,0.00030760083,0.0,4.9499597e-13,0.00054836465,-0.0004495725,-9.879807e-05,-4.11112e-09,-2.8e-09,1.1618471e-06,-9.796191e-07,4.5514964e-18
0.09700212000000001,5.0,-5.0,0.0,0.0,1.3851893e-06,0.0008159608,-2.0237427,-0.00573128,2.0,2.039642,0.007949608,-0.9650726,-0.0043814722,0.58548313,0.00018650916,-4.9999895,-1.4,-5.9529665e-13,6.726108e-05,-0.00010090057,0.00010028656,0.00020316923,0.00020316924,-0.00020440234,-0.00020440236,9.652591e-05,2.9264831e-05,2.8663322e-07,3.2736202e-07,-0.0029442473,0.0030443522,0.0,0.0,-0.00010028656,2.8e-09,0.0,2.7703784e-15,0.00050011167,-0.00049982505,-2.8663325e-07,0.0,1.6319217e-12,0.0005001319,-0.0004998046,-3.2736364e-07,0.0,-1.1462559e-11,0.00032966395,-0.0006337174,0.00030407385,0.0,1.5899216e-11,0.0007034697,-0.0002959187,-0.0004075716,0.0,-8.762945e-12,0.00036257965,-0.0006634982,0.00030092828,0.0,3.7301835e-13,0.0005471287,-0.00045060864,-9.652591e-05,-4.0474855e-09,-2.8e-09,1.1618142e-06,-9.796547e-07,-2.7401092e-17
0.09700228000000001,5.0,-5.0,0.0,0.0,4.7652043e-07,-0.00019019615,-2.0036619,-0.0009628646,2.0,2.0076954,0.0020167783,-0.9456668,-0.0013945148,0.5846244,6.960595e-05,-4.9999895,-1.4,-5.945548e-13,6.53459e-05,-0.000100134945,0.00010004814,0.00020056785,0.00020056785,-0.00020090898,-0.000200909,9.457364e-05,2.922774e-05,4.8167056e-08,3.8633424e-08,-0.0029445253,0.003044392,0.0,0.0,-0.00010004814,2.8e-09,0.0,9.530407e-16,0.00049999246,-0.00049994426,-4.816706e-08,0.0,-3.8039233e-13,0.0004999876,-0.00049994903,-3.8633043e-08,0.0,-1.925729e-12,0.00033175416,-0.00063244073,0.0003007068,0.0,4.0335565e-12,0.00070063473,-0.00029917815,-0.00040147686,0.0,-2.7890299e-12,0.00036492528,-0.00066039833,0.00029548263,0.0,1.3921191e-13,0.00054606935,-0.00045150158,-9.457364e-05,-4.007324e-09,-2.8e-09,1.1617919e-06,-9.796828e-07,-3.5656593e-17
0.09700260000000001,5.0,-5.0,0.0,0.0,-1.577538e-08,4.072514e-06,-1.9998932,2.7707018e-05,2.0,1.9997667,-6.328459e-05,-0.9398269,4.3148717e-05,0.58432454,-2.6195298e-06,-4.9999895,-1.4,-5.943271e-13,6.476607e-05,-9.999605e-05,9.9998615e-05,0.000199983,0.000199983,-0.00019997235,-0.00019997235,9.398243e-05,2.921636e-05,-1.3861399e-09,-1.1817237e-09,-0.0029445677,0.0030443848,0.0,0.0,-9.9998615e-05,2.8e-09,0.0,-3.1550756e-17,0.00049996766,-0.00049996906,1.3830364e-09,0.0,8.1450265e-15,0.0004999678,-0.00049996894,1.1972072e-09,0.0,5.5414037e-14,0.00033217916,-0.000632142,0.00029998302,0.0,-1.2656918e-13,0.0006999395,-0.00030000438,-0.00039995532,0.0,8.6297445e-14,0.00036560238,-0.00065954763,0.00029395477,0.0,-5.2390584e-15,0.0005457495,-0.00045177294,-9.398243e-05,-3.9997867e-09,-2.8e-09,1.1617847e-06,-9.796997e-07,4.6375937e-17
0.09700289770230382,5.0,-5.0,0.0,0.0,3.951913e-08,-5.7630765e-05,-2.000115,-4.313146e-05,2.0,2.000267,7.6122815e-05,-0.94015896,-2.2714741e-05,0.58433956,-7.651718e-07,-4.9999895,-1.4,-5.9434017e-13,6.4798805e-05,-0.00010000359,0.00010000216,0.0002000191,0.0002000191,-0.00020002898,-0.00020002898,9.401582e-05,2.9217017e-05,2.158549e-09,-7.24965e-10,-0.0029445642,0.003044385,0.0,0.0,-0.000100002166,2.8e-09,0.0,7.903826e-17,0.00049996946,-0.00049996725,-2.1645403e-09,0.0,-1.1526157e-13,0.00049996795,-0.0004999687,7.5499546e-10,0.0,-8.626292e-14,0.00033215358,-0.00063216005,0.00030002664,0.0,1.5224562e-13,0.00069998094,-0.0002999531,-0.00040004807,0.0,-4.5429477e-14,0.000365563,-0.00065959827,0.0002940448,0.0,-1.5303417e-15,0.00054576754,-0.00045175763,-9.401582e-05,-4.00023e-09,-2.8e-09,1.1617828e-06,-9.797074e-07,6.0808886e-17
0.09700349310691142,5.0,-5.0,0.0,0.0,-1.269634e-08,2.4710249e-05,-1.9999617,1.5733332e-05,2.0,1.99992,-2.0867745e-05,-0.9399604,1.3596824e-06,0.5843324,-8.1661106e-08,-4.9999895,-1.4,-5.943324e-13,6.477941e-05,-9.999888e-05,9.999922e-05,0.00019999409,0.00019999409,-0.00019999186,-0.00019999186,9.399604e-05,2.9216626e-05,-7.8730195e-10,4.488451e-10,-0.0029445675,0.0030443852,0.0,0.0,-9.999922e-05,2.8e-09,0.0,-2.5392678e-17,0.00049996795,-0.00049996877,7.833081e-10,0.0,4.9420446e-14,0.00049996853,-0.0004999681,-4.289508e-10,0.0,3.1466664e-14,0.0003321713,-0.00063214806,0.00029999693,0.0,-4.1735485e-14,0.00069995376,-0.00029998805,-0.00039998593,0.0,2.7193643e-15,0.00036558736,-0.00065956573,0.0002939879,0.0,-1.6332038e-16,0.00054575683,-0.00045176668,-9.399603e-05,-3.9999235e-09,-2.8e-09,1.1617808e-06,-9.797149e-07,1.08929496e-17
0.09700468391612664,5.0,-5.0,0.0,0.0,5.137191e-09,-1.0990082e-05,-2.000003,-3.549576e-06,2.0,2.0000124,4.587946e-06,-0.94000286,2.0124546e-06,0.5843332,-8.6702676e-07,-4.9999895,-1.4,-5.9433404e-13,6.47835e-05,-9.999998e-05,0.00010000018,0.00020000078,0.00020000078,-0.00020000104,-0.00020000104,9.400021e-05,2.9216704e-05,1.7773501e-10,-3.7202538e-10,-0.0029445663,0.003044385,0.0,0.0,-0.00010000018,2.8e-09,0.0,1.02743814e-17,0.0004999684,-0.00049996824,-1.7773501e-10,0.0,-2.1980175e-14,0.0004999682,-0.00049996853,3.720476e-10,0.0,-7.099148e-15,0.00033216653,-0.0006321511,0.00030000476,0.0,9.175893e-15,0.00069996057,-0.00029997894,-0.00040000182,0.0,4.024906e-15,0.00036558183,-0.0006595736,0.00029400125,0.0,-1.7340521e-15,0.0005457591,-0.0004517648,-9.400021e-05,-4.0000065e-09,-2.8e-09,1.1617796e-06,-9.797196e-07,-9.250023e-18
0.09700706553455708,5.0,-5.0,0.0,0.0,-2.3114972e-09,5.242919e-06,-1.9999871,4.5508204e-06,2.0,1.9999776,-4.784983e-06,-0.9399891,2.1028973e-07,0.58433306,-4.484908e-07,-4.9999895,-1.4,-5.943335e-13,6.478219e-05,-9.999958e-05,9.999977e-05,0.00019999822,0.00019999822,-0.00019999772,-0.00019999772,9.399887e-05,2.9216679e-05,-2.2765656e-10,3.4605502e-11,-0.002944567,0.003044385,0.0,0.0,-9.999977e-05,2.8e-09,0.0,-4.6229946e-18,0.00049996824,-0.0004999685,2.2765656e-10,0.0,1.04858435e-14,0.00049996836,-0.00049996836,-3.461557e-11,0.0,9.101633e-15,0.00033216836,-0.00063215,0.0003000018,0.0,-9.569966e-15,0.00069995807,-0.00029998232,-0.00039999594,0.0,4.2057558e-16,0.0003655837,-0.0006595708,0.0002939966,0.0,-8.969808e-16,0.00054575835,-0.0004517654,-9.399887e-05,-3.999974e-09,-2.8e-09,1.1617791e-06,-9.797212e-07,-6.2331744e-18
0.09997335526930952,5.0,-5.0,0.0,0.0,6.7310335e-10,-1.227454e-06,-1.9999937,1.2724728e-06,2.0,1.9999909,-1.3368841e-06,-0.93999386,1.3185805e-06,0.5843331,-6.3976813e-07,-4.9999895,-1.4,-5.943337e-13,6.478261e-05,-9.999975e-05,9.999993e-05,0.00019999922,0.00019999922,-0.00019999896,-0.00019999896,9.399932e-05,2.9216688e-05,-6.3589876e-11,-1.249963e-10,-0.0029445668,0.003044385,0.0,0.0,-9.999994e-05,2.8e-09,0.0,1.3462067e-18,0.00049996836,-0.00049996836,6.2269155e-11,0.0,-2.4549228e-15,0.0004999683,-0.0004999684,1.4901265e-10,0.0,2.5449478e-15,0.00033216766,-0.0006321504,0.00030000292,0.0,-2.6737669e-15,0.000699959,-0.00029998107,-0.00039999813,0.0,2.6371636e-15,0.00036558305,-0.0006595718,0.00029399822,0.0,-1.2795359e-15,0.0005457586,-0.0004517652,-9.39993e-05,-3.9999875e-09,-2.8e-09,1.1617791e-06,-9.797211e-07,-5.797443e-17
0.09998735966429682,5.0,-5.0,0.0,0.0,4.1030113e-09,-1.1685644e-05,-1.9999995,-2.7764424e-06,2.0,2.0000033,1.9474749e-06,-0.93999636,3.5383612e-06,0.58433294,-9.1272415e-07,-4.9999895,-1.4,-5.943338e-13,6.478288e-05,-9.999983e-05,0.000100000136,0.00020000013,0.00020000013,-0.00019999998,-0.00019999998,9.3999544e-05,2.9216691e-05,1.3902746e-10,-4.4545936e-10,-0.0029445665,0.003044385,0.0,0.0,-0.000100000136,2.8e-09,0.0,8.206021e-18,0.0004999684,-0.0004999683,-1.372431e-10,0.0,-2.3371243e-14,0.0004999682,-0.00049996853,4.1249226e-10,0.0,-5.5528816e-15,0.0003321669,-0.0006321508,0.00030000406,0.0,3.8949523e-15,0.00069995987,-0.00029997982,-0.00040000022,0.0,7.076714e-15,0.00036558256,-0.00065957266,0.00029399962,0.0,-1.8254485e-15,0.00054575875,-0.00045176508,-9.399957e-05,-3.9999986e-09,-2.8e-09,1.1617791e-06,-9.797212e-07,1.8851671e-17
0.09999335966429683,5.0,-5.0,0.0,0.0,-4.516342e-09,1.4885643e-05,-1.9999835,7.8396715e-06,2.0,1.9999727,-5.43579e-06,-0.939992,-3.3202682e-06,0.58433354,-1.4960806e-07,-4.9999895,-1.4,-5.9433366e-13,6.4782485e-05,-9.999957e-05,9.999961e-05,0.00019999781,0.00019999781,-0.0001999976,-0.0001999976,9.399919e-05,2.9216684e-05,-3.9220954e-10,3.5229936e-10,-0.0029445672,0.0030443852,0.0,0.0,-9.999961e-05,2.8e-09,0.0,-9.032684e-18,0.0004999682,-0.00049996853,3.912101e-10,0.0,2.977127e-14,0.00049996853,-0.0004999682,-3.3237518e-10,0.0,1.5679349e-14,0.00033216877,-0.00063214987,0.00030000132,0.0,-1.0871582e-14,0.0006999579,-0.00029998276,-0.00039999533,0.0,-6.640546e-15,0.00036558355,-0.0006595708,0.00029399674,0.0,-2.9921659e-16,0.0005457585,-0.00045176526,-9.399917e-05,-3.999967e-09,-2.8e-09,1.1617791e-06,-9.797212e-07,-8.203726e-17
0.09999635966429683,5.0,-5.0,0.0,0.0,-2.2755209e-09,9.07407e-06,-1.9999877,5.334698e-06,2.0,1.999981,-3.3299627e-06,-0.93999386,-1.8963159e-06,0.5843334,-3.2798548e-07,-4.9999895,-1.4,-5.943337e-13,6.478265e-05,-9.9999656e-05,9.9999736e-05,0.00019999844,0.00019999844,-0.00019999829,-0.00019999829,9.3999355e-05,2.9216688e-05,-2.6684863e-10,1.8696837e-10,-0.002944567,0.0030443852,0.0,0.0,-9.9999736e-05,2.8e-09,0.0,-4.5510373e-18,0.0004999682,-0.0004999685,2.6568067e-10,0.0,1.8148116e-14,0.0004999684,-0.0004999683,-1.6691833e-10,0.0,1.0669399e-14,0.0003321683,-0.00063215016,0.00030000205,0.0,-6.6599266e-15,0.0006999584,-0.00029998194,-0.00039999667,0.0,-3.7926294e-15,0.00036558323,-0.0006595713,0.0002939976,0.0,-6.5597085e-16,0.00054575864,-0.00045176517,-9.399934e-05,-3.9999755e-09,-2.8e-09,1.1617791e-06,-9.797212e-07,-3.54148e-18
0.09999799999999999,5.0,-5.0,0.0,0.0,1.2664461e-09,-3.7469617e-06,-1.9999942,5.1714113e-07,2.0,1.999992,-1.0779765e-06,-0.93999314,2.0901148e-06,0.584333,-7.091124e-07,-4.9999895,-1.4,-5.943337e-13,6.4782565e-05,-9.9999736e-05,9.9999976e-05,0.00019999931,0.00019999931,-0.00019999899,-0.00019999899,9.3999246e-05,2.9216686e-05,-2.5793987e-11,-2.1320581e-10,-0.0029445668,0.003044385,0.0,0.0,-9.9999976e-05,2.8e-09,0.0,2.532892e-18,0.0004999683,-0.00049996836,2.5837856e-11,0.0,-7.493936e-15,0.00049996824,-0.0004999685,2.1249937e-10,0.0,1.0342839e-15,0.00033216758,-0.00063215045,0.00030000307,0.0,-2.1559523e-15,0.00069995906,-0.00029998095,-0.0003999983,0.0,4.180229e-15,0.00036558308,-0.00065957184,0.00029399825,0.0,-1.4182244e-15,0.0005457586,-0.00045176523,-9.3999246e-05,-3.9999883e-09,-2.8e-09,1.1617791e-06,-9.797211e-07,-6.728138e-17
0.09999871932859368,5.0,-5.0,0.0,0.0,3.2787377e-09,-2.6706171e-05,-2.0000026,-7.3351557e-06,2.0,1.9999975,-2.6009614e-06,-0.9399832,1.0606249e-05,0.584332,-1.2889312e-06,-4.9999895,-1.4,-5.943333e-13,6.478153e-05,-9.9999765e-05,0.00010000036,0.00020000001,0.00020000001,-0.00019999869,-0.00019999869,9.399819e-05,2.9216664e-05,3.669216e-10,-9.68551e-10,-0.002944566,0.0030443848,0.0,0.0,-0.00010000036,2.8e-09,0.0,6.5574706e-18,0.00049996853,-0.0004999681,-3.6672235e-10,0.0,-5.3412332e-14,0.0004999679,-0.0004999688,9.659176e-10,0.0,-1.4670321e-14,0.00033216682,-0.0006321504,0.0003000038,0.0,-5.201924e-15,0.0006999592,-0.00029998066,-0.00039999868,0.0,2.1212493e-14,0.0003655839,-0.00065957126,0.00029399688,0.0,-2.5778624e-15,0.000545758,-0.0004517657,-9.399819e-05,-4.000005e-09,-2.8e-09,1.1617791e-06,-9.797211e-07,-3.1248154e-17
0.09999943865718737,5.0,-5.0,0.0,0.0,-7.2806355e-10,6.1532396e-06,-1.9999895,4.1701405e-06,2.0,1.9999858,-1.7837033e-06,-0.9399954,-1.3506001e-06,0.58433336,-4.2555564e-07,-4.9999895,-1.4,-5.943338e-13,6.4782806e-05,-9.9999685e-05,9.999979e-05,0.00019999877,0.00019999877,-0.00019999873,-0.00019999873,9.399949e-05,2.921669e-05,-2.0854347e-10,9.915518e-11,-0.002944567,0.003044385,0.0,0.0,-9.999979e-05,2.8e-09,0.0,-1.456127e-18,0.00049996824,-0.0004999685,2.0875142e-10,0.0,1.2306494e-14,0.00049996836,-0.0004999683,-1.012943e-10,0.0,8.3402735e-15,0.00033216804,-0.00063215033,0.00030000246,0.0,-3.5674017e-15,0.00069995876,-0.00029998145,-0.0003999975,0.0,-2.7012037e-15,0.000365583,-0.0006595717,0.00029399822,0.0,-8.511114e-16,0.0005457587,-0.00045176508,-9.399949e-05,-3.999979e-09,-2.8e-09,1.1617791e-06,-9.797212e-07,7.5379505e-18
0.09999999999999999,5.0,-5.0,0.0,0.0,1.0736656e-10,-1.63644e-05,-1.9999977,-3.5289631e-06,2.0,1.9999899,-3.9161932e-06,-0.9399855,6.6188295e-06,0.58433247,-9.314697e-07,-4.9999895,-1.4,-5.943334e-13,6.4781794e-05,-9.9999714e-05,0.00010000018,0.00019999938,0.00019999938,-0.00019999832,-0.00019999832,9.399846e-05,2.921667e-05,1.7645352e-10,-6.417715e-10,-0.0029445663,0.003044385,0.0,0.0,-0.00010000018,2.8e-09,0.0,2.1473609e-19,0.0004999684,-0.0004999683,-1.76271e-10,0.0,-3.2728784e-14,0.000499968,-0.00049996865,6.400769e-10,0.0,-7.0579325e-15,0.0003321673,-0.0006321503,0.0003000031,0.0,-7.832378e-15,0.0006999588,-0.00029998127,-0.00039999772,0.0,1.3237658e-14,0.0003655838,-0.00065957115,0.0002939968,0.0,-1.8629395e-15,0.0005457582,-0.00045176558,-9.399846e-05,-3.999996e-09,-2.8e-09,1.1617791e-06,-9.797212e-07,-3.488717e-18
